lemme,cgram,gender,freqlivres_total,french_formatted,english
de,PRE,,38928.92,de,of
la,ART:def,,24877.3,la,the
être,VER,,21709.87,être,be
et,CON,,20879.73,et,And
le,ART:def,,20735.14,le,the
avoir,AUX,,19230.64,avoir,to have
à,PRE,,19209.05,à,has
les,ART:def,,16074.53,les,THE
il,PRO:per,,15832.16,il,The
l',ART:def,,15734.74,l',l'
un,ART:ind,,13946.36,un,and
ne,ADV,,13852.97,ne,is
d',PRE,,11876.35,d',d'
en,PRE,,11402.97,en,in
je,PRO:per,,10862.77,je,is
des,ART:ind,,10624.93,des,of the
une,ART:ind,,9830.81,une,a
pas,ADV,,9129.33,pas,not
dans,PRE,,8296.08,dans,In
qui,PRO:rel,,7923.25,qui,Who
elle,PRO:per,,6991.49,elle,She
du,ART:def,,6882.16,du,of
se,PRO:per,,6587.77,se,with
pour,PRE,,6214.19,pour,For
s',PRO:per,,5929.73,s',s'
tout,ADV,,5929.59,tout,All
ce,PRO:dem,,5395.13,ce,This
sur,PRE,,5336.6900000000005,sur,on
faire,VER,,5328.99,faire,TO DO
au,ART:def,,5322.5,au,At
plus,ADV,,5034.87,plus,plus
dire,VER,,4863.93,dire,say
on,PRO:per,,4838.38,on,on
son,ADJ:pos,,4763.98,son,son
mais,CON,,4465.27,mais,more
me,PRO:per,,4264.32,me,me
lui,PRO:per,,4225.14,lui,his
avec,PRE,,4000.41,avec,with
nous,PRO:per,,3867.84,nous,We
comme,CON,,3795.0,comme,as
par,PRE,,3739.25,par,about
sa,ADJ:pos,,3732.43,sa,on
vous,PRO:per,,3507.16,vous,YOU
que,PRO:rel,,3315.9500000000003,que,what
y,PRO:per,,3113.38,y,and
ses,ADJ:pos,,3105.41,ses,his
aller,VER,,2863.71,aller,go
ils,PRO:per,,2809.53,ils,they
pouvoir,VER,,2767.66,pouvoir,power
bien,ADV,,2641.89,bien,GOOD
tu,PRO:per,,2543.8500000000004,tu,there
ça,PRO:dem,,2483.65,ça,That
ou,CON,,2429.86,ou,or
voir,VER,,2401.76,voir,see
cette,ADJ:dem,,2320.68,cette,this
mon,ADJ:pos,,2307.97,mon,My
sans,PRE,,2224.12,sans,without
même,ADV,,2219.19,même,even
où,PRO:rel,,2068.11,où,Or
savoir,VER,,2045.01,savoir,know
aux,ART:def,,1907.57,aux,to
moi,PRO:per,,1880.95,moi,me
si,CON,,1859.12,si,and
petit,ADJ,,1737.03,petit,little
ma,ADJ:pos,,1667.16,ma,and
vouloir,VER,,1642.73,vouloir,to want
peu,NOM,m,1586.96,le peu,the little
encore,ADV,,1579.05,encore,Again
deux,ADJ:num,,1557.91,deux,two
ces,ADJ:dem,,1547.5,ces,these
rien,PRO:ind,,1547.1,rien,Nothing
autre,ADJ,,1541.23,autre,other
venir,VER,,1514.53,venir,come
quand,CON,,1480.75,quand,When
prendre,VER,,1466.44,prendre,take
homme,NOM,m,1398.85,le homme,the man
grand,ADJ,,1378.1,grand,grand
devoir,VER,,1373.74,devoir,duty
aussi,ADV,,1359.86,aussi,Also
jour,NOM,m,1341.76,le jour,the day
temps,NOM,m,1289.39,le temps,the time
falloir,VER,,1250.41,falloir,to need
oeil,NOM,m,1234.6,le oeil,the eye
main,NOM,f,1229.4,la main,the hand
passer,VER,,1165.27,passer,fits
fois,NOM,f,1140.0,la fois,the time
non,ADV,,1139.19,non,non
jamais,ADV,,1122.97,jamais,Never
très,ADV,,1120.81,très,very
puis,CON,,1109.19,puis,Then
parler,VER,,1095.08,parler,talk
là,ADV,,1093.92,là,To be
toujours,ADV,,1093.78,toujours,always
mettre,VER,,1083.7,mettre,put
chose,NOM,f,1057.63,la chose,the thing
alors,ADV,,1033.78,alors,SO
sous,PRE,,1032.7,sous,below
mes,ADJ:pos,,1023.11,mes,we
bon,ADJ,,1016.01,bon,good
vers,PRE,,999.19,vers,towards
regarder,VER,,997.9,regarder,look
femme,NOM,f,995.74,la femme,the woman
seul,ADJ,,990.34,seul,alone
demander,VER,,984.48,demander,ask
trouver,VER,,972.5,trouver,find
dont,PRO:rel,,960.34,dont,of which
après,PRE,,958.78,après,After
suivre,VER,,949.13,suivre,follow
croire,VER,,947.25,croire,believe
heure,NOM,f,924.05,la heure,the time
tête,NOM,f,923.45,la tête,the head
leurs,ADJ:pos,,896.0799999999999,leurs,their
donner,VER,,896.03,donner,give
penser,VER,,869.8,penser,think
vie,NOM,f,853.3100000000001,la vie,the life
laisser,VER,,851.56,laisser,to leave 
premier,ADJ,,846.49,premier,premier
coup,NOM,m,837.6999999999999,le coup,the blow
entre,PRE,,833.99,entre,between
aimer,VER,,795.62,aimer,to like
rester,VER,,793.75,rester,stay
trop,ADV,,790.0,trop,too much
devant,PRE,,782.64,devant,in front
t',PRO:per,,779.93,t',t'
te,PRO:per,,774.32,te,the
mère,NOM,f,761.2800000000001,la mère,the mother
cela,PRO:dem,,741.82,cela,that
monde,NOM,m,741.3499999999999,le monde,the world
tenir,VER,,741.22,tenir,to have
nuit,NOM,f,738.24,la nuit,the night
avant,PRE,,737.84,avant,Before
moins,ADV,,735.2099999999999,moins,less
quelques,ADJ:ind,,732.57,quelques,a few
enfant,NOM,m,725.6800000000001,le enfant,the child
père,NOM,m,723.52,le père,the father
arriver,VER,,723.07,arriver,arrive
entendre,VER,,719.17,entendre,hear
sentir,VER,,718.79,sentir,to feel
attendre,VER,,706.66,attendre,to wait for
déjà,ADV,,705.54,déjà,already
vieux,ADJ,,698.71,vieux,old (masculine)
peut-être,ADV,,697.97,peut-être,maybe
air,NOM,m,690.81,le air,the air
moment,NOM,m,688.24,le moment,the moment
an,NOM,m,685.81,le an,with the
notre,ADJ:pos,,680.68,notre,OUR
chez,PRE,,680.54,chez,at the house of
beau,ADJ,,674.6,beau,beau
quelque,ADJ:ind,,669.26,quelque,some
ni,CON,,662.36,ni,in
trois,ADJ:num,,660.34,trois,three
depuis,PRE,,656.6899999999999,depuis,Since
sortir,VER,,638.1899999999999,sortir,to go out
oui,ADV,,637.57,oui,Yes
connaître,VER,,629.26,connaître,to know
porte,NOM,f,617.4300000000001,la porte,the door
jeune,ADJ,,617.1,jeune,young
long,NOM,m,616.9499999999999,le long,the long
comprendre,VER,,614.79,comprendre,to understand
voix,NOM,f,612.7,la voix,the voice
elles,PRO:per,,605.14,elles,they
noir,ADJ,,599.12,noir,noir
contre,PRE,,596.9599999999999,contre,against
quoi,PRO:rel,,592.5699999999999,quoi,What
fille,NOM,f,592.23,la fille,the daughter
nos,ADJ:pos,,579.19,nos,us
maison,NOM,f,575.33,la maison,the house
sembler,VER,,572.84,sembler,seem
côté,NOM,m,566.48,le côté,the side
mort,NOM,f,565.88,la mort,death
visage,NOM,m,565.0,le visage,the face
rue,NOM,f,562.98,la rue,the street
soir,NOM,m,562.64,le soir,The evening
mal,ADV,,554.81,mal,just
mot,NOM,m,553.78,le mot,the word
devenir,VER,,536.37,devenir,become
personne,PRO:ind,,521.96,personne,person
eux,PRO:per,,504.26,eux,them
blanc,ADJ,,502.92,blanc,blanc
cet,ADJ:dem,,497.5,cet,this
maintenant,ADV,,496.76,maintenant,NOW
ouvrir,VER,,492.51,ouvrir,open
revenir,VER,,490.56,revenir,to come back
dernier,ADJ,,489.19,dernier,last
car,CON,,489.19,car,car
bras,NOM,m,487.97,le bras,the arm
pied,NOM,m,486.42,le pied,the foot
pourquoi,CON,,486.36,pourquoi,Why
chaque,ADJ:ind,,486.35,chaque,each
partir,VER,,485.69,partir,leave
ici,ADV,,483.65,ici,here
corps,NOM,m,480.34,le corps,the body
sourire,NOM,m,478.26,le sourire,the smile
nouveau,NOM,m,478.04,le nouveau,the new
porter,VER,,477.3,porter,porter
rire,VER,,476.03,rire,laugh
vivre,VER,,470.72,vivre,live
ainsi,ADV,,469.46,ainsi,Thus
place,NOM,f,468.58,la place,the square
rendre,VER,,468.11,rendre,give back
vrai,ADJ,,467.84,vrai,TRUE
répondre,VER,,466.79,répondre,answer
presque,ADV,,465.54,presque,almost
appeler,VER,,465.33,appeler,to call
pendant,PRE,,464.39,pendant,during
français,ADJ,,463.46,français,French
arrêter,VER,,462.5,arrêter,Stop
beaucoup,ADV,,461.42,beaucoup,a lot
eau,NOM,f,459.87,la eau,the water
ton,ADJ:pos,,456.83,ton,ton
terre,NOM,f,452.91,la terre,the earth
loin,ADV,,452.36,loin,far
toi,PRO:per,,450.34,toi,You
lever,VER,,449.88,lever,lever
derrière,PRE,,449.19,derrière,behind
chercher,VER,,449.0,chercher,seek
paraître,VER,,448.13,paraître,to seem/appear
donc,CON,,445.88,donc,SO
près,PRE,,442.37,près,close
tomber,VER,,441.41,tomber,to fall
enfin,ADV,,440.27,enfin,Finally
plein,ADJ,,437.37,plein,full
mieux,ADV,,437.37,mieux,better
tant,ADV,,436.42,tant,so much
votre,ADJ:pos,,427.91,votre,your
leur,PRO:per,,427.5,leur,their
regard,NOM,m,423.17,le regard,the look
commencer,VER,,421.9,commencer,to start
comment,CON,,421.22,comment,comment
assez,ADV,,420.14,assez,enough
finir,VER,,418.0,finir,finish
retrouver,VER,,416.22,retrouver,find
fin,NOM,f,414.13,la fin,the end
chambre,NOM,f,413.31,la chambre,the room
sûr,ADJ,,412.97,sûr,on
souvenir,NOM,m,412.48,le souvenir,the memory
haut,NOM,m,412.09,le haut,the top
gens,NOM,m,409.39,le gens,the people
poser,VER,,409.09,poser,to set down
fait,NOM,m,407.3,le fait,the fact
monter,VER,,404.61,monter,to go up
amour,NOM,m,403.92,le amour,love
coeur,NOM,m,400.75,le coeur,the heart
peine,NOM,f,399.52,la peine,the pain
entrer,VER,,398.4,entrer,enter
bout,NOM,m,398.11,le bout,the end
seulement,ADV,,397.97,seulement,only
point,NOM,m,397.97,le point,the point
matin,NOM,m,396.75,le matin,The morning
dieu,NOM,m,396.48,le dieu,the god
asseoir,VER,,395.33,asseoir,sit down
nom,NOM,m,395.0,le nom,the name
mourir,VER,,391.1,mourir,die
gros,ADJ,,391.01,gros,fat
tirer,VER,,383.23,tirer,to pull
ami,NOM,m,380.08,le ami,the friend
table,NOM,f,379.8,la table,the table
perdre,VER,,377.36,perdre,lose
tourner,VER,,377.11,tourner,turn
fond,NOM,m,376.15,le fond,the bottom
pourtant,ADV,,375.68,pourtant,Yet
année,NOM,f,375.54,la année,the year
autres,PRO:ind,,375.28,autres,others
fort,ADV,,365.75,fort,fort
autour,ADV,,363.58,autour,around
tard,ADV,,362.64,tard,late
histoire,NOM,f,359.53000000000003,la histoire,the story
droit,NOM,m,359.0,le droit,the right
instant,NOM,m,358.98,le instant,the moment
guerre,NOM,f,354.6,la guerre,the war
ville,NOM,f,352.97,la ville,the city
vite,ADV,,351.89,vite,quickly
doute,NOM,m,350.07000000000005,le doute,doubt
force,NOM,f,349.59,la force,the force
ailleurs,ADV,,346.35,ailleurs,elsewhere
écrire,VER,,341.82,écrire,to write
rouge,ADJ,,341.62,rouge,rouge
reprendre,VER,,340.15000000000003,reprendre,to resume
jeter,VER,,338.48,jeter,to throw (away)
lit,NOM,m,338.17,le lit,the bed
bas,NOM,m,337.29,le bas,the downstairs
jouer,VER,,337.24,jouer,play
longtemps,ADV,,335.54,longtemps,a long time
lire,VER,,335.05,lire,read
soleil,NOM,m,334.39,le soleil,the sun
général,NOM,m,332.3,le général,the general
voilà,PRE,,329.12,voilà,There
question,NOM,f,328.45,la question,the question
idée,NOM,f,328.44,la idée,the idea
parce que,CON,,327.7,parce que,because
marcher,VER,,325.62,marcher,to walk
silence,NOM,m,325.54,le silence,the silence
monsieur,NOM,m,324.87,le monsieur,the gentleman
est-ce que,ADV,,322.23,est-ce que,is it that
part,NOM,f,320.41,la part,the share
celui,PRO:dem,,319.19,celui,the one
quitter,VER,,318.72,quitter,to leave
mur,NOM,m,317.77,le mur,the wall
écouter,VER,,314.08,écouter,listen
peur,NOM,f,311.69,la peur,fear
ceux,PRO:dem,,309.86,ceux,those
raison,NOM,f,308.78,la raison,the reason
tour,NOM,f,308.72,la tour,the tower
sorte,NOM,f,307.16,la sorte,the kind
ciel,NOM,m,305.21,le ciel,the sky
mois,NOM,m,304.86,le mois,the month
descendre,VER,,301.65,descendre,to come down
celle,PRO:dem,,299.46,celle,that
bois,NOM,m,299.46,le bois,the wood
ah,ONO,,297.16,ah,ah
essayer,VER,,296.7,essayer,to try
surtout,ADV,,294.33,surtout,Above all
retourner,VER,,290.87,retourner,return
pousser,VER,,288.96,pousser,push
épaule,NOM,f,288.72,la épaule,the shoulder
train,NOM,m,288.64,le train,the train
route,NOM,f,288.04,la route,the road
parfois,ADV,,287.36,parfois,sometimes
oublier,VER,,286.97,oublier,forget
souvent,ADV,,286.96,souvent,often
apprendre,VER,,286.7,apprendre,learn
livre,NOM,m,286.49,le livre,the book
servir,VER,,286.24,servir,serve
juste,ADJ,,285.27,juste,fair
tendre,VER,,284.76,tendre,tender
manger,VER,,284.67,manger,eat
bouche,NOM,f,283.45,la bouche,the mouth
voiture,NOM,f,283.11,la voiture,the car
continuer,VER,,282.79,continuer,continue
quatre,ADJ:num,,282.64,quatre,four
bruit,NOM,m,281.49,le bruit,the noise
plutôt,ADV,,280.74,plutôt,instead
fenêtre,NOM,f,280.2,la fenêtre,the window
rentrer,VER,,279.93,rentrer,to return
façon,NOM,f,277.3,la façon,the way
montrer,VER,,276.58,montrer,to show
boire,VER,,276.36,boire,drink
pièce,NOM,f,276.35,la pièce,the play (in theatre)
suite,NOM,f,275.81,la suite,the sequel
dès,PRE,,275.07,dès,of the
famille,NOM,f,274.39,la famille,the family
vraiment,ADV,,274.32,vraiment,Really
lumière,NOM,f,274.26,la lumière,the light
soudain,ADV,,272.57,soudain,suddenly
geste,NOM,m,271.08,le geste,the gesture
face,NOM,f,270.88000000000005,la face,to do it
cheveu,NOM,m,270.68,le cheveu,the hair
lieu,NOM,m,267.57,le lieu,the place
besoin,NOM,m,266.62,le besoin,the need
quel,ADJ:int,,265.34,quel,that
bleu,ADJ,,263.85,bleu,blue
travail,NOM,m,263.45,le travail,the work
courir,VER,,263.42,courir,run
garçon,NOM,m,262.5,le garçon,the boy
raconter,VER,,261.9,raconter,tell
dormir,VER,,259.09,dormir,sleep
envie,NOM,f,258.1,la envie,the desire
mer,NOM,f,257.56,la mer,the sea
garder,VER,,257.51,garder,keep
milieu,NOM,m,256.28,le milieu,the middle
doigt,NOM,m,256.15,le doigt,the finger
lettre,NOM,f,256.02,la lettre,the letter
affaire,NOM,f,253.38,la affaire,the case
feu,NOM,m,252.57,le feu,the fire
ta,ADJ:pos,,251.69,ta,facing
travers,NOM,m,247.64,le travers,the cross
fils,NOM,m,247.64,le fils,the son
changer,VER,,246.49,changer,changer
quelle,ADJ:int,,244.39,quelle,those
pays,NOM,m,241.55,le pays,the country
imaginer,VER,,241.18,imaginer,imagine
pauvre,ADJ,,241.01,pauvre,poor
autant,ADV,,240.41,autant,as much
crier,VER,,239.74,crier,crier
tous,PRO:ind,,238.72,tous,all
froid,ADJ,,237.76,froid,cold
ordre,NOM,m,235.34,le ordre,the order
aucun,ADJ:ind,,234.13,aucun,none
expliquer,VER,,233.9,expliquer,explain
plaisir,NOM,m,233.85,le plaisir,the pleasure
ombre,NOM,f,233.45,la ombre,the shadow
apercevoir,VER,,233.12,apercevoir,to notice
chemin,NOM,m,231.42,le chemin,the path
verre,NOM,m,230.06,le verre,the glass
glisser,VER,,229.33,glisser,slide
reconnaître,VER,,229.23,reconnaître,recognize
bord,NOM,m,228.1,le bord,the edge
vide,ADJ,,226.35,vide,empty
possible,ADJ,,224.79,possible,possible
ajouter,VER,,224.72,ajouter,add
recevoir,VER,,224.47,recevoir,receive
gauche,NOM,f,224.18,la gauche,the left
propre,ADJ,,222.57,propre,clean
lèvre,NOM,f,222.02,la lèvre,the lip
présent,NOM,m,221.75,le présent,the present
jambe,NOM,f,220.94,la jambe,the leg
cinq,ADJ:num,,220.61,cinq,five
vent,NOM,m,220.28,le vent,the wind
fou,ADJ,,220.12,fou,new
occuper,VER,,219.81,occuper,occupy
agir,VER,,219.75,agir,act
plusieurs,ADJ:ind,,218.44,plusieurs,several
état,NOM,m,218.18,le état,the state
sens,NOM,m,217.5,le sens,the meaning
âge,NOM,m,217.43,le âge,the age
cas,NOM,m,217.36,le cas,the case
frère,NOM,m,216.35,le frère,the brother
esprit,NOM,m,216.29,le esprit,the spirit
salle,NOM,f,215.82,la salle,the room
décider,VER,,214.21,décider,decide
offrir,VER,,214.0,offrir,to offer
dos,NOM,m,213.99,le dos,the back
partie,NOM,f,211.48,la partie,the part
dix,ADJ:num,,209.86,dix,ten
l'un,PRO:ind,,208.92,l'un,mon
arbre,NOM,m,208.58,le arbre,the tree
ensemble,ADV,,208.52,ensemble,together
compte,NOM,m,208.38,le compte,the account
serrer,VER,,207.52,serrer,to squeeze
mauvais,ADJ,,207.44,mauvais,bad
sang,NOM,m,207.29,le sang,and high
lorsque,CON,,207.16,lorsque,when
d'autres,ADJ:ind,,206.28,d'autres,others
chef,NOM,m,205.95,le chef,the chief
coucher,VER,,205.16,coucher,to sleep
compter,VER,,203.73,compter,count
madame,NOM,f,203.45,la madame,the lady
papier,NOM,m,203.1,le papier,the paper
or,NOM,m,202.84,le or,le or
travailler,VER,,202.72,travailler,to work
remettre,VER,,202.53,remettre,to put back
lui-même,PRO:per,,202.3,lui-même,himself
rappeler,VER,,202.27,rappeler,remind
minute,NOM,f,201.42,la minute,in minutes
aucune,ADJ:ind,,200.95,aucune,none
traverser,VER,,200.84,traverser,to cross
argent,NOM,m,200.61,le argent,the money
toucher,VER,,200.41,toucher,to touch
répéter,VER,,200.13,répéter,repeat
toute,ADJ:ind,,199.46,toute,all
coin,NOM,m,199.25,le coin,the corner
couleur,NOM,f,198.72,la couleur,the color
découvrir,VER,,198.2,découvrir,discover
journal,NOM,m,197.7,le journal,the newspaper
manquer,VER,,197.63,manquer,miss
semaine,NOM,f,197.5,la semaine,the week
cause,NOM,f,197.3,la cause,the cause
fermer,VER,,197.19,fermer,close
oh,ONO,,197.09,oh,oh
approcher,VER,,196.15,approcher,approach
heureux,ADJ,,195.68,heureux,happy
odeur,NOM,f,195.67,la odeur,the smell
avancer,VER,,194.99,avancer,move forward
oreille,NOM,f,194.13,la oreille,the ear
café,NOM,m,192.76,le café,coffee
effet,NOM,m,192.37,le effet,the effect
malgré,PRE,,191.55,malgré,despite
nu,ADJ,,191.28,nu,not
aussitôt,ADV,,189.93,aussitôt,right away
pierre,NOM,f,189.86,la pierre,the stone
image,NOM,f,188.92,la image,the image
rencontrer,VER,,188.54,rencontrer,meet
chacun,PRO:ind,,187.84,chacun,each
peau,NOM,f,187.77,la peau,the skin
intérieur,NOM,m,186.48,le intérieur,the interior
jardin,NOM,m,185.81,le jardin,the garden
laquelle,PRO:rel,,185.27,laquelle,which
chien,NOM,m,184.6,le chien,the dog
ancien,ADJ,,184.53,ancien,ancient
permettre,VER,,184.2,permettre,allow
type,NOM,m,184.19,le type,the guy
disparaître,VER,,183.32,disparaître,disappear
mouvement,NOM,m,182.98,le mouvement,the movement
certain,ADJ,,182.64,certain,certain
battre,VER,,182.38,battre,beat
cacher,VER,,181.89,cacher,hide
gagner,VER,,180.92,gagner,earn
gris,ADJ,,180.6,gris,gray
vos,ADJ:pos,,180.27,vos,your
lourd,ADJ,,179.86,lourd,heavy
vert,ADJ,,179.8,vert,Green
journée,NOM,f,179.39,la journée,the day
partout,ADV,,179.39,partout,everywhere
cheval,NOM,m,179.26,le cheval,the horse
secret,NOM,m,179.11,le secret,the secret
foutre,VER,,178.74,foutre,fuck
parole,NOM,f,178.31,la parole,the words
allemand,NOM,m,178.11,le allemand,the german
cesser,VER,,177.77,cesser,cease
envoyer,VER,,177.65,envoyer,send
nez,NOM,m,177.64,le nez,the nose
cours,NOM,m,176.76,le cours,the course
forme,NOM,f,176.69,la forme,the shape
eh,ONO,,176.62,eh,eh
au-dessus,ADV,,176.42,au-dessus,above
valoir,VER,,175.76,valoir,to be worth
revoir,VER,,175.48,revoir,to see again
sac,NOM,m,174.25,le sac,the bag
chaud,ADJ,,174.13,chaud,hot
jeu,NOM,m,173.32,le jeu,the game
importer,VER,,173.13000000000002,importer,importer
mille,ADJ:num,,172.77,mille,whose
passé,NOM,m,172.51,le passé,the past
nouvelle,ADJ,,172.5,nouvelle,new
parmi,PRE,,171.96,parmi,among
empêcher,VER,,171.29,empêcher,to prevent
tuer,VER,,171.17000000000002,tuer,kill
clair,ADJ,,170.81,clair,clair
bientôt,ADV,,169.59,bientôt,Soon
pareil,ADJ,,169.32,pareil,alike
d'abord,ADV,,169.32,d'abord,First of all
ensuite,ADV,,169.19,ensuite,Next
reste,NOM,m,168.59,le reste,the rest
tellement,ADV,,168.51,tellement,such
frapper,VER,,168.36,frapper,hit
libre,ADJ,,167.91,libre,free
maître,NOM,m,167.56,le maître,the master
lancer,VER,,167.14,lancer,throw
cher,ADJ,,166.29,cher,Dear
fleur,NOM,f,164.39,la fleur,the flower
dur,ADJ,,164.19,dur,dur
rouler,VER,,163.47,rouler,to roll
pleurer,VER,,163.36,pleurer,cry
bonheur,NOM,m,162.36,le bonheur,happiness
ligne,NOM,f,162.29000000000002,la ligne,the line
installer,VER,,162.26,installer,installer
signe,NOM,m,161.28,le signe,the sign
soeur,NOM,f,161.01,la soeur,the sister
remonter,VER,,160.15,remonter,go back up
simple,ADJ,,159.73000000000002,simple,simple
suffire,VER,,159.39,suffire,suffice
apporter,VER,,159.33,apporter,bring
apparaître,VER,,159.27,apparaître,appear
bête,NOM,f,159.26,la bête,the beast
front,NOM,m,159.12,le front,the forehead
hôtel,NOM,m,158.92000000000002,le hôtel,the hotel
debout,ADV,,158.85,debout,standing
aider,VER,,158.67,aider,help
retour,NOM,m,158.65,le retour,the return
aujourd'hui,ADV,,158.24,aujourd'hui,Today
genre,NOM,m,157.89999999999998,le genre,the gender
manière,NOM,f,157.76999999999998,la manière,the way
ressembler,VER,,157.53,ressembler,look like
sentiment,NOM,m,157.3,le sentiment,the feeling
cent,ADJ:num,,157.1,cent,cent
bouger,VER,,156.76999999999998,bouger,to move
lentement,ADV,,156.55,lentement,slowly
parvenir,VER,,156.45,parvenir,achieve
six,ADJ:num,,156.22,six,six
pencher,VER,,155.9,pencher,lean
demain,ADV,,155.68,demain,tomorrow
oser,VER,,155.56,oser,to dare
cri,NOM,m,155.39999999999998,le cri,the cry
impression,NOM,f,155.27,la impression,the impression
vingt,ADJ:num,,154.59,vingt,twenty
habitude,NOM,f,154.45999999999998,la habitude,the habit
passage,NOM,m,154.39,le passage,the crossing
doux,ADJ,,154.26,doux,sweet
entier,ADJ,,154.19,entier,whole
préparer,VER,,154.15,préparer,prepare
rose,ADJ,,153.38,rose,rose
parent,NOM,m,153.32,le parent,the parent
cependant,ADV,,153.23999999999998,cependant,However
marche,NOM,f,152.97,la marche,the walk
dame,NOM,f,152.84,la dame,the lady
refuser,VER,,152.76,refuser,refuse
âme,NOM,f,151.62,la âme,the soul
pensée,NOM,f,151.56,la pensée,the thought
léger,ADJ,,151.01000000000002,léger,light (in weight)
sol,NOM,m,150.34,le sol,the ground
payer,VER,,150.24,payer,payer
joie,NOM,f,150.2,la joie,joy
cour,NOM,f,150.14,la cour,the court
bureau,NOM,m,150.07,le bureau,the desk
lendemain,NOM,m,149.26,le lendemain,next day/following day
escalier,NOM,m,148.86,le escalier,the staircase
moyen,NOM,m,148.71,le moyen,the means
acheter,VER,,148.4,acheter,buy
exister,VER,,148.18,exister,exist
robe,NOM,f,148.18,la robe,the dress
dehors,ADV,,147.3,dehors,out
armée,NOM,f,146.55,la armée,the army
poche,NOM,f,146.28,la poche,the pocket
attention,NOM,f,145.87,la attention,the attention
frais,ADJ,,145.28,frais,costs
église,NOM,f,145.07,la église,the church
tes,ADJ:pos,,145.0,tes,hand
conduire,VER,,144.68,conduire,to drive
accepter,VER,,144.67,accepter,accept
maman,NOM,f,144.39,la maman,the mother
vue,NOM,f,144.39,la vue,the view
large,ADJ,,144.12,large,large
village,NOM,m,143.98,le village,the village
école,NOM,f,143.98,la école,the school
retenir,VER,,143.94,retenir,retain
sec,ADJ,,143.72,sec,sec
service,NOM,m,142.77,le service,the service
remarquer,VER,,142.16,remarquer,to remark
ventre,NOM,m,141.96,le ventre,the tummy
goût,NOM,m,141.82999999999998,le goût,the taste
espèce,NOM,f,141.69,la espèce,the species
étranger,NOM,m,141.6,le étranger,the stranger
début,NOM,m,141.48,le début,the beginning
anglais,NOM,m,141.22,le anglais,the english
politique,NOM,f,141.15,la politique,politics
fixer,VER,,140.98,fixer,fixer
couper,VER,,140.91,couper,cut
vérité,NOM,f,140.88,la vérité,the truth
contraire,NOM,m,140.53,le contraire,the opposite
phrase,NOM,f,140.48000000000002,la phrase,the sentence
voyage,NOM,m,140.07,le voyage,the journey
taire,VER,,139.82,taire,minister
plaire,VER,,139.8,plaire,to please
vague,ADJ,,139.53,vague,vague
époque,NOM,f,138.51,la époque,the era
feuille,NOM,f,138.04,la feuille,the leaf
mener,VER,,137.74,mener,means
endroit,NOM,m,137.57,le endroit,the place
embrasser,VER,,137.54,embrasser,to kiss
lequel,PRO:rel,,137.10000000000002,lequel,which
court,ADJ,,136.97,court,court
grâce,PRE,,136.82,grâce,grace
effort,NOM,m,136.63,le effort,the effort
chance,NOM,f,136.35,la chance,luck
tandis que,CON,,136.22,tandis que,while
accord,NOM,m,136.15,le accord,the agreement
saisir,VER,,135.74,saisir,to input
présence,NOM,f,135.54000000000002,la présence,the presence
cuisine,NOM,f,135.4,la cuisine,the kitchen
présenter,VER,,135.17,présenter,to present
espérer,VER,,134.96,espérer,hope
rejoindre,VER,,134.82,rejoindre,join
sauter,VER,,134.6,sauter,jump
simplement,ADV,,134.32,simplement,simply
boîte,NOM,f,134.04999999999998,la boîte,the box
annoncer,VER,,133.96,annoncer,announce
certains,ADJ:ind,,133.92000000000002,certains,some
choisir,VER,,133.88,choisir,choose
couvrir,VER,,133.54,couvrir,cover
larme,NOM,f,133.51,la larme,the tear
préférer,VER,,133.41,préférer,prefer
tel,ADJ:ind,,133.31,tel,tel
éloigner,VER,,133.14,éloigner,to move away
siècle,NOM,m,132.9,le siècle,the century
mesure,NOM,f,132.84,la mesure,the measure
échapper,VER,,132.66,échapper,escape
patron,NOM,m,132.43,le patron,the boss
jaune,ADJ,,132.43,jaune,YELLOW
ouvert,ADJ,,132.37,ouvert,open
gouvernement,NOM,m,132.03,le gouvernement,the government
puisque,CON,,131.95999999999998,puisque,since (causal)
voisin,NOM,m,131.55,le voisin,the neighbor
ennemi,NOM,m,131.02,le ennemi,the enemy
rapport,NOM,m,130.95,le rapport,the report
chat,NOM,m,130.75,le chat,the cat
moindre,ADJ,,130.26999999999998,moindre,lesser
mètre,NOM,m,130.06,le mètre,the meter
humain,ADJ,,129.86,humain,human
quelqu'un,PRO:ind,,128.92,quelqu'un,someone
soldat,NOM,m,128.92,le soldat,the soldier
demeurer,VER,,128.84,demeurer,remain
rêve,NOM,m,128.58,le rêve,the dream
abandonner,VER,,128.47,abandonner,give up
doucement,ADV,,128.38,doucement,gently
dîner,NOM,m,128.26,le dîner,dinner
rêver,VER,,128.18,rêver,dream
genou,NOM,m,127.91,le genou,the knee
telle,ADJ:ind,,127.77,telle,such
oncle,NOM,m,127.7,le oncle,the uncle
éprouver,VER,,127.1,éprouver,experience
tenter,VER,,127.0,tenter,to attempt
calme,ADJ,,126.9,calme,calm
prêt,ADJ,,126.83,prêt,ready
atteindre,VER,,126.76,atteindre,reach
tôt,ADV,,126.76,tôt,early
exemple,NOM,m,126.62,le exemple,the example
assurer,VER,,126.57,assurer,ensure
langue,NOM,f,126.28,la langue,the tongue
appuyer,VER,,126.04,appuyer,to press
chanter,VER,,125.84,chanter,sing
sombre,ADJ,,125.75,sombre,dark (light level)
dent,NOM,f,125.68,la dent,the tooth
meilleur,ADJ,,125.54,meilleur,best
été,NOM,m,125.47,le été,the summer
réveiller,VER,,125.42,réveiller,wake
relever,VER,,124.95,relever,to pick up
accompagner,VER,,124.5,accompagner,to accompany
objet,NOM,m,124.32,le objet,the object
arrière,NOM,m,124.26,le arrière,the back
mari,NOM,m,124.26,le mari,the husband
hasard,NOM,m,124.19,le hasard,chance
murmurer,VER,,123.6,murmurer,whisper
plat,NOM,m,123.1,le plat,the dish
départ,NOM,m,123.04,le départ,the departure
traîner,VER,,122.78,traîner,hang out
pluie,NOM,f,122.57,la pluie,the rain
groupe,NOM,m,122.5,le groupe,the band
hésiter,VER,,122.45,hésiter,hesitate
charger,VER,,122.19,charger,charger
réussir,VER,,122.16,réussir,succeed
américain,NOM,m,122.16,le américain,the american
joue,NOM,f,121.76,la joue,the cheek
seconde,NOM,f,121.49,la seconde,the second
emporter,VER,,121.34,emporter,take away
couler,VER,,121.15,couler,to flow
amuser,VER,,120.97,amuser,to amuse
faux,ADJ,,120.8,faux,faux
joli,ADJ,,120.75,joli,pretty
énorme,ADJ,,120.0,énorme,huge
second,ADJ,,119.86,second,second
proposer,VER,,119.71,proposer,to propose
vivant,ADJ,,119.59,vivant,alive
naître,VER,,119.33,naître,to be born
souffrir,VER,,119.31,souffrir,suffer
entrée,NOM,f,118.79,la entrée,the entrance
herbe,NOM,f,118.51,la herbe,the grass
tante,NOM,f,118.38,la tante,the aunt
chaise,NOM,f,118.31,la chaise,the chair
difficile,ADJ,,118.1,difficile,difficult
droite,NOM,f,117.97,la droite,the right
là-bas,ADV,,117.7,là-bas,is-bas
intéresser,VER,,117.37,intéresser,interest
désir,NOM,m,117.1,le désir,the desire
malade,ADJ,,117.1,malade,ill
surprendre,VER,,116.66,surprendre,surprise
étonner,VER,,116.6,étonner,to amaze
immobile,ADJ,,116.42,immobile,immobile
secouer,VER,,116.4,secouer,shake
allumer,VER,,116.29,allumer,to switch on
chaleur,NOM,f,116.22,la chaleur,the heat
drôle,ADJ,,116.07,drôle,funny
observer,VER,,116.02,observer,observer
page,NOM,f,115.54,la page,the page
baisser,VER,,115.47,baisser,lower
conversation,NOM,f,115.34,la conversation,the conversation
cou,NOM,m,115.34,le cou,the neck
militaire,ADJ,,115.21,militaire,military
scène,NOM,f,114.93,la scène,the scene
cigarette,NOM,f,114.93,la cigarette,the cigarette
sommeil,NOM,m,114.8,le sommeil,sleep
bref,ADV,,114.53,bref,Short
musique,NOM,f,114.33,la musique,the music
fer,NOM,m,114.18,le fer,iron
avenir,NOM,m,113.99,le avenir,the future
elle-même,PRO:per,,113.51,elle-même,herself
soulever,VER,,113.4,soulever,raise
arracher,VER,,113.37,arracher,to tear out
forêt,NOM,f,113.31,la forêt,the forest
neuf,ADJ:num,,113.17,neuf,nine
oiseau,NOM,m,113.04,le oiseau,the bird
mêler,VER,,112.66,mêler,mix
habiter,VER,,112.51,habiter,live
côte,NOM,f,112.5,la côte,the rib
sujet,NOM,m,112.36,le sujet,the subject
deviner,VER,,112.34,deviner,to guess/work out
foule,NOM,f,112.3,la foule,the crowd
rond,ADJ,,112.17,rond,around
quartier,NOM,m,112.16,le quartier,the neighborhood
entourer,VER,,112.11,entourer,surround
garde,NOM,f,112.09,la garde,the guard
étendre,VER,,111.91,étendre,extend
arme,NOM,f,111.48,la arme,the weapon
brusquement,ADV,,111.42,brusquement,suddenly
carte,NOM,f,111.42,la carte,the map
selon,PRE,,110.88,selon,according to
mémoire,NOM,f,110.88,la mémoire,memory
guère,ADV,,110.68,guère,hardly
éviter,VER,,110.51,éviter,avoid
vin,NOM,m,110.47,le vin,the wine
former,VER,,110.29,former,former
blond,ADJ,,110.19,blond,blond
gueule,NOM,f,109.94,la gueule,the mouth
séparer,VER,,109.83,séparer,separate
profond,ADJ,,109.59,profond,deep
ramener,VER,,109.25,ramener,to bring back
classe,NOM,f,108.92,la classe,the class
demi,ADV,,108.52,demi,for the sake of
ignorer,VER,,108.45,ignorer,ignore
trou,NOM,m,108.38,le trou,the hole
craindre,VER,,108.32,craindre,to fear
île,NOM,f,108.24,la île,the island
direction,NOM,f,108.04,la direction,the management
combien,ADV,,108.04,combien,How much
celles,PRO:dem,,107.97,celles,those
vif,ADJ,,107.64,vif,vif
impossible,ADJ,,107.58,impossible,impossible
obliger,VER,,107.58,obliger,to obligate
con,NOM,m,107.5,le con,with them
prix,NOM,m,107.5,le prix,the price
moi-même,PRO:per,,107.3,moi-même,myself
peuple,NOM,m,107.3,le peuple,the people
campagne,NOM,f,107.23,la campagne,the countryside
coller,VER,,107.19,coller,collar
étrange,ADJ,,107.16,étrange,odd
immense,ADJ,,106.9,immense,immense
nature,NOM,f,106.89,la nature,nature
toile,NOM,f,106.62,la toile,the canvas
chair,NOM,f,106.49,la chair,the flesh
champ,NOM,m,106.49,le champ,the field
poursuivre,VER,,106.47,poursuivre,pursue
franc,NOM,m,106.29,le franc,the franc
propos,NOM,m,106.28,le propos,the purpose
saint,NOM,m,106.08,le saint,the saint
prier,VER,,105.78,prier,pray
occasion,NOM,f,105.74,la occasion,the opportunity
triste,ADJ,,105.61,triste,sad
emmener,VER,,105.49,emmener,take away
lointain,ADJ,,105.42,lointain,distant
troupe,NOM,f,105.41,la troupe,the troop
pain,NOM,m,105.4,le pain,the bread
songer,VER,,104.91,songer,to dream
situation,NOM,f,104.86,la situation,the situation
enfoncer,VER,,104.85,enfoncer,to push
brûler,VER,,104.75,brûler,burn
couloir,NOM,m,104.52,le couloir,the corridor
poitrine,NOM,f,104.45,la poitrine,the chest (part of body)
bouteille,NOM,f,104.06,la bouteille,the bottle
enfance,NOM,f,103.99,la enfance,childhood
élever,VER,,103.9,élever,raise
paix,NOM,f,103.72,la paix,peace
copain,NOM,m,103.37,le copain,the boyfriend
public,NOM,m,103.32,le public,the public
ferme,NOM,f,103.17,la ferme,the farm
huit,ADJ:num,,102.5,huit,eight
placer,VER,,102.47,placer,placer
respirer,VER,,102.44,respirer,breathe
inconnu,ADJ,,102.23,inconnu,unknown
fauteuil,NOM,m,102.03,le fauteuil,the armchair
sale,ADJ,,102.02,sale,dirty
espoir,NOM,m,101.89,le espoir,the hope
durer,VER,,101.61,durer,to last (persist)
promettre,VER,,101.45,promettre,promise
trait,NOM,m,101.29,le trait,the line
prince,NOM,m,101.21,le prince,the prince
salon,NOM,m,101.21,le salon,the living room
moitié,NOM,f,101.21,la moitié,half
dimanche,NOM,m,101.15,le dimanche,the Sunday
marquer,VER,,101.12,marquer,mark
entraîner,VER,,101.09,entraîner,to train
éclater,VER,,100.49,éclater,burst
souffle,NOM,m,100.21,le souffle,the breath
colère,NOM,f,100.07,la colère,anger
terminer,VER,,100.02,terminer,to end
accrocher,VER,,99.95,accrocher,hang
réponse,NOM,f,99.94,la réponse,the answer
dresser,VER,,99.86,dresser,dresser
courant,NOM,m,99.85,le courant,the current
fil,NOM,m,99.73,le fil,the wire
hiver,NOM,m,99.52,le hiver,the winter
national,ADJ,,99.39,national,national
risquer,VER,,99.35,risquer,risk
morceau,NOM,m,99.33,le morceau,the piece
visite,NOM,f,99.33,la visite,the visit
appartement,NOM,m,99.25,le appartement,the apartment
sauver,VER,,99.07,sauver,save
grave,ADJ,,99.05,grave,grave
roi,NOM,m,98.99,le roi,the king
camarade,NOM,m,98.99,le camarade,the comrade
parti,NOM,m,98.98,le parti,the parts
baiser,NOM,m,98.76,le baiser,the kiss
sable,NOM,m,98.72,le sable,the sand
commun,ADJ,,98.71,commun,common
facile,ADJ,,98.65,facile,easy
maintenir,VER,,98.52,maintenir,maintain
retirer,VER,,98.35,retirer,withdraw
proche,ADJ,,98.31,proche,close
adresser,VER,,98.06,adresser,address
liberté,NOM,f,97.97,la liberté,freedom
davantage,ADV,,97.84,davantage,any further
promener,VER,,97.79,promener,to take a walk
honneur,NOM,m,97.37,le honneur,the honor
intérêt,NOM,m,97.36,le intérêt,the interest
existence,NOM,f,97.36,la existence,the existence
tromper,VER,,97.34,tromper,deceive
voici,PRE,,97.3,voici,here is
camp,NOM,m,97.23,le camp,the camp
compagnie,NOM,f,97.16,la compagnie,the company
autrefois,ADV,,97.03,autrefois,formerly
juger,VER,,97.0,juger,judge
rôle,NOM,m,96.96,le rôle,the role
téléphone,NOM,m,96.83,le téléphone,the phone
animal,NOM,m,96.83,le animal,the animal
merde,NOM,f,96.62,la merde,shit
étage,NOM,m,96.55,le étage,the floor
grand-père,NOM,m,96.48,le grand-père,the grandfather
avouer,VER,,96.26,avouer,to confess to
merci,NOM,m,95.87,le merci,thank you
diriger,VER,,95.7,diriger,direct
déjeuner,NOM,m,95.69,le déjeuner,the lunch
figure,NOM,f,95.34,la figure,the figures
faute,NOM,f,95.2,la faute,the fault
auprès,PRE,,95.07,auprès,with
problème,NOM,m,95.0,le problème,the problem
quinze,ADJ:num,,94.8,quinze,fifteen
engager,VER,,94.63,engager,engage
grand-mère,NOM,f,94.6,la grand-mère,the grandmother
balle,NOM,f,94.59,la balle,the ball
photo,NOM,f,94.59,la photo,the photo
désert,NOM,m,94.48,le désert,the desert
trembler,VER,,94.09,trembler,tremble
fête,NOM,f,94.06,la fête,the party
amener,VER,,93.94,amener,to bring
plan,NOM,m,93.93,le plan,the plan
l'une,PRO:ind,,93.65,l'une,moon
lampe,NOM,f,93.11,la lampe,the lamp
casser,VER,,92.72,casser,to break
malheur,NOM,m,92.64,le malheur,misfortune
beauté,NOM,f,92.64,la beauté,beauty
hier,ADV,,92.64,hier,here
vendre,VER,,92.64,vendre,sell
sonner,VER,,92.59,sonner,ring
danser,VER,,92.58,danser,dancer
capitaine,NOM,m,92.57,le capitaine,the captain
juif,NOM,m,92.5,le juif,the jew
hors,PRE,,92.43,hors,out
écarter,VER,,92.38,écarter,to dismiss
appartenir,VER,,92.37,appartenir,to belong
exactement,ADV,,92.36,exactement,Exactly
oeuvre,NOM,f,92.23,la oeuvre,the work
différent,ADJ,,92.03,différent,different
tranquille,ADJ,,91.96,tranquille,calm
confiance,NOM,f,91.96,la confiance,trust
douleur,NOM,f,91.89,la douleur,the pain
refermer,VER,,91.76,refermer,close
toit,NOM,m,91.75,le toit,the roof
condition,NOM,f,91.62,la condition,the condition
art,NOM,m,91.49,le art,the art
chemise,NOM,f,91.41,la chemise,the shirt
profiter,VER,,91.25,profiter,enjoy
détail,NOM,m,91.15,le détail,the detail
sérieux,ADJ,,91.09,sérieux,serious
défendre,VER,,91.09,défendre,defend
épais,ADJ,,91.08,épais,thick
glace,NOM,f,91.01,la glace,the ice cream
pont,NOM,m,90.81,le pont,the bridge
écraser,VER,,90.81,écraser,crush
poste,NOM,m,90.67,le poste,the post
sauf,PRE,,90.67,sauf,except
pur,ADJ,,90.33,pur,even though
vêtement,NOM,m,90.14,le vêtement,the garment
lâcher,VER,,90.09,lâcher,let go
naturel,ADJ,,90.0,naturel,natural
tableau,NOM,m,90.0,le tableau,the blackboard
cousin,NOM,m,89.94,le cousin,the cousin
allonger,VER,,89.68,allonger,to lengthen
pire,ADJ,,89.6,pire,worse 
important,ADJ,,89.53,important,important
sinon,CON,,89.53,sinon,Otherwise
agiter,VER,,89.23,agiter,shake
paquet,NOM,m,89.19,le paquet,the package
réfléchir,VER,,89.08,réfléchir,to reflect on
poids,NOM,m,89.05,le poids,the weight
veille,NOM,f,89.05,la veille,the day before
content,ADJ,,88.99,content,content
troisième,ADJ,,88.98,troisième,third
russe,ADJ,,88.79,russe,Russian
voler,VER,,88.68,voler,to fly
hurler,VER,,88.64999999999999,hurler,hurler
filer,VER,,88.56,filer,files
espace,NOM,m,88.50999999999999,le espace,the space
désormais,ADV,,88.45,désormais,From now on
hein,ONO,,88.45,hein,hein
douter,VER,,88.11,douter,doubt
évidemment,ADV,,88.11,évidemment,obviously
terrible,ADJ,,88.1,terrible,terrible
chapeau,NOM,m,88.05,le chapeau,the hat
roman,NOM,m,87.9,le roman,the novel
truc,NOM,m,87.77,le truc,the thing
passion,NOM,f,87.64,la passion,passion
repartir,VER,,87.6,repartir,distribute
considérer,VER,,87.46,considérer,consider
action,NOM,f,87.44,la action,the action
docteur,NOM,m,87.37,le docteur,the doctor
gare,NOM,f,87.37,la gare,the races
trottoir,NOM,m,87.36000000000001,le trottoir,the pavement
pénétrer,VER,,87.23,pénétrer,enter
rare,ADJ,,87.22999999999999,rare,rare
prêter,VER,,87.13,prêter,to lend
personnage,NOM,m,86.96,le personnage,the character
plage,NOM,f,86.89,la plage,the beach
gorge,NOM,f,86.83,la gorge,the throat
supporter,VER,,86.78,supporter,supporter
capable,ADJ,,86.35000000000001,capable,capable
plonger,VER,,86.24,plonger,dive
prononcer,VER,,86.09,prononcer,pronounce
éclairer,VER,,85.95,éclairer,to illuminate
officier,NOM,m,85.76,le officier,the officer
tiens,ONO,,85.61,tiens,hold
branche,NOM,f,85.61,la branche,the branch
représenter,VER,,85.57000000000001,représenter,represent
jeunesse,NOM,f,85.13,la jeunesse,youth
patte,NOM,f,85.13,la patte,the paw
machine,NOM,f,85.0,la machine,at the machine
livrer,VER,,84.96,livrer,to deliver
aventure,NOM,f,84.86,la aventure,the adventure
dessus,ADV,,84.8,dessus,above
événement,NOM,m,84.59,le événement,the event
métier,NOM,m,84.53,le métier,the profession
rideau,NOM,m,84.52,le rideau,the curtain
conseil,NOM,m,84.46000000000001,le conseil,the council
centre,NOM,m,84.46,le centre,the center
fumer,VER,,84.4,fumer,smoke
trente,ADJ:num,,84.19,trente,thirty
nord,NOM,m,84.19,le nord,the north
sein,NOM,m,84.05,le sein,the bosom
reposer,VER,,83.95,reposer,to rest
pointe,NOM,f,83.85,la pointe,the tip
tas,NOM,m,83.78,le tas,the pile
police,NOM,f,83.72,la police,the police
caresser,VER,,83.72,caresser,to caress
souffler,VER,,83.69,souffler,blow
soi,PRO:per,,83.65,soi,self
pâle,ADJ,,83.58000000000001,pâle,pale
honte,NOM,f,83.45,la honte,shame
recommencer,VER,,83.34,recommencer,start again
disposer,VER,,83.19,disposer,to dispose
bain,NOM,m,83.03999999999999,le bain,the bath
éclat,NOM,m,82.77000000000001,le éclat,the shine
réalité,NOM,f,82.77000000000001,la réalité,reality
vacance,NOM,f,82.57,la vacance,the vacancy
britannique,ADJ,,82.42999999999999,britannique,British
bateau,NOM,m,82.37,le bateau,the boat
pomme,NOM,f,82.36,la pomme,the apple
avance,NOM,f,82.3,la avance,the advance
inviter,VER,,82.3,inviter,invite
posséder,VER,,82.23,posséder,possess
souhaiter,VER,,82.18,souhaiter,to wish
amoureux,ADJ,,82.16,amoureux,lover
riche,ADJ,,82.03,riche,rich
montagne,NOM,f,81.83,la montagne,the mountain
étoile,NOM,f,81.83,la étoile,the star
jurer,VER,,81.77,jurer,swear
rencontre,NOM,f,81.75,la rencontre,the meeting
crever,VER,,81.57000000000001,crever,to burst
conscience,NOM,f,81.55999999999999,la conscience,consciousness
client,NOM,m,81.55,le client,the customer
complètement,ADV,,81.49,complètement,completely
achever,VER,,81.47,achever,to finish
remplir,VER,,81.42,remplir,to fill
mince,ADJ,,81.36,mince,thin
briller,VER,,81.24,briller,glasses
course,NOM,f,81.22,la course,the race
ministre,NOM,m,81.15,le ministre,the minister
allié,NOM,m,81.00999999999999,le allié,the ally
obtenir,VER,,80.98,obtenir,get
neige,NOM,f,80.88000000000001,la neige,the snow
cents,ADJ:num,,80.54,cents,cents
commander,VER,,80.37,commander,commander
peindre,VER,,80.29,peindre,to paint
trace,NOM,f,80.27000000000001,la trace,the trace
compagnon,NOM,m,80.0,le compagnon,the companion
arrivée,NOM,f,80.0,la arrivée,the arrival
masse,NOM,f,79.8,la masse,the mass
dessiner,VER,,79.7,dessiner,draw
président,NOM,m,79.67,le président,the president
suivant,ADJ,,79.59,suivant,following/next
somme,NOM,f,79.25,la somme,the sum
cuir,NOM,m,79.19,le cuir,the leather
partager,VER,,78.99,partager,to share
enlever,VER,,78.81,enlever,to remove
dépasser,VER,,78.8,dépasser,exceed
mariage,NOM,m,78.72,le mariage,the marriage
cinéma,NOM,m,78.52,le cinéma,the cinema
poussière,NOM,f,78.44999999999999,la poussière,the dust
imposer,VER,,78.42,imposer,impose
nombre,NOM,m,78.37,le nombre,the number
justement,ADV,,78.18,justement,exactly
avion,NOM,m,78.03999999999999,le avion,the plane
particulier,ADJ,,77.78,particulier,particular
amitié,NOM,f,77.77000000000001,la amitié,the friendship
bataille,NOM,f,77.77,la bataille,the battle
hauteur,NOM,f,77.7,la hauteur,the height
note,NOM,f,77.43,la note,the note
quart,NOM,m,77.28999999999999,le quart,the quarter
brun,ADJ,,77.23,brun,brown
surprise,NOM,f,77.16000000000001,la surprise,the surprise
papa,NOM,m,77.16,le papa,the popes
malheureux,ADJ,,77.16,malheureux,unfortunate
prévoir,VER,,77.09,prévoir,to expect
autorité,NOM,f,77.03,la autorité,the authority
deuxième,ADJ,,76.96,deuxième,second
silencieux,ADJ,,76.9,silencieux,silent
expression,NOM,f,76.9,la expression,The expression
éteindre,VER,,76.85000000000001,éteindre,to turn/switch off
nuage,NOM,m,76.83,le nuage,the cloud
curieux,ADJ,,76.83,curieux,curious
rapide,ADJ,,76.76,rapide,fast
soirée,NOM,f,76.69,la soirée,the evening
repas,NOM,m,76.62,le repas,the meal
taille,NOM,f,76.49000000000001,la taille,the size
nécessaire,ADJ,,76.49000000000001,nécessaire,necessary
foi,NOM,f,76.49,la foi,faith
fuir,VER,,76.42,fuir,flee
port,NOM,m,76.41,le port,the port
croiser,VER,,76.36,croiser,cross
absence,NOM,f,76.28,la absence,the absence
vitre,NOM,f,76.21000000000001,la vitre,the window
poing,NOM,m,76.08,le poing,the fist
poil,NOM,m,76.02,le poil,the hair
faim,NOM,f,75.94000000000001,la faim,hunger
planter,VER,,75.9,planter,planter
regretter,VER,,75.89,regretter,regret
arranger,VER,,75.82000000000001,arranger,arranger
étroit,ADJ,,75.81,étroit,narrow
importance,NOM,f,75.81,la importance,the importance
sept,ADJ:num,,75.61,sept,sept
médecin,NOM,m,75.61,le médecin,the doctor
forcer,VER,,75.41,forcer,force
attirer,VER,,75.3,attirer,attract
lunette,NOM,f,75.27000000000001,la lunette,the bezel
sortie,NOM,f,75.27000000000001,la sortie,the exit
creux,NOM,m,75.07,le creux,the hollow
volonté,NOM,f,74.93,la volonté,the will
ramasser,VER,,74.83,ramasser,to pick up
terrain,NOM,m,74.72,le terrain,the land
toutes,ADJ:ind,,74.66,toutes,all
double,ADJ,,74.32000000000001,double,double
claquer,VER,,74.21,claquer,slam
distinguer,VER,,74.14,distinguer,distinguish
drap,NOM,m,74.13,le drap,the sheet
film,NOM,m,74.12,le film,the movie
château,NOM,m,74.12,le château,the castle
sûrement,ADV,,74.12,sûrement,certainly
terrasse,NOM,f,74.06,la terrasse,the terrace
quai,NOM,m,73.99000000000001,le quai,the quay
convenir,VER,,73.82,convenir,agree
spectacle,NOM,m,73.79,le spectacle,the show
prévenir,VER,,73.74,prévenir,prevent
évoquer,VER,,73.55,évoquer,evoke
appel,NOM,m,73.45,le appel,the call
silhouette,NOM,f,73.31,la silhouette,the silhouette
inutile,ADJ,,73.25,inutile,useless
déclarer,VER,,73.2,déclarer,to announce
surgir,VER,,73.19,surgir,to emerge
endormir,VER,,73.18,endormir,to fall asleep
interroger,VER,,73.03,interroger,to question
exprimer,VER,,72.67,exprimer,express
combat,NOM,m,72.56,le combat,the fight
flic,NOM,m,72.44,le flic,the cop
prison,NOM,f,72.42999999999999,la prison,the prison
loi,NOM,f,72.3,la loi,the law
mec,NOM,m,72.3,le mec,the guy
protéger,VER,,72.25,protéger,protect
bande,NOM,f,72.22,la bande,the band
hausser,VER,,71.97,hausser,raise
naturellement,ADV,,71.96,naturellement,naturally
cesse,NOM,f,71.96,la cesse,the stop
flamme,NOM,f,71.83000000000001,la flamme,the flame
celui-ci,PRO:dem,,71.76,celui-ci,this one
pantalon,NOM,m,71.75999999999999,le pantalon,the trousers
vaste,ADJ,,71.75999999999999,vaste,fixed
croix,NOM,f,71.62,la croix,the cross
ranger,VER,,71.28999999999999,ranger,to tidy
tache,NOM,f,71.28,la tache,the stain
titre,NOM,m,71.22,le titre,the title
parfaitement,ADV,,71.08,parfaitement,perfectly
gêner,VER,,71.06,gêner,to hinder
presser,VER,,71.03,presser,presser
inquiéter,VER,,71.03,inquiéter,worry
attacher,VER,,71.03,attacher,attach
également,ADV,,71.01,également,also
voie,NOM,f,71.00999999999999,la voie,the way
peser,VER,,70.92,peser,to weigh
vider,VER,,70.84,vider,empty
attaquer,VER,,70.44,attaquer,tackle
effacer,VER,,70.35,effacer,to erase
courage,NOM,m,70.34,le courage,courage
valise,NOM,f,70.34,la valise,the suitcase
lors,ADV,,70.27,lors,during
immeuble,NOM,m,70.21000000000001,le immeuble,the appartment building
opération,NOM,f,70.2,la opération,the operation
ressentir,VER,,70.16,ressentir,to feel
unique,ADJ,,70.14,unique,unique
numéro,NOM,m,70.07,le numéro,the number
douceur,NOM,f,70.0,la douceur,the sweetness
projet,NOM,m,70.0,le projet,the project
traiter,VER,,69.96,traiter,to treat
causer,VER,,69.95,causer,cause
enfermer,VER,,69.88,enfermer,lock up
prochain,ADJ,,69.8,prochain,next
inventer,VER,,69.75,inventer,invent
cuisse,NOM,f,69.72999999999999,la cuisse,the thigh
solitude,NOM,f,69.72999999999999,la solitude,loneliness
certes,ADV,,69.66,certes,certainly
amant,NOM,m,69.6,le amant,the lover
laver,VER,,69.58,laver,makes
confier,VER,,69.55,confier,to entrust
prisonnier,NOM,m,69.47,le prisonnier,the prisoner
horreur,NOM,f,69.46000000000001,la horreur,the horror
fatigue,NOM,f,69.46000000000001,la fatigue,fatigue
nul,PRO:ind,,69.39,nul,null
caisse,NOM,f,69.39,la caisse,the checkout
personnel,NOM,m,69.33,le personnel,the staff
recouvrir,VER,,69.28,recouvrir,cover
par-dessus,PRE,,69.19,par-dessus,over
reculer,VER,,69.08,reculer,to move back
angoisse,NOM,f,68.99,la angoisse,the anguish
produire,VER,,68.94,produire,produce
cinquante,ADJ:num,,68.78,cinquante,fifty
intention,NOM,f,68.65,la intention,the intention
midi,NOM,m,68.45,le midi,noon
salut,NOM,m,68.38,le salut,salvation
cul,NOM,m,68.30999999999999,le cul,the ass
soin,NOM,m,68.25,le soin,the care
admirer,VER,,68.2,admirer,admirer
théâtre,NOM,m,68.16999999999999,le théâtre,the theater
manteau,NOM,m,68.11,le manteau,the coat
rassurer,VER,,68.07000000000001,rassurer,to reassure
chasser,VER,,67.94,chasser,to hunt
taper,VER,,67.93,taper,taper
attitude,NOM,f,67.91,la attitude,the attitude
plaindre,VER,,67.85,plaindre,complain
accorder,VER,,67.84,accorder,to agree 
tantôt,ADV,,67.84,tantôt,sometimes
comte,NOM,m,67.77,le comte,the count
paysan,NOM,m,67.71,le paysan,the peasant
maigre,ADJ,,67.7,maigre,skinny
balancer,VER,,67.69,balancer,balancer
saluer,VER,,67.67999999999999,saluer,greet
peinture,NOM,f,67.63,la peinture,the painting
obscur,ADJ,,67.57,obscur,obscure
gentil,ADJ,,67.5,gentil,kind
connaissance,NOM,f,67.5,la connaissance,the knowledge
prétendre,VER,,67.47,prétendre,pretend
habiller,VER,,67.39,habiller,dress
fumée,NOM,f,67.37,la fumée,the smoke
ouvrier,NOM,m,67.24000000000001,le ouvrier,the worker
destin,NOM,m,67.23,le destin,destiny
fier,ADJ,,67.19,fier,iron
téléphoner,VER,,67.07000000000001,téléphoner,call
insister,VER,,67.03999999999999,insister,insist
précipiter,VER,,66.97,précipiter,precipitate
désigner,VER,,66.7,désigner,designer
lune,NOM,f,66.69,la lune,the moon
banc,NOM,m,66.42,le banc,the bench
sauvage,ADJ,,66.35,sauvage,savage
semblable,ADJ,,66.22,semblable,similar
horizon,NOM,m,66.15,le horizon,the horizon
durant,PRE,,65.95,durant,during
mine,NOM,f,65.88,la mine,at my place
allure,NOM,f,65.87,la allure,the allure
parfum,NOM,m,65.74,le parfum,the perfume
égard,NOM,m,65.61,le égard,the regard
normal,ADJ,,65.61,normal,normal
magasin,NOM,m,65.53999999999999,le magasin,the store
détacher,VER,,65.53,détacher,detach
soupirer,VER,,65.48,soupirer,sigh
contact,NOM,m,65.48,le contact,the contact
preuve,NOM,f,65.34,la preuve,the proof
avaler,VER,,65.31,avaler,to swallow
légèrement,ADV,,65.2,légèrement,slightly
avis,NOM,m,65.14,le avis,the opinion
marier,VER,,65.1,marier,marry
piquer,VER,,64.88,piquer,to sting
membre,NOM,m,64.86,le membre,the member
franchir,VER,,64.8,franchir,to cross
minuscule,ADJ,,64.52,minuscule,minuscule
nourrir,VER,,64.52,nourrir,to feed
contempler,VER,,64.48,contempler,contemplate
renoncer,VER,,64.48,renoncer,give up
redresser,VER,,64.4,redresser,to sort out
goutte,NOM,f,64.4,la goutte,the drop
interrompre,VER,,64.35,interrompre,interrupt
creuser,VER,,64.2,creuser,dig
lueur,NOM,f,64.19,la lueur,the glow
lent,ADJ,,64.12,lent,lent
paysage,NOM,m,64.12,le paysage,the landscape
fruit,NOM,m,64.05000000000001,le fruit,the fruit
couple,NOM,m,63.99,le couple,the couple
miroir,NOM,m,63.99,le miroir,the mirror
professeur,NOM,m,63.92,le professeur,the professor
vêtir,VER,,63.89,vêtir,to dress
flotter,VER,,63.870000000000005,flotter,float
attente,NOM,f,63.85,la attente,the wait
comité,NOM,m,63.650000000000006,le comité,the committee
précis,ADJ,,63.59,précis,accurate
billet,NOM,m,63.58,le billet,the ticket
affirmer,VER,,63.53,affirmer,affirm
empire,NOM,m,63.510000000000005,le empire,the empire
repousser,VER,,63.5,repousser,push back
absolument,ADV,,63.45,absolument,absolutely
paupière,NOM,f,63.45,la paupière,the eyelid
position,NOM,f,63.38,la position,the position
italien,ADJ,,63.31,italien,Italy
victoire,NOM,f,63.24,la victoire,victory
étaler,VER,,63.15,étaler,spread
étude,NOM,f,63.040000000000006,la étude,the study
élément,NOM,m,63.04,le élément,the element
lait,NOM,m,62.91,le lait,the milk
uns,PRO:ind,,62.91,uns,us
remuer,VER,,62.85,remuer,stir
autrement,ADV,,62.77,autrement,otherwise
déposer,VER,,62.71,déposer,deposit
détester,VER,,62.65,détester,hate
soit,CON,,62.64,soit,either
rapidement,ADV,,62.64,rapidement,quickly
supposer,VER,,62.54,supposer,assume
rapporter,VER,,62.46,rapporter,reports
distance,NOM,f,62.44,la distance,the distance
marché,NOM,m,62.43,le marché,the market
mademoiselle,NOM,f,62.37,la mademoiselle,the young lady
allée,NOM,f,62.36,la allée,the alley
nommer,VER,,62.33,nommer,number
assister,VER,,62.27,assister,to assist
kilomètre,NOM,m,62.23,le kilomètre,the kilometer
société,NOM,f,62.23,la société,the company
caractère,NOM,m,62.16,le caractère,the character
faible,ADJ,,62.03,faible,weak
couverture,NOM,f,62.02,la couverture,the cover
désirer,VER,,61.91,désirer,to desire
excuser,VER,,61.87,excuser,excuse
parcourir,VER,,61.83,parcourir,browse
gosse,NOM,m,61.76,le gosse,the kid (child)
tendresse,NOM,f,61.69,la tendresse,tenderness
veste,NOM,f,61.63,la veste,the jacket
briser,VER,,61.63,briser,break
entendu,ADJ,,61.61,entendu,heard
vache,NOM,f,61.55,la vache,the cow
cave,NOM,f,61.42,la cave,the cave
céder,VER,,61.37,céder,to sell
bar,NOM,m,61.35,le bar,the bar
net,ADV,,61.27,net,net
soutenir,VER,,61.25,soutenir,sustain
boule,NOM,f,61.22,la boule,the ball
souci,NOM,m,61.22,le souci,the worry
boulevard,NOM,m,61.15,le boulevard,the boulevard
môme,NOM,m,61.08,le môme,the kid
tapis,NOM,m,60.88,le tapis,the rug
printemps,NOM,m,60.88,le printemps,the spring
folie,NOM,f,60.74,la folie,in foil
transformer,VER,,60.71,transformer,transformer
maladie,NOM,f,60.67,la maladie,the disease
remplacer,VER,,60.64,remplacer,to replace
contenter,VER,,60.63,contenter,to satisfy
aile,NOM,f,60.47,la aile,the wing
quelquefois,ADV,,60.47,quelquefois,sometimes
but,NOM,m,60.4,le but,the goal
révéler,VER,,60.37,révéler,reveal
sueur,NOM,f,60.34,la sueur,sweat
nombreux,ADJ,,60.28,nombreux,many
seigneur,NOM,m,60.13,le seigneur,the lord
exiger,VER,,60.1,exiger,require
carré,NOM,m,60.01,le carré,the square
plume,NOM,f,60.00000000000001,la plume,the feather
menton,NOM,m,60.0,le menton,the chin
décision,NOM,f,60.0,la décision,the decision
certainement,ADV,,59.93,certainement,certainly
terme,NOM,m,59.72,le terme,the term
émotion,NOM,f,59.59,la émotion,the emotion
étouffer,VER,,59.5,étouffer,smother
admettre,VER,,59.46,admettre,admit
chasse,NOM,f,59.46,la chasse,the hunt
manche,NOM,f,59.39999999999999,la manche,the sleeve
brillant,ADJ,,59.39,brillant,bright
crâne,NOM,m,59.31999999999999,le crâne,the skull
épouser,VER,,59.3,épouser,marry
gars,NOM,m,59.26,le gars,the guy
ennuyer,VER,,59.14,ennuyer,annoy
qualité,NOM,f,59.120000000000005,la qualité,the quality
contenir,VER,,58.92,contenir,contain
sort,NOM,m,58.92,le sort,the fate
finalement,ADV,,58.92,finalement,Ultimately
expérience,NOM,f,58.72,la expérience,the experience
palais,NOM,m,58.72,le palais,the palace
discuter,VER,,58.68,discuter,discuss
a,NOM,m,58.65,le a,the a
retomber,VER,,58.62,retomber,fall back
perdu,ADJ,,58.45,perdu,lost
longuement,ADV,,58.45,longuement,long time
univers,NOM,m,58.45,le univers,the universe
matière,NOM,f,58.45,la matière,the matter
grille,NOM,f,58.24,la grille,the grid
rang,NOM,m,58.24,le rang,the rank
territoire,NOM,m,58.24,le territoire,the territory
circonstance,NOM,f,58.24,la circonstance,the circumstance
échanger,VER,,58.22,échanger,to exchange
promenade,NOM,f,58.11,la promenade,the walk
pitié,NOM,f,58.11,la pitié,pity
dégager,VER,,58.07,dégager,clear
pendre,VER,,58.05,pendre,lose
humeur,NOM,f,58.04,la humeur,the mood
aveugle,ADJ,,57.97,aveugle,blind
arabe,NOM,m,57.91,le arabe,the arabic
siège,NOM,m,57.9,le siège,the seat
queue,NOM,f,57.84,la queue,the tail
vitesse,NOM,f,57.830000000000005,la vitesse,speed
établir,VER,,57.79,établir,establish
chaîne,NOM,f,57.77,la chaîne,the tv channel
aube,NOM,f,57.77,la aube,the dawn
élève,NOM,m,57.77,le élève,the student
envahir,VER,,57.71,envahir,to invade/take over
diable,NOM,m,57.7,le diable,the devil
angle,NOM,m,57.63,le angle,the angle
celle-ci,PRO:dem,,57.57,celle-ci,this one
constater,VER,,57.48,constater,notice
col,NOM,m,57.43,le col,the collar
acte,NOM,m,57.3,le acte,the act
figurer,VER,,57.26,figurer,figures
uniforme,NOM,m,57.23,le uniforme,the uniform
ridicule,ADJ,,57.1,ridicule,ridicule
surface,NOM,f,57.1,la surface,the surface
meuble,NOM,m,57.1,le meuble,the furniture
vain,ADJ,,57.03,vain,only
celui-là,PRO:dem,,56.89,celui-là,that one
abri,NOM,m,56.76,le abri,the shelter
invisible,ADJ,,56.75,invisible,invisible
réunir,VER,,56.72,réunir,to gather
assiette,NOM,f,56.620000000000005,la assiette,the plate
ennui,NOM,m,56.620000000000005,le ennui,boredom
violence,NOM,f,56.49,la violence,violence
chaussure,NOM,f,56.48,la chaussure,the shoe
résistance,NOM,f,56.48,la résistance,the resistance
éternel,ADJ,,56.41,éternel,eternal
fermé,ADJ,,56.35,fermé,farm
certaines,ADJ:ind,,56.35,certaines,some
fournir,VER,,56.29,fournir,provide
dessin,NOM,m,56.28,le dessin,the drawing
récit,NOM,m,56.150000000000006,le récit,the story
véritable,ADJ,,56.08,véritable,true
costume,NOM,m,55.88,le costume,the costumes
signer,VER,,55.87,signer,signer
au-delà,ADV,,55.81999999999999,au-delà,beyond
rayon,NOM,m,55.75,le rayon,the shelf
grec,NOM,m,55.68,le grec,the greek
fusil,NOM,m,55.67,le fusil,the rifle
colline,NOM,f,55.61,la colline,the hill
sourd,ADJ,,55.61,sourd,deaf
aide,NOM,f,55.54,la aide,the help
attraper,VER,,55.36,attraper,catch
éveiller,VER,,55.29,éveiller,awaken
idiot,ADJ,,55.28,idiot,idiot
danger,NOM,m,55.27,le danger,the danger
accomplir,VER,,55.22,accomplir,accomplish
bonne,NOM,f,55.21,la bonne,the good one
puissance,NOM,f,55.2,la puissance,the power
conserver,VER,,55.17,conserver,keep
vieillard,NOM,m,55.14000000000001,le vieillard,the old man
chéri,NOM,m,55.080000000000005,le chéri,the darling
essuyer,VER,,55.02,essuyer,to wipe
radio,NOM,f,55.0,la radio,the radio
tort,NOM,m,55.0,le tort,the wrong
etc,ADV,,55.0,etc,etc
gras,ADJ,,55.0,gras,gras
commandant,NOM,m,54.94,le commandant,the commander
hôpital,NOM,m,54.94,le hôpital,the hospital
marchand,NOM,m,54.93,le marchand,the merchant
lieutenant,NOM,m,54.93,le lieutenant,the lieutenant
détourner,VER,,54.9,détourner,divert
créer,VER,,54.82,créer,create
recherche,NOM,f,54.79,la recherche,the research
supérieur,ADJ,,54.79,supérieur,superior
accueillir,VER,,54.76,accueillir,to welcome
ordinaire,NOM,m,54.73,le ordinaire,the ordinary
rapprocher,VER,,54.7,rapprocher,bring closer
complet,ADJ,,54.67,complet,complete
portrait,NOM,m,54.6,le portrait,the portrait
mériter,VER,,54.53,mériter,deserve
plateau,NOM,m,54.52,le plateau,the tray
lecture,NOM,f,54.52,la lecture,reading
remercier,VER,,54.47,remercier,thank
poisson,NOM,m,54.46,le poisson,the fish
surveiller,VER,,54.43,surveiller,to watch
interdire,VER,,54.41,interdire,to forbid
curiosité,NOM,f,54.39,la curiosité,curiosity
jadis,ADV,,54.39,jadis,formerly
constituer,VER,,54.39,constituer,constitute
violent,ADJ,,54.32,violent,violent
extérieur,NOM,m,54.27,le extérieur,the outside
conseiller,NOM,m,54.27,le conseiller,the advisor
cercle,NOM,m,54.25,le cercle,the circle
efforcer,VER,,54.22,efforcer,to strive
régler,VER,,54.22,régler,adjust
coude,NOM,m,54.19,le coude,the elbow
canon,NOM,m,54.19,le canon,the cannon
indiquer,VER,,54.14,indiquer,indicate
cadavre,NOM,m,54.06,le cadavre,the corpse
million,NOM,m,54.06,le million,the million
extrême,ADJ,,54.06,extrême,extreme
aise,NOM,f,54.05,la aise,the ease
verser,VER,,54.01,verser,pour
maîtresse,NOM,f,53.92,la maîtresse,the mistress
arrêt,NOM,m,53.91,le arrêt,the stop
confondre,VER,,53.87,confondre,to confuse
ceci,PRO:dem,,53.78,ceci,this
rendez-vous,NOM,m,53.72,le rendez-vous,the appointment
succès,NOM,m,53.72,le succès,success
subir,VER,,53.72,subir,go up
mystérieux,ADJ,,53.65,mystérieux,mysterious
moteur,NOM,m,53.52,le moteur,the engine
charme,NOM,m,53.45,le charme,the charm
humide,ADJ,,53.31,humide,humid
région,NOM,f,53.31,la région,the region
boue,NOM,f,53.31,la boue,the mud
déchirer,VER,,53.120000000000005,déchirer,to tear (up/apart)
fameux,ADJ,,53.1,fameux,famous
artiste,NOM,m,53.05,le artiste,the artist
familier,ADJ,,53.03,familier,families
naissance,NOM,f,52.91,la naissance,the birth
divers,ADJ,,52.78,divers,divers
héros,NOM,m,52.77,le héros,the hero
rassembler,VER,,52.72,rassembler,gather
sexe,NOM,m,52.71,le sexe,sex
santé,NOM,f,52.7,la santé,health
construire,VER,,52.67,construire,build
rompre,VER,,52.67,rompre,break
couteau,NOM,m,52.64,le couteau,the knife
crainte,NOM,f,52.64,la crainte,fear
menacer,VER,,52.58,menacer,threaten
auquel,PRO:rel,,52.56,auquel,to which
puissant,ADJ,,52.56,puissant,powerful
haine,NOM,f,52.5,la haine,hate
prouver,VER,,52.47,prouver,prove
détruire,VER,,52.4,détruire,destroy
relation,NOM,f,52.36,la relation,the relationship
défense,NOM,f,52.3,la défense,the defense
valeur,NOM,f,52.290000000000006,la valeur,the value
bizarre,ADJ,,52.23,bizarre,odd
visiter,VER,,52.18,visiter,to visit
résister,VER,,52.17,résister,resist
erreur,NOM,f,52.1,la erreur,the error
essentiel,NOM,m,52.09,le essentiel,the essential
bourgeois,NOM,m,52.09,le bourgeois,the bourgeois
est,NOM,m,52.09,le est,the east
mentir,VER,,52.05,mentir,to lie
c'est-à-dire,ADV,,51.96,c'est-à-dire,that&#39;s to say
curé,NOM,m,51.82,le curé,the priest
conclure,VER,,51.78,conclure,conclude
vaguement,ADV,,51.76,vaguement,vaguely
mode,NOM,f,51.69,la mode,fashion
soie,NOM,f,51.62,la soie,silk
génie,NOM,m,51.62,le génie,the genius
réserve,NOM,f,51.56,la réserve,the reserve
bonjour,NOM,m,51.55,le bonjour,hello
roux,ADJ,,51.5,roux,ginger (colour)
fortune,NOM,f,51.49,la fortune,fortune
choix,NOM,m,51.42,le choix,the choice
heureusement,ADV,,51.35,heureusement,Fortunately
total,ADJ,,51.29,total,total
juin,NOM,m,51.28,le juin,June
vieil,ADJ,,51.22,vieil,old
avenue,NOM,f,51.21,la avenue,the avenue
grimper,VER,,51.19,grimper,climb
fidèle,ADJ,,51.08,fidèle,faithful
sacré,ADJ,,51.07,sacré,sacred
dissimuler,VER,,51.04,dissimuler,hide
mystère,NOM,m,51.02,le mystère,the mystery
guetter,VER,,51.01,guetter,watch
nuque,NOM,f,50.94,la nuque,the nape of the neck
gloire,NOM,f,50.87,la gloire,the glory
social,ADJ,,50.81,social,social
cadeau,NOM,m,50.81,le cadeau,the gift
vierge,NOM,f,50.74,la vierge,the virgin
camion,NOM,m,50.74,le camion,the lorry
reflet,NOM,m,50.74,le reflet,the reflection
examiner,VER,,50.7,examiner,examiner
dominer,VER,,50.63,dominer,dominate
abattre,VER,,50.62,abattre,fell
réduire,VER,,50.62,réduire,reduce
barbe,NOM,f,50.540000000000006,la barbe,the beard
discours,NOM,m,50.54,le discours,the speech
concerner,VER,,50.5,concerner,concern
doré,ADJ,,50.47,doré,Golden
moquer,VER,,50.35,moquer,mock
article,NOM,m,50.34,le article,the article
plafond,NOM,m,50.34,le plafond,the ceiling
risque,NOM,m,50.27,le risque,the risk
plier,VER,,50.23,plier,bend
navire,NOM,m,50.2,le navire,the ship
frotter,VER,,50.16,frotter,rub
oeuf,NOM,m,50.14,le oeuf,the egg
colonne,NOM,f,50.07,la colonne,the column
incliner,VER,,50.02,incliner,tilt
règle,NOM,f,49.94,la règle,the ruler
chauffeur,NOM,m,49.87,le chauffeur,the driver
outre,NOM,f,49.87,la outre,the wineskin
seuil,NOM,m,49.86,le seuil,the threshold
regagner,VER,,49.81,regagner,to regain
adresse,NOM,f,49.8,la adresse,the address
difficulté,NOM,f,49.8,la difficulté,the difficulty
emplir,VER,,49.74,emplir,fill
crise,NOM,f,49.73,la crise,the crisis
os,NOM,m,49.73,le os,the bone
août,NOM,m,49.66,le août,August
pente,NOM,f,49.66,la pente,the slope
saison,NOM,f,49.59,la saison,the season
jupe,NOM,f,49.59,la jupe,the skirt
obscurité,NOM,f,49.39,la obscurité,the darkness
réclamer,VER,,49.3,réclamer,claim
talon,NOM,m,49.25,le talon,the heel
incapable,ADJ,,49.19,incapable,incapable
source,NOM,f,49.19,la source,The source
dossier,NOM,m,49.13,le dossier,the file
fatiguer,VER,,49.09,fatiguer,to tire
communiste,NOM,m,49.05,le communiste,the communist
écrivain,NOM,m,48.99,le écrivain,the writer
restaurant,NOM,m,48.99,le restaurant,the restaurant
venu,ADJ,,48.98,venu,came
boutique,NOM,f,48.92,la boutique,the shop
débarrasser,VER,,48.91,débarrasser,rid
provoquer,VER,,48.88,provoquer,to provoke
lutter,VER,,48.81,lutter,pure
muet,ADJ,,48.77,muet,mute
tristesse,NOM,f,48.72,la tristesse,sadness
leçon,NOM,f,48.72,la leçon,the lesson
moral,ADJ,,48.71,moral,moral
imagination,NOM,f,48.580000000000005,la imagination,la imagination
clé,NOM,f,48.58,la clé,the spanner
libérer,VER,,48.55,libérer,release
chagrin,NOM,m,48.52,le chagrin,the sorrow
apparence,NOM,f,48.51,la apparence,the appearance
mordre,VER,,48.46,mordre,to bite
mission,NOM,f,48.44,la mission,the mission
parfait,ADJ,,48.39,parfait,Perfect
corde,NOM,f,48.38,la corde,the rope
préciser,VER,,48.33,préciser,to specify
voile,NOM,m,48.31,le voile,the veil
vol,NOM,m,48.31,le vol,the flight
futur,ADJ,,48.24,futur,future
douze,ADJ:num,,48.18,douze,twelve
coûter,VER,,48.13,coûter,cost
inquiet,ADJ,,48.11,inquiet,worried
quarante,ADJ:num,,48.1,quarante,forty
pot,NOM,m,48.04,le pot,the jar
voyageur,NOM,m,48.04,le voyageur,the traveler
eux-mêmes,PRO:per,,48.04,eux-mêmes,themselves
usage,NOM,m,47.98,le usage,the use
lesquels,PRO:rel,,47.91,lesquels,which ones
dedans,ADV,,47.91,dedans,inside
blessé,NOM,m,47.91,le blessé,the wounded
appliquer,VER,,47.87,appliquer,apply
entreprendre,VER,,47.86,entreprendre,undertake
rejeter,VER,,47.85,rejeter,dismiss
furieux,ADJ,,47.84,furieux,furious
montre,NOM,f,47.84,la montre,the watch
goûter,VER,,47.71,goûter,to taste
sourcil,NOM,m,47.64,le sourcil,the eyebrow
réserver,VER,,47.61,réserver,to book
composer,VER,,47.6,composer,composer
gonfler,VER,,47.59,gonfler,swell
fabriquer,VER,,47.58,fabriquer,to manufacture
principe,NOM,m,47.57,le principe,the principle
juillet,NOM,m,47.57,le juillet,July
dangereux,ADJ,,47.57,dangereux,dangerous
réel,ADJ,,47.56,réel,real
égal,ADJ,,47.5,égal,equal
sommet,NOM,m,47.5,le sommet,the summit
écrier,VER,,47.46,écrier,to write
régner,VER,,47.45,régner,reign
envers,PRE,,47.370000000000005,envers,towards
illusion,NOM,f,47.36,la illusion,the illusion
mesurer,VER,,47.3,mesurer,measure
linge,NOM,m,47.3,le linge,the linen
solide,ADJ,,47.3,solide,solid
signifier,VER,,47.24,signifier,signifier
misère,NOM,f,47.23,la misère,misery
nation,NOM,f,47.23,la nation,the nation
limite,NOM,f,47.23,la limite,the limit
commandement,NOM,m,47.23,le commandement,the command
organiser,VER,,47.190000000000005,organiser,organiser
fouiller,VER,,47.18,fouiller,rummage
souffrance,NOM,f,47.16,la souffrance,suffering
pleuvoir,VER,,47.11,pleuvoir,rain
colonel,NOM,m,47.03,le colonel,the colonel
dessous,NOM,m,46.96,le dessous,the underside
système,NOM,m,46.96,le système,the system
volant,NOM,m,46.95,le volant,the steering wheel
mouche,NOM,f,46.9,la mouche,the fly
merveilleux,ADJ,,46.89,merveilleux,wonderful
sensation,NOM,f,46.89,la sensation,the feeling
désespoir,NOM,m,46.89,le désespoir,despair
flanc,NOM,m,46.89,le flanc,the flank
fleuve,NOM,m,46.89,le fleuve,the river
déplacer,VER,,46.85,déplacer,move
origine,NOM,f,46.83,la origine,the origin
taxi,NOM,m,46.83,le taxi,the taxi
principal,ADJ,,46.77,principal,principal
inquiétude,NOM,f,46.760000000000005,la inquiétude,the worry
façade,NOM,f,46.75,la façade,the facade
grandir,VER,,46.71,grandir,to grow
retard,NOM,m,46.63,le retard,the delay
époux,NOM,m,46.63,le époux,the husband
style,NOM,m,46.63,le style,the style
espagnol,NOM,m,46.62,le espagnol,Spanish
paille,NOM,f,46.62,la paille,the straw
chanson,NOM,f,46.56,la chanson,the song
envelopper,VER,,46.49,envelopper,wrap
entretenir,VER,,46.45,entretenir,maintain
habituer,VER,,46.44,habituer,get used to
convaincre,VER,,46.39,convaincre,convince
cellule,NOM,f,46.290000000000006,la cellule,the cell
justice,NOM,f,46.29,la justice,to justice
épreuve,NOM,f,46.29,la épreuve,the test
explication,NOM,f,46.28,la explication,the explanation
quotidien,ADJ,,46.28,quotidien,daily
employer,VER,,46.23,employer,employer
domaine,NOM,m,46.22,le domaine,the domain
victime,NOM,f,46.22,la victime,the victim
raide,ADJ,,46.21,raide,steep/stiff
plaque,NOM,f,46.150000000000006,la plaque,the plate
marin,NOM,m,46.15,le marin,the sailor
rive,NOM,f,46.15,la rive,the shore
lier,VER,,46.12,lier,lier
poignée,NOM,f,46.08,la poignée,the handle
révolution,NOM,f,46.08,la révolution,the revolution
opposer,VER,,46.04,opposer,oppose
témoin,NOM,m,46.02,le témoin,the witness
grange,NOM,f,46.010000000000005,la grange,the barn
prière,NOM,f,45.95,la prière,prayer
rythme,NOM,m,45.95,le rythme,the rhythm
écho,NOM,m,45.95,le écho,the echo
flot,NOM,m,45.94,le flot,the flow
obéir,VER,,45.91,obéir,obey
choc,NOM,m,45.88,le choc,the shock
mai,NOM,m,45.88,le mai,the disease
extraordinaire,ADJ,,45.87,extraordinaire,extraordinaire
cracher,VER,,45.84,cracher,spit
physique,ADJ,,45.74,physique,physique
date,NOM,f,45.74,la date,the date
toilette,NOM,f,45.68,la toilette,the toilet
modèle,NOM,m,45.61,le modèle,the model
hippo,NOM,m,45.61,le hippo,the hippo
joyeux,ADJ,,45.6,joyeux,happy
décor,NOM,m,45.6,le décor,the decor
accent,NOM,m,45.540000000000006,le accent,the accent
armoire,NOM,f,45.54,la armoire,the wardrobe
ongle,NOM,m,45.48,le ongle,the nail
adieu,NOM,m,45.4,le adieu,the farewell
fragile,ADJ,,45.34,fragile,fragile
rage,NOM,f,45.34,la rage,rage
infini,NOM,m,45.33,le infini,the infinite
prêtre,NOM,m,45.27,le prêtre,the priest
bébé,NOM,m,45.21,le bébé,the baby
hâte,NOM,f,45.21,la hâte,haste
fesse,NOM,f,45.14,la fesse,the buttock
calmer,VER,,45.08,calmer,calmer
disposition,NOM,f,45.07,la disposition,the arrangement
peintre,NOM,m,45.07,le peintre,the painter
atelier,NOM,m,45.07,le atelier,the workshop
moustache,NOM,f,45.07,la moustache,the mustache
crime,NOM,m,45.06,le crime,the crime
inspirer,VER,,45.02,inspirer,inspire
user,VER,,45.01,user,user
portier,NOM,m,45.0,le portier,the doorman
libération,NOM,f,45.0,la libération,the liberation
viande,NOM,f,45.0,la viande,the meat
salaud,NOM,m,44.99,le salaud,the bastard
botte,NOM,f,44.93,la botte,the barrel
pardon,NOM,m,44.93,le pardon,forgiveness
enfiler,VER,,44.89,enfiler,put on
carton,NOM,m,44.87,le carton,the cardboard
thé,NOM,m,44.87,le thé,the tea
clef,NOM,f,44.87,la clef,the key
gamin,NOM,m,44.86,le gamin,the kid
accident,NOM,m,44.8,le accident,the accident
reprocher,VER,,44.74,reprocher,to reproach
dizaine,NOM,f,44.73,la dizaine,the ten
élan,NOM,m,44.73,le élan,the momentum
métal,NOM,m,44.73,le métal,the metal
tiède,ADJ,,44.73,tiède,lukewarm
opinion,NOM,f,44.66,la opinion,the opinion
appareil,NOM,m,44.66,le appareil,the device
adorer,VER,,44.63,adorer,worship
condamner,VER,,44.62,condamner,condemn
pardonner,VER,,44.61,pardonner,forgive
noter,VER,,44.53,noter,note
tâche,NOM,f,44.53,la tâche,the task
base,NOM,f,44.46,la base,the base
bouton,NOM,m,44.46,le bouton,the button
différence,NOM,f,44.46,la différence,the difference
juge,NOM,m,44.46,le juge,the judge
loup,NOM,m,44.39,le loup,the wolf
répandre,VER,,44.34,répandre,spread
géant,NOM,m,44.32,le géant,the giant
exercer,VER,,44.29,exercer,exercise
imbécile,NOM,m,44.19,le imbécile,the fool
cimetière,NOM,m,44.18,le cimetière,the cemetery
apprécier,VER,,44.16,apprécier,appreciate
environ,ADV,,44.120000000000005,environ,approximately
menace,NOM,f,44.120000000000005,la menace,the threat
dépit,NOM,m,44.12,le dépit,the spite
déranger,VER,,44.0,déranger,to disturb
parc,NOM,m,43.99,le parc,the park
cheminée,NOM,f,43.98,la cheminée,the chimney
respect,NOM,m,43.85,le respect,respect
raser,VER,,43.82,raser,breeds
secrétaire,NOM,m,43.78,le secrétaire,the secretary
rivière,NOM,f,43.72,la rivière,the river
gendarme,NOM,m,43.72,le gendarme,the policeman
faillir,VER,,43.66,faillir,fail
automne,NOM,m,43.65,le automne,the fall
séjour,NOM,m,43.58,le séjour,the stay
repos,NOM,m,43.58,le repos,rest
septembre,NOM,m,43.58,le septembre,September
utiliser,VER,,43.56,utiliser,to use
division,NOM,f,43.51,la division,the split
solution,NOM,f,43.51,la solution,the solution
directeur,NOM,m,43.39,le directeur,the director
blesser,VER,,43.33,blesser,hurt
jaillir,VER,,43.26,jaillir,to spring forth
affreux,ADJ,,43.24,affreux,awful
texte,NOM,m,43.24,le texte,the text
afin de,PRE,,43.18,afin de,in order to
régulier,ADJ,,43.18,régulier,regular
matériel,NOM,m,43.11,le matériel,the material
lesquelles,PRO:rel,,43.1,lesquelles,which ones
marbre,NOM,m,43.04,le marbre,marble
mise,NOM,f,43.04,la mise,the bet
usine,NOM,f,42.97,la usine,the factory
prétexte,NOM,m,42.9,le prétexte,the pretext
soigner,VER,,42.87,soigner,to care for/treat/tend
cadre,NOM,m,42.84,le cadre,the frame
poignet,NOM,m,42.84,le poignet,the wrist
statue,NOM,f,42.84,la statue,the statue
alcool,NOM,m,42.84,le alcool,alcohol
veuf,NOM,m,42.83,le veuf,the widower
étudiant,NOM,m,42.77,le étudiant,the student
priver,VER,,42.74,priver,deprive
renvoyer,VER,,42.72,renvoyer,send back
là-haut,ADV,,42.7,là-haut,up there
inscrire,VER,,42.7,inscrire,register
immédiatement,ADV,,42.64,immédiatement,immediately
fièvre,NOM,f,42.63,la fièvre,fever
sienne,PRO:pos,,42.57,sienne,his
message,NOM,m,42.57,le message,the message
brume,NOM,f,42.57,la brume,"the mist (light, v > 1km)"
civil,ADJ,,42.51,civil,civil
zone,NOM,f,42.5,la zone,the area
ange,NOM,m,42.5,le ange,the angel
mienne,PRO:pos,,42.5,mienne,mine
coiffer,VER,,42.46,coiffer,to style
menu,NOM,m,42.44,le menu,the menu
millier,NOM,m,42.43,le millier,the thousand
roue,NOM,f,42.43,la roue,the wheel
tracer,VER,,42.38,tracer,tracer
auto,NOM,f,42.37,la auto,the car
coupe,NOM,f,42.23,la coupe,the cut
désordre,NOM,m,42.23,le désordre,the disorder
disque,NOM,m,42.17,le disque,the disk
miracle,NOM,m,42.16,le miracle,the miracle
rougir,VER,,42.11,rougir,blush
pis,ADV,,42.1,pis,bad
plaine,NOM,f,42.09,la plaine,the plain
ôter,VER,,42.06,ôter,remove
percer,VER,,42.04,percer,to pierce
chant,NOM,m,42.03,le chant,the song
ras,NOM,m,41.96,le ras,the shave
certitude,NOM,f,41.89,la certitude,certainty
période,NOM,f,41.89,la période,the period
auteur,NOM,m,41.89,le auteur,the author
tabac,NOM,m,41.89,le tabac,tobacco
presse,NOM,f,41.83,la presse,the press
foncer,VER,,41.83,foncer,to go dark
lutte,NOM,f,41.82,la lutte,the fight
centaine,NOM,f,41.82,la centaine,the hundred
vision,NOM,f,41.82,la vision,the vision
cage,NOM,f,41.82,la cage,the cage
gai,ADJ,,41.76,gai,subject
éclair,NOM,m,41.76,le éclair,the lightning
trouble,NOM,m,41.75,le trouble,the disorder
maréchal,NOM,m,41.690000000000005,le maréchal,the marshal
carreau,NOM,m,41.69,le carreau,the tile
veiller,VER,,41.67,veiller,watch over
absolu,ADJ,,41.62,absolu,absolute
auparavant,ADV,,41.62,auparavant,previously
revanche,NOM,f,41.62,la revanche,the revenge
trahir,VER,,41.57,trahir,betray
comptoir,NOM,m,41.56,le comptoir,the counter/bar
planche,NOM,f,41.56,la planche,the plank
chasseur,NOM,m,41.56,le chasseur,the hunter
volet,NOM,m,41.55,le volet,the blind
ménager,VER,,41.54,ménager,housekeeping
filet,NOM,m,41.49,le filet,the net
baigner,VER,,41.45,baigner,bathe
pli,NOM,m,41.42,le pli,the fold
imiter,VER,,41.41,imiter,imitate
chinois,ADJ,,41.36,chinois,Chinese
métro,NOM,m,41.35,le métro,the metro
enfer,NOM,m,41.35,le enfer,hell
serré,ADJ,,41.29,serré,tight
aspect,NOM,m,41.28,le aspect,the aspect
barque,NOM,f,41.28,la barque,the boat
chute,NOM,f,41.28,la chute,the fall
charge,NOM,f,41.28,la charge,the load
précéder,VER,,41.24,précéder,precede
sou,NOM,m,41.22,le sou,the penny
satisfaction,NOM,f,41.21,la satisfaction,satisfaction
hocher,VER,,41.17,hocher,nod
piste,NOM,f,41.14,la piste,the runway
charmant,ADJ,,41.14,charmant,charming
noyer,VER,,41.1,noyer,walnut
photographie,NOM,f,41.08,la photographie,photography
percevoir,VER,,41.02,percevoir,perceive
onze,ADJ:num,,41.010000000000005,onze,our
catholique,ADJ,,41.01,catholique,Catholic
méchant,ADJ,,40.94,méchant,wicked
transporter,VER,,40.89,transporter,transporter
refaire,VER,,40.84,refaire,redo
bibliothèque,NOM,f,40.74,la bibliothèque,the library
volontiers,ADV,,40.61,volontiers,gladly
frontière,NOM,f,40.47,la frontière,the border
secours,NOM,m,40.47,le secours,the rescue
sécher,VER,,40.42,sécher,sure
unité,NOM,f,40.41,la unité,the unit
putain,NOM,f,40.4,la putain,the whore
balcon,NOM,m,40.4,le balcon,the balcony
rigueur,NOM,f,40.34,la rigueur,rigor
vérifier,VER,,40.3,vérifier,check
étirer,VER,,40.28,étirer,stretch
cavalier,NOM,m,40.28,le cavalier,the rider
glacé,ADJ,,40.26,glacé,ice
décrire,VER,,40.25,décrire,describe
siffler,VER,,40.24,siffler,whistle
promesse,NOM,f,40.21,la promesse,the promise
religieux,ADJ,,40.14,religieux,religious
retraite,NOM,f,40.13,la retraite,retirement
participer,VER,,40.08,participer,participate
demande,NOM,f,40.07,la demande,the request
couvert,NOM,m,40.06,le couvert,the cover
rocher,NOM,m,40.01,le rocher,the rock
regret,NOM,m,40.0,le regret,regret
accuser,VER,,39.96,accuser,accuser
évidence,NOM,f,39.93000000000001,la évidence,the evidence
drame,NOM,m,39.93,le drame,the drama
entièrement,ADV,,39.93,entièrement,entirely
habituel,ADJ,,39.93,habituel,usual
don,NOM,m,39.86,le don,the gift
nulle,ADJ:ind,,39.86,nulle,null
parisien,ADJ,,39.74,parisien,Parisian
brave,ADJ,,39.73,brave,brave
équilibre,NOM,m,39.73,le équilibre,the balance
régime,NOM,m,39.73,le régime,the diet
série,NOM,f,39.6,la série,the series
précieux,ADJ,,39.53,précieux,precious
fixe,ADJ,,39.52,fixe,fixed
dérouler,VER,,39.48,dérouler,unroll
renverser,VER,,39.48,renverser,to spill
lumineux,ADJ,,39.46,lumineux,bright
rattraper,VER,,39.42,rattraper,to catch up
ruine,NOM,f,39.39,la ruine,to the ruins
suspendre,VER,,39.32,suspendre,suspend
emparer,VER,,39.27,emparer,seize
aîné,NOM,m,39.26,le aîné,the eldest
agent,NOM,m,39.26,le agent,the agent
jouir,VER,,39.24,jouir,enjoy
délicat,ADJ,,39.19,délicat,delicate
sécurité,NOM,f,39.120000000000005,la sécurité,security
organisation,NOM,f,39.12,la organisation,the organization
directement,ADV,,39.12,directement,directly
heurter,VER,,39.09,heurter,to hit
ouais,ADV,,39.05,ouais,Yeah
central,ADJ,,39.05,central,central
mouiller,VER,,38.94,mouiller,wet
gardien,NOM,m,38.92,le gardien,the keeper
activité,NOM,f,38.92,la activité,the activity
sensible,ADJ,,38.85,sensible,sensible
luxe,NOM,m,38.85,le luxe,luxury
télégramme,NOM,m,38.78,le télégramme,the telegram
lycée,NOM,m,38.78,le lycée,high school
bloc,NOM,m,38.78,le bloc,the block
adulte,NOM,m,38.66,le adulte,the adult
chapitre,NOM,m,38.650000000000006,le chapitre,the chapter
boulot,NOM,m,38.65,le boulot,the job
interminable,ADJ,,38.65,interminable,interminable
masque,NOM,m,38.65,le masque,the mask
protester,VER,,38.61,protester,protester
redouter,VER,,38.6,redouter,to fear
caillou,NOM,m,38.58,le caillou,the pebble
sage,ADJ,,38.58,sage,sage
casquette,NOM,f,38.58,la casquette,the cap
exact,ADJ,,38.57,exact,exact
gratter,VER,,38.53,gratter,scratch
pointer,VER,,38.52,pointer,pointer
empereur,NOM,m,38.45,le empereur,the emperor
vertu,NOM,f,38.44,la vertu,virtue
défaut,NOM,m,38.44,le défaut,the defect
tordre,VER,,38.41,tordre,twist
résultat,NOM,m,38.38,le résultat,the result
lien,NOM,m,38.38,le lien,the link
entreprise,NOM,f,38.31,la entreprise,the company
chrétien,NOM,m,38.31,le chrétien,the christian
acteur,NOM,m,38.31,le acteur,the actor
indifférence,NOM,f,38.31,la indifférence,indifference
exposer,VER,,38.23,exposer,expose
consacrer,VER,,38.21,consacrer,to devote/dedicate
fondre,VER,,38.18,fondre,melt
huile,NOM,f,38.18,la huile,the oil
nocturne,ADJ,,38.12,nocturne,nocturne
satisfaire,VER,,38.12,satisfaire,satisfy
bière,NOM,f,38.11000000000001,la bière,beer
talent,NOM,m,38.11,le talent,the talent
manifester,VER,,38.07,manifester,demonstrate
soupe,NOM,f,38.04,la soupe,the soup
prise,NOM,f,38.04,la prise,the electric socket
intime,ADJ,,38.04,intime,respondent
troubler,VER,,38.02,troubler,to disturb
rumeur,NOM,f,37.98,la rumeur,the rumor
fonction,NOM,f,37.91,la fonction,the function
cloche,NOM,f,37.9,la cloche,the bell
situer,VER,,37.87,situer,locate
virer,VER,,37.85,virer,turn
exécuter,VER,,37.8,exécuter,execute
génération,NOM,f,37.77,la génération,the generation
infirmier,NOM,m,37.77,le infirmier,the nurse
avertir,VER,,37.72,avertir,to warn
portée,NOM,f,37.71,la portée,the scope
marque,NOM,f,37.7,la marque,the brand
estimer,VER,,37.68,estimer,estimate
tailler,VER,,37.65,tailler,to cut
jusque,PRE,,37.64,jusque,until
probablement,ADV,,37.64,probablement,probably
dévorer,VER,,37.64,dévorer,devour
agréable,ADJ,,37.63,agréable,pleasant
avocat,NOM,m,37.63,le avocat,the lawyer
drapeau,NOM,m,37.63,le drapeau,the flag
rat,NOM,m,37.63,le rat,the rat
redevenir,VER,,37.59,redevenir,to become again
soumettre,VER,,37.59,soumettre,submit
enfuir,VER,,37.58,enfuir,to run away
tendu,ADJ,,37.57,tendu,tense
drifter,NOM,m,37.5,le drifter,I&#39;m drifting.
douloureux,ADJ,,37.5,douloureux,painful
balayer,VER,,37.46,balayer,sweep
luire,VER,,37.45,luire,shine
émouvoir,VER,,37.45,émouvoir,to move
samedi,NOM,m,37.44,le samedi,the Saturday
responsable,ADJ,,37.36,responsable,responsible
langage,NOM,m,37.36,le langage,the language
nerveux,ADJ,,37.3,nerveux,nervous
passant,NOM,m,37.3,le passant,the passerby
ouvrage,NOM,m,37.3,le ouvrage,the work
culotte,NOM,f,37.29,la culotte,the panties
manque,NOM,m,37.23,le manque,the lack
quels,ADJ:int,,37.23,quels,what
conviction,NOM,f,37.23,la conviction,the conviction
confus,ADJ,,37.22,confus,confused
craquer,VER,,37.19,craquer,crack
commettre,VER,,37.18,commettre,commit
intelligence,NOM,f,37.17,la intelligence,intelligence
sien,PRO:pos,,37.16,sien,see
tiroir,NOM,m,37.1,le tiroir,the drawer
indifférent,ADJ,,37.1,indifférent,indifferent
bel,ADJ,,37.09,bel,bel
bouquet,NOM,m,37.09,le bouquet,the bouquet
lame,NOM,f,37.09,la lame,the blade
réflexion,NOM,f,37.03,la réflexion,reflection
facilement,ADV,,37.03,facilement,easily
laine,NOM,f,37.02,la laine,the wool
attaque,NOM,f,37.02,la attaque,the attack
résoudre,VER,,36.98,résoudre,solve
chocolat,NOM,m,36.96,le chocolat,chocolate
mécanique,ADJ,,36.95,mécanique,mechanical
gémir,VER,,36.9,gémir,moan
brouillard,NOM,m,36.89,le brouillard,"the fog (dense, v < 1km)"
littérature,NOM,f,36.89,la littérature,literature
bâtiment,NOM,m,36.82,le bâtiment,the building
mien,PRO:pos,,36.82,mien,mien
perspective,NOM,f,36.76,la perspective,the perspective
atmosphère,NOM,f,36.69,la atmosphère,the atmosphere
commissaire,NOM,m,36.68000000000001,le commissaire,the commissioner
sentier,NOM,m,36.63,le sentier,the path
particulièrement,ADV,,36.62,particulièrement,particularly
tronc,NOM,m,36.62,le tronc,the trunk
moderne,ADJ,,36.62,moderne,modern
persuader,VER,,36.58,persuader,persuade
information,NOM,f,36.56,la information,the information
mépris,NOM,m,36.55,le mépris,contempt
dépendre,VER,,36.51,dépendre,depend
cabinet,NOM,m,36.49,le cabinet,office 
paisible,ADJ,,36.42,paisible,peaceful
reprise,NOM,f,36.42,la reprise,the recovery
changement,NOM,m,36.42,le changement,the change
combattre,VER,,36.38,combattre,combat
tissu,NOM,m,36.37,le tissu,the fabric
écriture,NOM,f,36.35,la écriture,the writing
pote,NOM,m,36.35,le pote,the buddy
innocent,ADJ,,36.29,innocent,innocent
brûlant,ADJ,,36.29,brûlant,burning
octobre,NOM,m,36.28,le octobre,October
perte,NOM,f,36.28,la perte,the loss
consulter,VER,,36.24,consulter,to consult
carrière,NOM,f,36.15,la carrière,the career
chevalier,NOM,m,36.15,le chevalier,the knight
noble,ADJ,,36.14,noble,noble
approuver,VER,,36.12,approuver,approve
écrouler,VER,,36.1,écrouler,collapse
cuivre,NOM,m,36.09,le cuivre,copper
grand-chose,PRO:ind,,36.08,grand-chose,big thing
instrument,NOM,m,36.08,le instrument,the instrument
justifier,VER,,36.03,justifier,justify
précaution,NOM,f,36.010000000000005,la précaution,precaution
gant,NOM,m,36.01,le gant,the glove
réaliser,VER,,35.98,réaliser,realize
méfier,VER,,35.98,méfier,beware
quelles,ADJ:int,,35.95,quelles,what
chacune,PRO:ind,,35.95,chacune,each
carrefour,NOM,m,35.95,le carrefour,the crossroads
grain,NOM,m,35.95,le grain,the grain
poète,NOM,m,35.95,le poète,the poet
soupir,NOM,m,35.94,le soupir,the sigh
cruel,ADJ,,35.88,cruel,cruel
absurde,ADJ,,35.88,absurde,absurd
velours,NOM,m,35.88,le velours,velvet
fantôme,NOM,m,35.879999999999995,le fantôme,the ghost
pouce,NOM,m,35.87,le pouce,the thumb
chapelle,NOM,f,35.87,la chapelle,the chapel
électrique,ADJ,,35.81,électrique,electric
attentif,ADJ,,35.75,attentif,attentive
las,ADJ,,35.74,las,the
ordonner,VER,,35.7,ordonner,order
vallée,NOM,f,35.68,la vallée,the valley
soulier,NOM,m,35.68,le soulier,the shoe
intelligent,ADJ,,35.67,intelligent,intelligent
messe,NOM,f,35.67,la messe,the mass
haïr,VER,,35.67,haïr,hate
absent,ADJ,,35.62,absent,absent
enthousiasme,NOM,m,35.61,le enthousiasme,the enthusiasm
lisse,ADJ,,35.61,lisse,smooth
officiel,ADJ,,35.55,officiel,official
soif,NOM,f,35.540000000000006,la soif,thirst
visiteur,NOM,m,35.54,le visiteur,the visitor
paume,NOM,f,35.480000000000004,la paume,the palm
toutefois,ADV,,35.47,toutefois,however
fraîcheur,NOM,f,35.47,la fraîcheur,the freshness
bondir,VER,,35.410000000000004,bondir,jump
orage,NOM,m,35.41,le orage,the storm
tels,ADJ:ind,,35.41,tels,such
veine,NOM,f,35.41,la veine,the vein
mensonge,NOM,m,35.4,le mensonge,the lie
intervenir,VER,,35.34,intervenir,to intervene
mémé,NOM,f,35.34,la mémé,the same
brusque,ADJ,,35.34,brusque,brusque
brutal,ADJ,,35.33,brutal,brutal
aigu,ADJ,,35.28,aigu,acute
instinct,NOM,m,35.27,le instinct,the instinct
danse,NOM,f,35.27,la danse,the dance
digne,ADJ,,35.27,digne,worthy
solitaire,ADJ,,35.27,solitaire,lonely
ceinture,NOM,f,35.2,la ceinture,the belt
découverte,NOM,f,35.14,la découverte,the discovery
pompe,NOM,f,35.14,la pompe,the pump
assemblée,NOM,f,35.129999999999995,la assemblée,the assembly
religion,NOM,f,35.07,la religion,the religion
serviette,NOM,f,35.07,la serviette,the towel
cabine,NOM,f,35.06,la cabine,the cabin
destiner,VER,,35.01,destiner,to destine
prolonger,VER,,35.01,prolonger,extend
apaiser,VER,,35.01,apaiser,to soothe
plante,NOM,f,35.0,la plante,in plants
sud,NOM,m,35.0,le sud,the south
race,NOM,f,34.94,la race,the race
coupable,ADJ,,34.93,coupable,guilty
tombe,NOM,f,34.870000000000005,la tombe,the grave
conséquence,NOM,f,34.86,la conséquence,the consequence
précisément,ADV,,34.8,précisément,precisely
local,NOM,m,34.74,le local,the local
moine,NOM,m,34.730000000000004,le moine,the monk
hélas,ONO,,34.73,hélas,Alas
trésor,NOM,m,34.67,le trésor,the treasure
fonder,VER,,34.67,fonder,fonder
soupçonner,VER,,34.61,soupçonner,suspect
profondément,ADV,,34.59,profondément,deeply
mouchoir,NOM,m,34.59,le mouchoir,the handkerchief
matinée,NOM,f,34.59,la matinée,the morning
border,VER,,34.55,border,border
massif,ADJ,,34.53,massif,massive
muscle,NOM,m,34.53,le muscle,the muscle
écart,NOM,m,34.529999999999994,le écart,the gap
"mou,mol",ADJ,,34.52,"mou,mol","mou,mol"
consentir,VER,,34.5,consentir,consent
supplier,VER,,34.480000000000004,supplier,supplier
tarder,VER,,34.47,tarder,delay
bousculer,VER,,34.47,bousculer,to jostle
acier,NOM,m,34.46,le acier,the steel
débarquer,VER,,34.4,débarquer,land
placard,NOM,m,34.39,le placard,the cupboard
soigneusement,ADV,,34.39,soigneusement,thoroughly
formule,NOM,f,34.39,la formule,the formula
féminin,ADJ,,34.39,féminin,female
chuchoter,VER,,34.39,chuchoter,whisper
longer,VER,,34.35,longer,longer
traduire,VER,,34.34,traduire,translate
combattant,NOM,m,34.33,le combattant,the fighter
formidable,ADJ,,34.33,formidable,formidable
canne,NOM,f,34.32,la canne,the walking stick
équipe,NOM,f,34.32,la équipe,the team
cogner,VER,,34.26,cogner,to knock
exprès,ADJ,,34.26,exprès,intentionally/on purpose
élégant,ADJ,,34.26,élégant,elegant
bagnole,NOM,f,34.25,la bagnole,the car
bonhomme,NOM,m,34.25,le bonhomme,the guy
fuite,NOM,f,34.25,la fuite,the escape
repasser,VER,,34.22,repasser,iron
précédent,ADJ,,34.2,précédent,previous
aiguille,NOM,f,34.19,la aiguille,the needle
tasse,NOM,f,34.120000000000005,la tasse,the cup
cravate,NOM,f,34.12,la cravate,the tie
liquide,NOM,m,34.06,le liquide,the liquid
rein,NOM,m,34.059999999999995,le rein,the kidney
vitrine,NOM,f,33.99,la vitrine,the shop window
publier,VER,,33.94,publier,publish
fureur,NOM,f,33.92,la fureur,the fury
revue,NOM,f,33.92,la revue,the review
tradition,NOM,f,33.92,la tradition,the tradition
excellent,ADJ,,33.92,excellent,excellent
rigoler,VER,,33.88,rigoler,to laugh
utile,ADJ,,33.86,utile,useful
pourvoir,VER,,33.82,pourvoir,to provide
succéder,VER,,33.79,succéder,succeed
impatience,NOM,f,33.79,la impatience,impatience
reine,NOM,f,33.78,la reine,the queen
nécessité,NOM,f,33.78,la nécessité,the necessity
animer,VER,,33.78,animer,animate
vu,ADJ,,33.72,vu,from
ambassadeur,NOM,m,33.72,le ambassadeur,the ambassador
villa,NOM,f,33.72,la villa,the village
échec,NOM,m,33.72,le échec,the failure
oreiller,NOM,m,33.71,le oreiller,the pillow
tranchée,NOM,f,33.71,la tranchée,the trench
population,NOM,f,33.65,la population,the population
respecter,VER,,33.61,respecter,respect
évident,ADJ,,33.58,évident,obvious
célèbre,ADJ,,33.58,célèbre,famous
patience,NOM,f,33.58,la patience,patience
abbé,NOM,m,33.52,le abbé,the abbot
discussion,NOM,f,33.52,la discussion,the discussion
brique,NOM,f,33.51,la brique,the brick
mouillé,ADJ,,33.51,mouillé,wet
déboucher,VER,,33.46,déboucher,unblock
orgueil,NOM,m,33.440000000000005,le orgueil,the pride
merveille,NOM,f,33.31,la merveille,the wonder
assurance,NOM,f,33.25,la assurance,the insurance
mme,NOM,f,33.24,la mme,the same
sel,NOM,m,33.24,le sel,the salt
aborder,VER,,33.22,aborder,to land
consoler,VER,,33.22,consoler,console
replier,VER,,33.21,replier,fold up
figer,VER,,33.2,figer,freeze
i,NOM,m,33.18,le i,the
panier,NOM,m,33.17,le panier,the basket
épuiser,VER,,33.13,épuiser,exhaust
ô,ONO,,33.11,ô,Umbrella
chiffre,NOM,m,33.11,le chiffre,the figure
marine,ADJ,,33.1,marine,marine
bouffer,VER,,33.08,bouffer,bouffer
caresse,NOM,f,33.04,la caresse,the caress
lion,NOM,m,33.04,le lion,the lion
novembre,NOM,m,33.04,le novembre,November
discret,ADJ,,33.04,discret,discreet
nègre,NOM,m,33.03,le nègre,the negro
vase,NOM,m,32.980000000000004,le vase,the vase
pressé,ADJ,,32.92,pressé,in a hurry
ménage,NOM,m,32.910000000000004,le ménage,housekeeping
démarche,NOM,f,32.91,la démarche,the approach
couche,NOM,f,32.91,la couche,the layer
niveau,NOM,m,32.9,le niveau,the level
paire,NOM,f,32.84,la paire,the pair
lac,NOM,m,32.84,le lac,the lake
enveloppe,NOM,f,32.84,la enveloppe,the envelope
familial,ADJ,,32.83,familial,familial
pipe,NOM,f,32.83,la pipe,the pipe
boucher,NOM,m,32.8,le boucher,the butcher
projeter,VER,,32.79,projeter,project
embarquer,VER,,32.79,embarquer,embark
dignité,NOM,f,32.77,la dignité,dignity
propriétaire,NOM,m,32.77,le propriétaire,the owner
sucre,NOM,m,32.77,le sucre,the sugar
wagon,NOM,m,32.77,le wagon,the wagon
découper,VER,,32.73,découper,cut out
joindre,VER,,32.72,joindre,join
admiration,NOM,f,32.709999999999994,la admiration,the admiration
envisager,VER,,32.65,envisager,consider
apparition,NOM,f,32.64,la apparition,the appearance
intéressant,ADJ,,32.64,intéressant,interesting
défiler,VER,,32.64,défiler,scroll
profondeur,NOM,f,32.64,la profondeur,the depth
blouse,NOM,f,32.63,la blouse,the blouse
adolescent,NOM,m,32.63,le adolescent,the teenager
marrer,VER,,32.6,marrer,to laugh
blessure,NOM,f,32.57,la blessure,the injury
plancher,NOM,m,32.51,le plancher,the floor
pré,NOM,m,32.5,le pré,the meadow
là-dessus,ADV,,32.5,là-dessus,on that
proie,NOM,f,32.5,la proie,the prey
nouer,VER,,32.5,nouer,to tie
ouest,NOM,m,32.5,le ouest,the west
lapin,NOM,m,32.45,le lapin,the rabbit
échange,NOM,m,32.44,le échange,the exchange
index,NOM,m,32.43,le index,the index
pile,NOM,f,32.43,la pile,the battery
barrer,VER,,32.4,barrer,sweep
séance,NOM,f,32.370000000000005,la séance,the session/sitting/performance
foyer,NOM,m,32.37,le foyer,the hearth
hanche,NOM,f,32.36,la hanche,the hip
quant,NOM,f,32.3,la quant,the quantity
pavé,NOM,m,32.29,le pavé,the paving stone
endormi,ADJ,,32.29,endormi,asleep
vieillir,VER,,32.27,vieillir,to grow old
défaire,VER,,32.26,défaire,undo
tremper,VER,,32.19,tremper,soak
unir,VER,,32.17,unir,bind
galerie,NOM,f,32.17,la galerie,at the gallery
avantage,NOM,m,32.160000000000004,le avantage,the advantage
assaut,NOM,m,32.16,le assaut,the assault
gâteau,NOM,m,32.16,le gâteau,the cake
collègue,NOM,m,32.09,le collègue,the colleague
semblant,NOM,m,32.09,le semblant,the semblance
avril,NOM,m,32.03,le avril,April
liaison,NOM,f,31.96,la liaison,the connection
racine,NOM,f,31.96,la racine,the root
étonnement,NOM,m,31.96,le étonnement,the astonishment
manivelle,NOM,f,31.96,la manivelle,the crank
résonner,VER,,31.95,résonner,resonate
intact,ADJ,,31.89,intact,intact
tenue,NOM,f,31.89,la tenue,the outfit
récupérer,VER,,31.85,récupérer,to recover
poule,NOM,f,31.83,la poule,the hen
pascal,ADJ,,31.83,pascal,pascal
respiration,NOM,f,31.83,la respiration,breathing
complice,ADJ,,31.82,complice,accomplice
obus,NOM,m,31.82,le obus,the shell
carnet,NOM,m,31.82,le carnet,the notebook
définitif,ADJ,,31.76,définitif,final
échelle,NOM,f,31.76,la échelle,the scale
ressortir,VER,,31.72,ressortir,come out
dix-huit,ADJ:num,,31.69,dix-huit,eighteen
direct,ADJ,,31.69,direct,direct
concours,NOM,m,31.69,le concours,competition
modeste,ADJ,,31.69,modeste,modest
pratique,NOM,f,31.69,la pratique,the practice
déborder,VER,,31.64,déborder,to overflow
murmure,NOM,m,31.630000000000003,le murmure,the whisper
faveur,NOM,f,31.630000000000003,la faveur,the favor
fatigué,ADJ,,31.63,fatigué,fatigue
incident,NOM,m,31.63,le incident,the incident
éternité,NOM,f,31.63,la éternité,eternity
faiblesse,NOM,f,31.62,la faiblesse,weakness
champagne,NOM,m,31.62,le champagne,champagne
transparent,ADJ,,31.62,transparent,transparent
rarement,ADV,,31.62,rarement,rarely
cahier,NOM,m,31.56,le cahier,the notebook
admirable,ADJ,,31.56,admirable,admirable
grimace,NOM,f,31.49,la grimace,the grimace
phare,NOM,m,31.49,le phare,the lighthouse
dommage,NOM,m,31.48,le dommage,the damage
grogner,VER,,31.450000000000003,grogner,growl
amer,ADJ,,31.43,amer,bitter
recueillir,VER,,31.43,recueillir,collect
individu,NOM,m,31.42,le individu,the individual
piano,NOM,m,31.42,le piano,the plans
seize,ADJ:num,,31.42,seize,seize
mars,NOM,m,31.42,le mars,March
consister,VER,,31.37,consister,consist
basculer,VER,,31.37,basculer,to fall over
emprunter,VER,,31.3,emprunter,to borrow
boche,NOM,m,31.290000000000003,le boche,the boche
tempête,NOM,f,31.290000000000003,la tempête,the storm
populaire,ADJ,,31.29,populaire,popular
clore,VER,,31.28,clore,close
virginie,NOM,m,31.28,le virginie,Virginia
affection,NOM,f,31.22,la affection,the affection
décembre,NOM,m,31.22,le décembre,December
poème,NOM,m,31.22,le poème,the poem
spécial,ADJ,,31.21,spécial,special
délivrer,VER,,31.18,délivrer,issue
orner,VER,,31.16,orner,adorn
repérer,VER,,31.16,repérer,spot
luisant,ADJ,,31.16,luisant,shiny
allusion,NOM,f,31.15,la allusion,the allusion
motif,NOM,m,31.15,le motif,the motive
enfantin,ADJ,,31.15,enfantin,childish
science,NOM,f,31.08,la science,the scientific
pêche,NOM,f,31.020000000000003,la pêche,the peach
mèche,NOM,f,31.01,la mèche,the wick
critique,NOM,m,31.01,le critique,the critic
mélange,NOM,m,31.01,le mélange,the mixture
nourriture,NOM,f,31.01,la nourriture,the food
ralentir,VER,,30.97,ralentir,to slow down
cérémonie,NOM,f,30.950000000000003,la cérémonie,the ceremony
estomac,NOM,m,30.95,le estomac,the stomach
violet,ADJ,,30.94,violet,violet
banquette,NOM,f,30.880000000000003,la banquette,the bench
cerveau,NOM,m,30.880000000000003,le cerveau,the brain
outil,NOM,m,30.88,le outil,the tool
banque,NOM,f,30.88,la banque,the bank
fréquenter,VER,,30.85,fréquenter,frequent
bombe,NOM,f,30.81,la bombe,the bomb
appui,NOM,m,30.81,le appui,the support
décidément,ADV,,30.81,décidément,definitely
âgé,ADJ,,30.74,âgé,elderly
agacer,VER,,30.71,agacer,to annoy
réaction,NOM,f,30.68,la réaction,the reaction
province,NOM,f,30.68,la province,the province
monstre,NOM,m,30.68,le monstre,the monster
siens,PRO:pos,,30.68,siens,his
élevé,ADJ,,30.68,élevé,pupil
reproche,NOM,m,30.67,le reproche,the reproach
clarté,NOM,f,30.67,la clarté,clarity
coincer,VER,,30.64,coincer,to get stuck
ricaner,VER,,30.61,ricaner,to sneer
occupation,NOM,f,30.61,la occupation,the occupation
janvier,NOM,m,30.61,le janvier,January
visible,ADJ,,30.6,visible,visible
comporter,VER,,30.58,comporter,include
introduire,VER,,30.55,introduire,introduce
possibilité,NOM,f,30.54,la possibilité,the possibility
baraque,NOM,f,30.48,la baraque,the shack
palier,NOM,m,30.48,le palier,the landing
prénom,NOM,m,30.47,le prénom,the first name
mouton,NOM,m,30.47,le mouton,the sheep
ruelle,NOM,f,30.47,la ruelle,the alley
nerf,NOM,m,30.47,le nerf,the nerve
intellectuel,NOM,m,30.47,le intellectuel,the intellectual
crayon,NOM,m,30.47,le crayon,the pencil
décrocher,VER,,30.42,décrocher,pick up
étudier,VER,,30.42,étudier,to study
crisper,VER,,30.41,crisper,crisper
encombrer,VER,,30.41,encombrer,clutter
comble,NOM,m,30.35,le comble,the height
tablier,NOM,m,30.34,le tablier,the apron
journaliste,NOM,m,30.34,le journaliste,the journalist
ambition,NOM,f,30.33,la ambition,the ambition
déployer,VER,,30.31,déployer,deploy
guérir,VER,,30.3,guérir,heal
immobiliser,VER,,30.3,immobiliser,immobilize
bâton,NOM,m,30.27,le bâton,the stick
poudre,NOM,f,30.27,la poudre,the powder
péché,NOM,m,30.27,le péché,the sin
assis,ADJ,,30.27,assis,sat
instruction,NOM,f,30.27,la instruction,the instruction
émerger,VER,,30.23,émerger,emerge
duquel,PRO:rel,,30.21,duquel,from which
piège,NOM,m,30.2,le piège,the trap
catastrophe,NOM,f,30.14,la catastrophe,the disaster
dégoût,NOM,m,30.13,le dégoût,disgust
concert,NOM,m,30.13,le concert,the concert
union,NOM,f,30.07,la union,the union
crème,NOM,f,30.0,la crème,the cream
hé,ONO,,30.0,hé,hey
étonnant,ADJ,,30.0,étonnant,amazing
paroi,NOM,f,30.0,la paroi,the wall
oubli,NOM,m,29.94,le oubli,the oblivion
fierté,NOM,f,29.93,la fierté,pride
domestique,NOM,m,29.93,le domestique,the servant
commerce,NOM,m,29.93,le commerce,trade
adopter,VER,,29.91,adopter,adopter
envoler,VER,,29.88,envoler,fly away
minuit,NOM,m,29.87,le minuit,midnight
bougie,NOM,f,29.87,la bougie,the candle
boucle,NOM,f,29.87,la boucle,the buckle
effrayer,VER,,29.86,effrayer,scare
vivement,ADV,,29.86,vivement,strongly
chauffer,VER,,29.82,chauffer,heat
invité,NOM,m,29.81,le invité,the guest
rude,ADJ,,29.8,rude,rude
coupé,ADJ,,29.79,coupé,coupé
orange,NOM,f,29.74,la orange,the orange
mousse,NOM,f,29.73,la mousse,the foam
progrès,NOM,m,29.73,le progrès,progress
connerie,NOM,f,29.73,la connerie,bullshit
comédie,NOM,f,29.73,la comédie,the comedy
sévère,ADJ,,29.73,sévère,severe
ben,NOM,m,29.73,le ben,the good ones
acquérir,VER,,29.68,acquérir,acquire
laid,ADJ,,29.67,laid,ugly (formal)
énergie,NOM,f,29.67,la énergie,the energy
beurre,NOM,m,29.66,le beurre,butter
bataillon,NOM,m,29.53,le bataillon,the battalion
innombrable,ADJ,,29.53,innombrable,innumerable
entrevoir,VER,,29.53,entrevoir,glimpse
stupide,ADJ,,29.53,stupide,stupid
apparemment,ADV,,29.53,apparemment,apparently
jusque-là,ADV,,29.53,jusque-là,so far
encre,NOM,f,29.53,la encre,the ink
louer,VER,,29.5,louer,to rent/hire
apprêter,VER,,29.5,apprêter,prepare
essence,NOM,f,29.46,la essence,the essence
habitant,NOM,m,29.46,le habitant,the inhabitant
tempe,NOM,f,29.46,la tempe,the temple
cabane,NOM,f,29.46,la cabane,the cabin
royal,ADJ,,29.46,royal,royal
canard,NOM,m,29.46,le canard,the duck
attarder,VER,,29.41,attarder,to linger
barre,NOM,f,29.4,la barre,the bar
ficher,VER,,29.35,ficher,file
démarrer,VER,,29.34,démarrer,to start up
savant,ADJ,,29.34,savant,savant
coffre,NOM,m,29.33,le coffre,the car-boot
jaloux,ADJ,,29.27,jaloux,jealous
la plupart des,ADJ:ind,,29.26,la plupart des,most of the
jugement,NOM,m,29.26,le jugement,the judgment
commode,ADJ,,29.26,commode,commode
océan,NOM,m,29.25,le océan,the ocean
aimable,ADJ,,29.25,aimable,kind
emploi,NOM,m,29.19,le emploi,the job
casque,NOM,m,29.19,le casque,the helmet
triomphe,NOM,m,29.19,le triomphe,the triumph
dalle,NOM,f,29.19,la dalle,the from
patrie,NOM,f,29.19,la patrie,the homeland
soulager,VER,,29.16,soulager,to relieve
profil,NOM,m,29.12,le profil,the profile
sanglot,NOM,m,29.12,le sanglot,the sob
forcément,ADV,,29.12,forcément,necessarily
entasser,VER,,29.08,entasser,pile up
concierge,NOM,m,29.06,le concierge,the concierge
four,NOM,m,28.99,le four,the oven
monnaie,NOM,f,28.99,la monnaie,the currency
e,NOM,m,28.99,le e,the and
employé,NOM,m,28.98,le employé,the employee
connu,ADJ,,28.91,connu,known
aspirer,VER,,28.89,aspirer,strive
quelconque,ADJ,,28.85,quelconque,any
cendre,NOM,f,28.85,la cendre,the ash
immédiat,ADJ,,28.85,immédiat,immediate
fasciner,VER,,28.81,fasciner,fascinate
quatrième,ADJ,,28.78,quatrième,fourth
responsabilité,NOM,f,28.72,la responsabilité,responsibility
absorber,VER,,28.7,absorber,absorber
blé,NOM,m,28.65,le blé,wheat
délicieux,ADJ,,28.65,délicieux,delicious
gaz,NOM,m,28.65,le gaz,gas
voleur,NOM,m,28.65,le voleur,the thief
celle-là,PRO:dem,,28.65,celle-là,that one
enterrer,VER,,28.62,enterrer,bury
fendre,VER,,28.6,fendre,split
réveil,NOM,m,28.58,le réveil,the awakening
idéal,NOM,m,28.57,le idéal,the ideal
réciter,VER,,28.53,réciter,recite
s,NOM,m,28.52,le s,THE
quoique,CON,,28.51,quoique,though
culture,NOM,f,28.51,la culture,culture
bicyclette,NOM,f,28.51,la bicyclette,the bicycle
armer,VER,,28.47,armer,arms
longueur,NOM,f,28.44,la longueur,the length
vélo,NOM,m,28.44,le vélo,the bike
policier,NOM,m,28.44,le policier,the policeman
redescendre,VER,,28.42,redescendre,go back down
ronger,VER,,28.39,ronger,ronger
malin,ADJ,,28.39,malin,malin
bêtise,NOM,f,28.380000000000003,la bêtise,stupidity
grandeur,NOM,f,28.38,la grandeur,the greatness
telles,ADJ:ind,,28.38,telles,such
musée,NOM,m,28.37,le musée,the museum
baron,NOM,m,28.25,le baron,The Baron
étoffe,NOM,f,28.25,la étoffe,the fabric
imprimer,VER,,28.25,imprimer,to print out
pénombre,NOM,f,28.24,la pénombre,the shadows
franchement,ADV,,28.24,franchement,frankly
honnête,ADJ,,28.24,honnête,honest
misérable,ADJ,,28.19,misérable,miserable
vingt-cinq,ADJ:num,,28.18,vingt-cinq,twenty five
réunion,NOM,f,28.17,la réunion,the meeting
nettoyer,VER,,28.15,nettoyer,to clean
sursauter,VER,,28.13,sursauter,to jump
surmonter,VER,,28.12,surmonter,overcome
teint,NOM,m,28.11,le teint,the complexion
demeure,NOM,f,28.11,la demeure,the house
néanmoins,CON,,28.04,néanmoins,nevertheless
paradis,NOM,m,28.04,le paradis,heaven
gré,NOM,m,28.04,le gré,the will
sinistre,ADJ,,28.03,sinistre,sinister
procurer,VER,,28.02,procurer,procure
degré,NOM,m,27.97,le degré,the degree
ravir,VER,,27.9,ravir,delight
concevoir,VER,,27.85,concevoir,design
volume,NOM,m,27.840000000000003,le volume,the volume
centimètre,NOM,m,27.84,le centimètre,the centimeter
soviétique,ADJ,,27.83,soviétique,Soviet
survivre,VER,,27.8,survivre,survive
entamer,VER,,27.8,entamer,start
distraire,VER,,27.78,distraire,distract
régulièrement,ADV,,27.77,régulièrement,regularly
entretien,NOM,m,27.77,le entretien,the interview
pan,NOM,m,27.77,le pan,the pan
plaquer,VER,,27.72,plaquer,to plate
magnifique,ADJ,,27.71,magnifique,Magnificent
ivre,ADJ,,27.71,ivre,drunk
bouquin,NOM,m,27.700000000000003,le bouquin,the book
latin,NOM,m,27.7,le latin,Latin
possession,NOM,f,27.64,la possession,possession
remords,NOM,m,27.64,le remords,remorse
flotte,NOM,f,27.64,la flotte,the fleet
superbe,ADJ,,27.630000000000003,superbe,stunning
confirmer,VER,,27.61,confirmer,confirm
encourager,VER,,27.59,encourager,encourage
mépriser,VER,,27.59,mépriser,despise
viser,VER,,27.58,viser,shows
char,NOM,m,27.57,le char,the tank
bistrot,NOM,m,27.57,le bistrot,the bistro
poupée,NOM,f,27.57,la poupée,the doll
voyager,VER,,27.52,voyager,voyager
signaler,VER,,27.52,signaler,signals
aviser,VER,,27.52,aviser,newspapers
tâcher,VER,,27.51,tâcher,stain
clou,NOM,m,27.5,le clou,the nail
habit,NOM,m,27.5,le habit,the habit
chevelure,NOM,f,27.5,la chevelure,the hair
plaisanter,VER,,27.47,plaisanter,kidding
légende,NOM,f,27.44,la légende,the legend
pêcheur,NOM,m,27.44,le pêcheur,the fisherman
canal,NOM,m,27.44,le canal,the channel
pénible,ADJ,,27.43,pénible,hard
professionnel,ADJ,,27.43,professionnel,professional
mou,ADJ,,27.43,mou,mou
tournant,NOM,m,27.43,le tournant,the turning point
esclave,NOM,m,27.42,le esclave,the slave
bourrer,VER,,27.39,bourrer,stuff
errer,VER,,27.39,errer,wander
cochon,NOM,m,27.37,le cochon,the pig
abandon,NOM,m,27.36,le abandon,the abandonment
espérance,NOM,f,27.36,la espérance,hope
exercice,NOM,m,27.36,le exercice,the exercise
gaieté,NOM,f,27.36,la gaieté,cheerfulness
gueuler,VER,,27.32,gueuler,yell
japonais,NOM,m,27.31,le japonais,Japanese
gêne,NOM,f,27.3,la gêne,the embarrassment
sonore,ADJ,,27.3,sonore,sound
dérober,VER,,27.26,dérober,steal
éducation,NOM,f,27.23,la éducation,education
souple,ADJ,,27.23,souple,flexible
créature,NOM,f,27.23,la créature,the creature
indépendance,NOM,f,27.16,la indépendance,independence
examen,NOM,m,27.16,le examen,the exam
citer,VER,,27.15,citer,quote
emmerder,VER,,27.13,emmerder,to annoy
technique,NOM,f,27.1,la technique,the technique
voûte,NOM,f,27.090000000000003,la voûte,the vault
buisson,NOM,m,27.09,le buisson,the bush
extrémité,NOM,f,27.09,la extrémité,the end
pourri,ADJ,,27.09,pourri,rotten
terreur,NOM,f,27.09,la terreur,terror
refus,NOM,m,27.03,le refus,the refusal
bouleverser,VER,,27.02,bouleverser,to upset
fromage,NOM,m,26.96,le fromage,the cheese
tragique,ADJ,,26.96,tragique,tragic
bec,NOM,m,26.96,le bec,the beak
envier,VER,,26.91,envier,envy
souris,NOM,f,26.89,la souris,the mouse
fonctionnaire,NOM,m,26.89,le fonctionnaire,the civil servant
marée,NOM,f,26.89,la marée,the tide
marié,NOM,m,26.83,le marié,the groom
communication,NOM,f,26.82,la communication,la communication
tranquillement,ADV,,26.82,tranquillement,calmly
collège,NOM,m,26.82,le collège,the college
largement,ADV,,26.76,largement,widely
vapeur,NOM,f,26.76,la vapeur,steam
conduite,NOM,f,26.76,la conduite,driving
hall,NOM,m,26.76,le hall,and hall
appétit,NOM,m,26.75,le appétit,the appetite
enfouir,VER,,26.75,enfouir,bury
jumeau,NOM,m,26.75,le jumeau,the twin
aligner,VER,,26.7,aligner,aligner
panneau,NOM,m,26.69,le panneau,the signpost
ouverture,NOM,f,26.69,la ouverture,the opening
plainte,NOM,f,26.68,la plainte,the complaint
choeur,NOM,m,26.68,le choeur,the choir
soucier,VER,,26.65,soucier,worry
capitale,NOM,f,26.63,la capitale,the capital
réellement,ADV,,26.62,réellement,really
cauchemar,NOM,m,26.62,le cauchemar,the nightmare
vertige,NOM,m,26.62,le vertige,vertigo
pin,NOM,m,26.62,le pin,the pine
écouler,VER,,26.61,écouler,flow
levé,ADJ,,26.57,levé,left
exciter,VER,,26.56,exciter,exciter
malaise,NOM,m,26.56,le malaise,the discomfort
ordure,NOM,f,26.56,la ordure,the garbage
grève,NOM,f,26.55,la grève,the strike
pisser,VER,,26.51,pisser,piss
communiquer,VER,,26.5,communiquer,communicate
plaisanterie,NOM,f,26.48,la plaisanterie,the joke
programme,NOM,m,26.48,le programme,the program
loger,VER,,26.46,loger,to lodge
débattre,VER,,26.44,débattre,discuss
administration,NOM,f,26.42,la administration,the administration
fric,NOM,m,26.42,le fric,the money
fossé,NOM,m,26.42,le fossé,the gap
cuisinier,NOM,m,26.42,le cuisinier,the cook
manoeuvre,NOM,f,26.42,la manoeuvre,the maneuver
international,ADJ,,26.36,international,international
bouffée,NOM,f,26.35,la bouffée,the puff
crépuscule,NOM,m,26.35,le crépuscule,twilight
auxquels,PRO:rel,,26.29,auxquels,to which
autobus,NOM,m,26.28,le autobus,the buses
sapin,NOM,m,26.28,le sapin,the fir tree
guider,VER,,26.25,guider,to guide
déshabiller,VER,,26.24,déshabiller,undress
abriter,VER,,26.24,abriter,shelter
banal,ADJ,,26.22,banal,holy
cité,NOM,f,26.22,la cité,the city
tente,NOM,f,26.21,la tente,the tent
coton,NOM,m,26.21,le coton,cotton
deuil,NOM,m,26.21,le deuil,mourning
crête,NOM,f,26.21,la crête,the crest
maternel,ADJ,,26.16,maternel,maternal
croissant,NOM,m,26.15,le croissant,the croissant
télé,NOM,f,26.15,la télé,the tv
ténèbres,NOM,f,26.15,la ténèbres,the darkness
couvent,NOM,m,26.15,le couvent,the convent
sympathie,NOM,f,26.14,la sympathie,sympathy
revêtir,VER,,26.11,revêtir,to put on
raccrocher,VER,,26.1,raccrocher,to hang up
incroyable,ADJ,,26.08,incroyable,amazing
sacrifice,NOM,m,26.08,le sacrifice,the sacrifice
haie,NOM,f,26.08,la haie,the hedge
comparer,VER,,26.04,comparer,compare
empoigner,VER,,26.03,empoigner,to grab
obstacle,NOM,m,26.01,le obstacle,the obstacle
épargner,VER,,25.97,épargner,save
matelas,NOM,m,25.95,le matelas,the mattress
vaisselle,NOM,f,25.94,la vaisselle,the dishes
assassin,NOM,m,25.94,le assassin,the assassin
procéder,VER,,25.91,procéder,proceed
représentant,NOM,m,25.89,le représentant,the representative
magique,ADJ,,25.880000000000003,magique,magic
soixante,ADJ:num,,25.88,soixante,sixty
ascenseur,NOM,m,25.88,le ascenseur,the elevator
aboutir,VER,,25.87,aboutir,to end
cueillir,VER,,25.85,cueillir,pick
relire,VER,,25.84,relire,reread
circuler,VER,,25.83,circuler,circulate
narine,NOM,f,25.82,la narine,the nostril
classique,ADJ,,25.81,classique,classic
ceux-là,PRO:dem,,25.81,ceux-là,those ones
thomas,NOM,m,25.81,le thomas,the thomas
lecteur,NOM,m,25.81,le lecteur,the reader
effondrer,VER,,25.76,effondrer,collapse
bond,NOM,m,25.75,le bond,the leap
ultime,ADJ,,25.75,ultime,latest
insupportable,ADJ,,25.74,insupportable,intolerable
glacer,VER,,25.74,glacer,to glaze
hérétique,NOM,m,25.74,le hérétique,the heretic
ardeur,NOM,f,25.74,la ardeur,the ardor
témoigner,VER,,25.7,témoigner,to testify
effleurer,VER,,25.69,effleurer,to touch
vaincre,VER,,25.69,vaincre,to overcome
nager,VER,,25.68,nager,swim
nappe,NOM,f,25.68,la nappe,the tablecloth
explosion,NOM,f,25.68,la explosion,the explosion
tronche,NOM,f,25.68,la tronche,the face
danseur,NOM,m,25.68,le danseur,the dancer
collection,NOM,f,25.67,la collection,the collection
automobile,NOM,f,25.67,la automobile,the automobile
réjouir,VER,,25.630000000000003,réjouir,rejoice
pavillon,NOM,m,25.61,le pavillon,the pavilion
voyou,NOM,m,25.6,le voyou,the rogue/thug
panique,NOM,f,25.6,la panique,panic
distribuer,VER,,25.56,distribuer,distribute
bal,NOM,m,25.54,le bal,the ball
régiment,NOM,m,25.54,le régiment,the regiment
file,NOM,f,25.54,la file,the line
troupeau,NOM,m,25.54,le troupeau,the herd
privé,ADJ,,25.54,privé,private
cerf,NOM,m,25.54,le cerf,the deer
whisky,NOM,m,25.48,le whisky,le whisky
horrible,ADJ,,25.47,horrible,horrible
semer,VER,,25.44,semer,to sow
frôler,VER,,25.43,frôler,to graze
approche,NOM,f,25.41,la approche,the approach
suggérer,VER,,25.37,suggérer,suggest
combler,VER,,25.35,combler,to fill in
affecter,VER,,25.35,affecter,affect
retentir,VER,,25.34,retentir,to resound
poulet,NOM,m,25.34,le poulet,the chicken
épaisseur,NOM,f,25.34,la épaisseur,the thickness
tailleur,NOM,m,25.21,le tailleur,the tailor
bassin,NOM,m,25.21,le bassin,the basin
réfugier,VER,,25.21,réfugier,réfugier
blouson,NOM,m,25.21,le blouson,the jacket
épée,NOM,f,25.200000000000003,la épée,the sword
revolver,NOM,m,25.2,le revolver,the revolver
jalousie,NOM,f,25.2,la jalousie,jealousy
réparer,VER,,25.17,réparer,fix
adversaire,NOM,m,25.14,le adversaire,the opponent
inattendu,ADJ,,25.14,inattendu,unexpected
coutume,NOM,f,25.14,la coutume,the custom
timide,ADJ,,25.14,timide,shy
hésitation,NOM,f,25.14,la hésitation,the hesitation
bol,NOM,m,25.14,le bol,the bowl
produit,NOM,m,25.07,le produit,the product
dentelle,NOM,f,25.07,la dentelle,lace
révolte,NOM,f,25.06,la révolte,the revolt
revers,NOM,m,25.0,le revers,the reverse
office,NOM,m,25.0,le office,le office
logique,NOM,f,25.0,la logique,logic
flèche,NOM,f,25.0,la flèche,the arrow
profit,NOM,m,25.0,le profit,the profit
irriter,VER,,24.95,irriter,irritate
accroupir,VER,,24.94,accroupir,squat
divin,ADJ,,24.94,divin,divine
évanouir,VER,,24.94,évanouir,faint
cigare,NOM,m,24.93,le cigare,the cigar
patient,ADJ,,24.92,patient,patient
méthode,NOM,f,24.87,la méthode,the method
détour,NOM,m,24.87,le détour,the detour
contenu,NOM,m,24.87,le contenu,the content
mortel,ADJ,,24.87,mortel,mortal
soi-même,PRO:per,,24.86,soi-même,oneself
drôlement,ADV,,24.86,drôlement,funny
croisé,ADJ,,24.85,croisé,cross
exception,NOM,f,24.8,la exception,the exception
berger,NOM,m,24.8,le berger,the sheepdog
contraindre,VER,,24.77,contraindre,to constrain
trancher,VER,,24.75,trancher,slice
pâte,NOM,f,24.74,la pâte,the dough
philosophie,NOM,f,24.73,la philosophie,philosophy
alliance,NOM,f,24.73,la alliance,the alliance
féliciter,VER,,24.68,féliciter,congratulate
dévisager,VER,,24.67,dévisager,stare
sabot,NOM,m,24.660000000000004,le sabot,the hoof
uniquement,ADV,,24.66,uniquement,uniquely
pratiquer,VER,,24.63,pratiquer,practice
charbon,NOM,m,24.6,le charbon,coal
ruisseau,NOM,m,24.6,le ruisseau,the stream
au-dessous,ADV,,24.59,au-dessous,below
vibrer,VER,,24.55,vibrer,vibrate
accumuler,VER,,24.55,accumuler,accumulate
bâtir,VER,,24.55,bâtir,build
opérer,VER,,24.55,opérer,operate
mâle,NOM,m,24.54,le mâle,the male
confidence,NOM,f,24.53,la confidence,the confidence
fauve,NOM,m,24.53,le fauve,the wild beast
venger,VER,,24.49,venger,revenge
compliqué,ADJ,,24.47,compliqué,complicated
lundi,NOM,m,24.46,le lundi,the Monday
porteur,NOM,m,24.46,le porteur,the bearer
complicité,NOM,f,24.46,la complicité,complicity
étendue,NOM,f,24.46,la étendue,the extent
buste,NOM,m,24.46,le buste,the bust
divan,NOM,m,24.46,le divan,the couch
courrier,NOM,m,24.46,le courrier,the mail
fontaine,NOM,f,24.45,la fontaine,the fountain
transmettre,VER,,24.42,transmettre,to transmit
fonctionner,VER,,24.41,fonctionner,function
renifler,VER,,24.4,renifler,sniff
nôtre,PRO:pos,,24.39,nôtre,OUR
bagage,NOM,m,24.39,le bagage,the luggage
abandonné,ADJ,,24.39,abandonné,abandoned
grenier,NOM,m,24.39,le grenier,the attic
lasser,VER,,24.34,lasser,to tire
liste,NOM,f,24.33,la liste,the list
télévision,NOM,f,24.32,la télévision,television
procès,NOM,m,24.32,le procès,the trial
chaussée,NOM,f,24.32,la chaussée,the roadway
humanité,NOM,f,24.32,la humanité,humanity
frémir,VER,,24.27,frémir,shudder
impressionner,VER,,24.26,impressionner,impress
renseigner,VER,,24.26,renseigner,to inform
battant,ADJ,,24.26,battant,beating
noeud,NOM,m,24.26,le noeud,the knot
encadrer,VER,,24.26,encadrer,frame
précision,NOM,f,24.26,la précision,precision
salade,NOM,f,24.26,la salade,the salad
plaie,NOM,f,24.25,la plaie,the wound
station,NOM,f,24.25,la station,the station
ride,NOM,f,24.25,la ride,the laugh
bavarder,VER,,24.2,bavarder,to chat
touriste,NOM,m,24.19,le touriste,the tourist
kilo,NOM,m,24.19,le kilo,and a kilo
ironie,NOM,f,24.19,la ironie,the irony
identité,NOM,f,24.19,la identité,the identity
naïf,ADJ,,24.18,naïf,naive
brouiller,VER,,24.13,brouiller,blur
garage,NOM,m,24.12,le garage,the garage
construction,NOM,f,24.12,la construction,construction
intimité,NOM,f,24.12,la intimité,the privacy
flatter,VER,,24.08,flatter,flatter
hâter,VER,,24.07,hâter,to hurry
exploser,VER,,24.07,exploser,explode
singulier,ADJ,,24.06,singulier,singular
scandale,NOM,m,24.06,le scandale,the scandal
polonais,ADJ,,24.06,polonais,Polish
seau,NOM,m,24.05,le seau,the bucket
stupeur,NOM,f,24.05,la stupeur,the stupor
flaque,NOM,f,23.99,la flaque,the puddle
néant,NOM,m,23.99,le néant,nothingness
visiblement,ADV,,23.99,visiblement,visibly
plastique,NOM,m,23.92,le plastique,plastic
joueur,NOM,m,23.91,le joueur,the player
tournée,NOM,f,23.86,la tournée,the tour
banlieue,NOM,f,23.85,la banlieue,the suburbs
douche,NOM,f,23.85,la douche,the shower
perle,NOM,f,23.85,la perle,the pearl
romain,ADJ,,23.85,romain,romain
expédier,VER,,23.8,expédier,ship
métallique,ADJ,,23.79,métallique,metallic
économie,NOM,f,23.78,la économie,the economy
accès,NOM,m,23.78,le accès,the access
énerver,VER,,23.74,énerver,to annoy
naguère,ADV,,23.72,naguère,formerly
généreux,ADJ,,23.72,généreux,generous
désastre,NOM,m,23.71,le désastre,the disaster
feuillage,NOM,m,23.71,le feuillage,the foliage
ordonnance,NOM,f,23.65,la ordonnance,the order
pincer,VER,,23.65,pincer,pincer
étape,NOM,f,23.65,la étape,the step (i.e. a stage or section)
sergent,NOM,m,23.65,le sergent,the sergeant
détendre,VER,,23.61,détendre,relax
nier,VER,,23.6,nier,nier
fourrer,VER,,23.59,fourrer,stuff
ardent,ADJ,,23.58,ardent,ardent
là-dedans,ADV,,23.58,là-dedans,in there
soupçon,NOM,m,23.58,le soupçon,the suspicion
mâchoire,NOM,f,23.58,la mâchoire,the jaw
exécution,NOM,f,23.52,la exécution,the execution
chêne,NOM,m,23.52,le chêne,the oak
duc,NOM,m,23.52,le duc,the duke
raisonnable,ADJ,,23.51,raisonnable,reasonable
définitivement,ADV,,23.51,définitivement,definitely
jeudi,NOM,m,23.51,le jeudi,the Thursday
influence,NOM,f,23.51,la influence,the influence
élégance,NOM,f,23.51,la élégance,the elegance
excuse,NOM,f,23.51,la excuse,the excuse
boucler,VER,,23.47,boucler,buckle up
récent,ADJ,,23.450000000000003,récent,recent
réagir,VER,,23.45,réagir,react
isoler,VER,,23.45,isoler,isolate
ébranler,VER,,23.45,ébranler,shake
souriant,ADJ,,23.45,souriant,smiling
légume,NOM,m,23.44,le légume,the vegetable
fatal,ADJ,,23.39,fatal,fatal
disparition,NOM,f,23.380000000000003,la disparition,the disappearance
exemplaire,ADJ,,23.380000000000003,exemplaire,copy
roche,NOM,f,23.38,la roche,the rock
écrit,NOM,m,23.38,le écrit,the writing
indispensable,ADJ,,23.38,indispensable,indispensable
capital,NOM,m,23.38,le capital,capital
vomir,VER,,23.35,vomir,to vomit
calculer,VER,,23.34,calculer,calculate
agenouiller,VER,,23.33,agenouiller,kneel
instituteur,NOM,m,23.32,le instituteur,the teacher
susciter,VER,,23.32,susciter,to arouse
étonné,ADJ,,23.31,étonné,surprised
écran,NOM,m,23.31,le écran,the screen
interdit,ADJ,,23.31,interdit,forbidden
vanter,VER,,23.27,vanter,boast
la plupart,PRO:ind,,23.24,la plupart,most
descente,NOM,f,23.24,la descente,the descent
courbe,NOM,f,23.23,la courbe,the curve
tousser,VER,,23.2,tousser,to cough
redoutable,ADJ,,23.18,redoutable,formidable
grossier,ADJ,,23.17,grossier,rude
européen,ADJ,,23.17,européen,European
ruban,NOM,m,23.17,le ruban,the ribbon
demi-heure,NOM,f,23.17,la demi-heure,half an hour
cru,ADJ,,23.17,cru,raw
bloquer,VER,,23.12,bloquer,to block
amical,ADJ,,23.12,amical,friendly
lécher,VER,,23.12,lécher,hole
urgence,NOM,f,23.110000000000003,la urgence,the emergency
fiancé,NOM,m,23.11,le fiancé,the fiancé
signal,NOM,m,23.11,le signal,the signal
dimension,NOM,f,23.11,la dimension,the size
brutalement,ADV,,23.11,brutalement,abruptly
enseigner,VER,,23.07,enseigner,teach
jus,NOM,m,23.04,le jus,the juice
enceinte,ADJ,,23.04,enceinte,pregnant
haleine,NOM,f,23.04,la haleine,breath
suprême,ADJ,,22.98,suprême,supreme
fillette,NOM,f,22.97,la fillette,the little girl
portail,NOM,m,22.97,le portail,the portal
multiplier,VER,,22.92,multiplier,multiplier
déclencher,VER,,22.92,déclencher,to release
subtil,ADJ,,22.91,subtil,subtle
poubelle,NOM,f,22.91,la poubelle,the dustbin
renseignement,NOM,m,22.91,le renseignement,intelligence
cathédrale,NOM,f,22.9,la cathédrale,the cathedral
planète,NOM,f,22.9,la planète,the planet
barrière,NOM,f,22.9,la barrière,the fence
diamant,NOM,m,22.9,le diamant,the diamond
doubler,VER,,22.86,doubler,to overtake
dépêcher,VER,,22.85,dépêcher,hurry up
mélanger,VER,,22.85,mélanger,mix
guide,NOM,m,22.840000000000003,le guide,the guide
casserole,NOM,f,22.84,la casserole,the saucepan
chaussette,NOM,f,22.84,la chaussette,the sock
vocation,NOM,f,22.83,la vocation,the vocation
cassé,ADJ,,22.83,cassé,broken
égarer,VER,,22.8,égarer,to misplace
reconnaissance,NOM,f,22.77,la reconnaissance,recognition
machinalement,ADV,,22.77,machinalement,mechanically
boeuf,NOM,m,22.77,le boeuf,the beef
rater,VER,,22.75,rater,rater
coussin,NOM,m,22.71,le coussin,the cushion
issue,NOM,f,22.71,la issue,la issue
gronder,VER,,22.71,gronder,scold
blague,NOM,f,22.7,la blague,the joke
insecte,NOM,m,22.7,le insecte,the insect
acharner,VER,,22.65,acharner,to persist
chier,VER,,22.65,chier,shit
clos,ADJ,,22.64,clos,clos
plomb,NOM,m,22.63,le plomb,lead
souligner,VER,,22.59,souligner,emphasize
exagérer,VER,,22.59,exagérer,exaggerate
imaginaire,ADJ,,22.57,imaginaire,imaginary
intense,ADJ,,22.57,intense,intense
majesté,NOM,f,22.57,la majesté,the majesty
singe,NOM,m,22.57,le singe,the monkey
ressource,NOM,f,22.5,la ressource,the resource
sincère,ADJ,,22.5,sincère,sincere
lenteur,NOM,f,22.5,la lenteur,slowness
barbier,NOM,m,22.5,le barbier,the barber
février,NOM,m,22.5,le février,February
chantier,NOM,m,22.5,le chantier,the construction site
réputation,NOM,f,22.5,la réputation,reputation
affronter,VER,,22.48,affronter,to confront
enchanter,VER,,22.46,enchanter,enchanter
rechercher,VER,,22.46,rechercher,to research
parquet,NOM,m,22.43,le parquet,the parquet floor
incendie,NOM,m,22.43,le incendie,the fire
état-major,NOM,m,22.43,le état-major,the general staff
brûlé,ADJ,,22.42,brûlé,burned
hisser,VER,,22.39,hisser,hisses
rétablir,VER,,22.39,rétablir,restore
loge,NOM,f,22.37,la loge,the lodge
bague,NOM,f,22.36,la bague,the ring (jewellery)
engloutir,VER,,22.31,engloutir,to swallow
honteux,ADJ,,22.29,honteux,ashamed
séduire,VER,,22.26,séduire,seduce
refléter,VER,,22.26,refléter,reflect
mauve,ADJ,,22.24,mauve,mauve
excès,NOM,m,22.23,le excès,the excess
bonsoir,NOM,m,22.23,le bonsoir,good evening
nouvel,ADJ,,22.23,nouvel,new
section,NOM,f,22.23,la section,the section
ancêtre,NOM,m,22.23,le ancêtre,the ancestor
adjudant,NOM,m,22.23,le adjudant,the adjutant
établissement,NOM,m,22.22,le établissement,the establishment
réchauffer,VER,,22.19,réchauffer,warm
rédiger,VER,,22.18,rédiger,write
cercueil,NOM,m,22.17,le cercueil,the coffin
cheville,NOM,f,22.17,la cheville,the ankle
tige,NOM,f,22.16,la tige,the stem
totalement,ADV,,22.16,totalement,totally
richesse,NOM,f,22.16,la richesse,wealth
arrivé,ADJ,,22.16,arrivé,arrived
philosophe,NOM,m,22.16,le philosophe,the philosopher
transport,NOM,m,22.16,le transport,transport
étrangler,VER,,22.13,étrangler,strangle
brandir,VER,,22.13,brandir,brandish
amiral,NOM,m,22.11,le amiral,the admiral
disputer,VER,,22.1,disputer,to argue
couvercle,NOM,m,22.1,le couvercle,the cover
studio,NOM,m,22.090000000000003,le studio,I study them
auxquelles,PRO:rel,,22.09,auxquelles,to which
quelques-uns,PRO:ind,,22.09,quelques-uns,some
quatorze,ADJ:num,,22.09,quatorze,fourteen
véhicule,NOM,m,22.09,le véhicule,the vehicle
faubourg,NOM,m,22.09,le faubourg,the suburb
discipline,NOM,f,22.03,la discipline,in disciplines
conférence,NOM,f,22.020000000000003,la conférence,the conference
chou,NOM,m,21.97,le chou,the cabbage
immobilité,NOM,f,21.96,la immobilité,the stillness
semelle,NOM,f,21.96,la semelle,the sole
fâcher,VER,,21.96,fâcher,to get angry
république,NOM,f,21.96,la république,the republic
grotte,NOM,f,21.96,la grotte,the caves
pourrir,VER,,21.91,pourrir,rot
attribuer,VER,,21.91,attribuer,assign
bordel,NOM,m,21.9,le bordel,the mess
lâche,ADJ,,21.89,lâche,coward
poésie,NOM,f,21.89,la poésie,poetry
saigner,VER,,21.84,saigner,bleed
coiffeur,NOM,m,21.83,le coiffeur,the hairdresser
déclaration,NOM,f,21.83,la déclaration,the statement
défaite,NOM,f,21.82,la défaite,the defeat
tranche,NOM,f,21.82,la tranche,the slice
rabattre,VER,,21.8,rabattre,fold down
planquer,VER,,21.77,planquer,hide
enchaîner,VER,,21.77,enchaîner,chain
sérieusement,ADV,,21.76,sérieusement,seriously
gentiment,ADV,,21.76,gentiment,kindly
venue,NOM,f,21.76,la venue,the coming
pression,NOM,f,21.75,la pression,the pressure
informer,VER,,21.72,informer,informer
abîmer,VER,,21.71,abîmer,to damage
spectateur,NOM,m,21.7,le spectateur,the spectator
décevoir,VER,,21.7,décevoir,disappoint
amateur,NOM,m,21.69,le amateur,the amateur
puits,NOM,m,21.69,le puits,the well
simplicité,NOM,f,21.69,la simplicité,simplicity
gigantesque,ADJ,,21.69,gigantesque,gigantic
frisson,NOM,m,21.69,le frisson,the thrill
dit,ADJ,,21.68,dit,it
buter,VER,,21.64,buter,to stumble
congé,NOM,m,21.630000000000003,le congé,the day off
pointu,ADJ,,21.63,pointu,sharp
réflexe,NOM,m,21.62,le réflexe,the reflex
nôtres,PRO:pos,,21.62,nôtres,ours
joint,ADJ,,21.62,joint,joint
surpris,ADJ,,21.62,surpris,surprised
tâter,VER,,21.59,tâter,to feel
sagesse,NOM,f,21.56,la sagesse,wisdom
aveu,NOM,m,21.56,le aveu,the confession
morne,ADJ,,21.55,morne,morne
poumon,NOM,m,21.55,le poumon,the lung
aérien,ADJ,,21.49,aérien,air
rupture,NOM,f,21.49,la rupture,the breakup
feuilleter,VER,,21.49,feuilleter,browse
mignon,ADJ,,21.48,mignon,mignon
morale,NOM,f,21.48,la morale,to morals
développer,VER,,21.45,développer,develop
ballon,NOM,m,21.42,le ballon,the ball
dérisoire,ADJ,,21.42,dérisoire,derisory
fourrure,NOM,f,21.42,la fourrure,the fur
club,NOM,m,21.42,le club,the club
miens,PRO:pos,,21.42,miens,mine
recommander,VER,,21.4,recommander,recommend
buffet,NOM,m,21.36,le buffet,the buffet
passe,NOM,f,21.36,la passe,the pass
agitation,NOM,f,21.35,la agitation,the agitation
sieur,NOM,m,21.35,le sieur,the gentleman
accabler,VER,,21.3,accabler,to overwhelm
sursaut,NOM,m,21.29,le sursaut,the start
enquête,NOM,f,21.29,la enquête,the investigation
vilain,ADJ,,21.29,vilain,naughty
remarque,NOM,f,21.29,la remarque,the remark
songe,NOM,m,21.29,le songe,the dream
voeu,NOM,m,21.29,le voeu,the wish
flanquer,VER,,21.24,flanquer,to flank
discrétion,NOM,f,21.22,la discrétion,discretion
feindre,VER,,21.22,feindre,pretend
montant,NOM,m,21.22,le montant,the amount
économique,ADJ,,21.22,économique,economic
soulagement,NOM,m,21.22,le soulagement,relief
mûr,ADJ,,21.22,mûr,wall
disparu,ADJ,,21.22,disparu,disappeared
ficelle,NOM,f,21.22,la ficelle,the string
enterrement,NOM,m,21.22,le enterrement,the burial
écolier,NOM,m,21.21,le écolier,the schoolboy
traité,NOM,m,21.15,le traité,the treaty
çà,ADV,,21.15,çà,That
portefeuille,NOM,m,21.15,le portefeuille,the wallet
hostile,ADJ,,21.15,hostile,hostile
préserver,VER,,21.14,préserver,preserve
marron,ADJ,,21.09,marron,brown
torse,NOM,m,21.08,le torse,the torso
final,ADJ,,21.08,final,final
tremblant,ADJ,,21.08,tremblant,trembling
armé,ADJ,,21.08,armé,armed
malheureusement,ADV,,21.08,malheureusement,Unfortunately
moeurs,NOM,f,21.08,la moeurs,morals
serpent,NOM,m,21.08,le serpent,the snake
cerner,VER,,21.04,cerner,cerner
contrôler,VER,,21.03,contrôler,control
jouet,NOM,m,21.02,le jouet,the toy
mélancolie,NOM,f,21.02,la mélancolie,melancholy
bijoux,NOM,m,21.01,le bijoux,the jewelry
noce,NOM,f,21.01,la noce,the night
attendrir,VER,,20.97,attendrir,to soften
augmenter,VER,,20.97,augmenter,increase
incertain,ADJ,,20.95,incertain,uncertain
jet,NOM,m,20.95,le jet,the jet
prudent,ADJ,,20.95,prudent,prudent
treize,ADJ:num,,20.95,treize,thirteen
ceux-ci,PRO:dem,,20.95,ceux-ci,these
chouette,ADJ,,20.95,chouette,cool/great
charrette,NOM,f,20.94,la charrette,the cart
considérable,ADJ,,20.94,considérable,considerable
hurlement,NOM,m,20.94,le hurlement,the howl
autoriser,VER,,20.92,autoriser,authorize
allumette,NOM,f,20.880000000000003,la allumette,the match
inquiétant,ADJ,,20.880000000000003,inquiétant,worrying
monstrueux,ADJ,,20.88,monstrueux,monstrous
vedette,NOM,f,20.88,la vedette,the star (of the show)
tendance,NOM,f,20.88,la tendance,the trend
violemment,ADV,,20.88,violemment,violently
muraille,NOM,f,20.87,la muraille,the wall
baie,NOM,f,20.87,la baie,in the bathroom
débrouiller,VER,,20.85,débrouiller,to sort out
ruer,VER,,20.83,ruer,kick
émerveiller,VER,,20.82,émerveiller,to amaze
timbre,NOM,m,20.82,le timbre,the stamp
rampe,NOM,f,20.82,la rampe,the ramp
alerte,NOM,f,20.81,la alerte,the alert
loisir,NOM,m,20.81,le loisir,leisure
commentaire,NOM,m,20.81,le commentaire,the comment
nuance,NOM,f,20.81,la nuance,the nuance
sport,NOM,m,20.81,le sport,sport
ronde,NOM,f,20.81,la ronde,the round
coudre,VER,,20.77,coudre,sew
réussite,NOM,f,20.75,la réussite,success
musicien,NOM,m,20.74,le musicien,the musician
rempli,ADJ,,20.74,rempli,completed
peint,ADJ,,20.73,peint,painted
revivre,VER,,20.7,revivre,relive
actuel,ADJ,,20.68,actuel,current
marre,ADV,,20.68,marre,GET
falaise,NOM,f,20.67,la falaise,the cliff
conclusion,NOM,f,20.67,la conclusion,the conclusion
royaume,NOM,m,20.67,le royaume,the kingdom
déplaire,VER,,20.63,déplaire,to displease
échouer,VER,,20.63,échouer,to fail
propriété,NOM,f,20.61,la propriété,the property
confusion,NOM,f,20.61,la confusion,the confusion
couronne,NOM,f,20.61,la couronne,the crown
tuyau,NOM,m,20.61,le tuyau,the pipe
guise,NOM,f,20.61,la guise,the guise
chèvre,NOM,f,20.61,la chèvre,the goat
piétiner,VER,,20.61,piétiner,trample
borne,NOM,f,20.61,la borne,the borne
révélation,NOM,f,20.6,la révélation,the revelation
abîme,NOM,m,20.6,le abîme,the abyss
tentation,NOM,f,20.6,la tentation,the temptation
affoler,VER,,20.56,affoler,panic
dépouiller,VER,,20.56,dépouiller,strip
ressort,NOM,m,20.54,le ressort,the spring
salope,NOM,f,20.54,la salope,the bitch
politesse,NOM,f,20.54,la politesse,politeness
sexuel,ADJ,,20.54,sexuel,sexual
relier,VER,,20.48,relier,relate
gaffe,NOM,f,20.48,la gaffe,the gaffe
suspect,ADJ,,20.48,suspect,suspect
fourré,NOM,m,20.47,le fourré,the thicket
rangée,NOM,f,20.47,la rangée,the row
tube,NOM,m,20.47,le tube,the tube
cuire,VER,,20.43,cuire,cook
tremblement,NOM,m,20.41,le tremblement,the tremor
vigne,NOM,f,20.41,la vigne,the vine
résigner,VER,,20.36,résigner,resign
démon,NOM,m,20.34,le démon,the demon
nettement,ADV,,20.34,nettement,clearly
vis-à-vis,PRE,,20.34,vis-à-vis,vis à vis
frissonner,VER,,20.34,frissonner,shiver
cortège,NOM,m,20.34,le cortège,the procession
secteur,NOM,m,20.34,le secteur,the sector
considération,NOM,f,20.33,la considération,consideration
cirer,VER,,20.3,cirer,wax
élancer,VER,,20.28,élancer,to launch
gorgée,NOM,f,20.27,la gorgée,the sip
crédit,NOM,m,20.27,le crédit,the credit
canapé,NOM,m,20.27,le canapé,the couch
pute,NOM,f,20.27,la pute,it stinks
volontaire,ADJ,,20.26,volontaire,voluntary
sacrifier,VER,,20.24,sacrifier,sacrifice
décorer,VER,,20.23,décorer,decorate
temple,NOM,m,20.21,le temple,the temple
prof,NOM,m,20.21,le prof,the professor
hôte,NOM,m,20.200000000000003,le hôte,the host
maladroit,ADJ,,20.2,maladroit,clumsy
notamment,ADV,,20.2,notamment,notably
punir,VER,,20.15,punir,punish
éclatant,ADJ,,20.14,éclatant,brilliant
proposition,NOM,f,20.14,la proposition,the proposal
pris,ADJ,,20.14,pris,price
bronze,NOM,m,20.14,le bronze,bronze
rôder,VER,,20.09,rôder,to prowl
célébrer,VER,,20.09,célébrer,celebrate
désespéré,ADJ,,20.08,désespéré,desperate
papillon,NOM,m,20.07,le papillon,the butterfly
flou,ADJ,,20.07,flou,vague
opéra,NOM,m,20.07,le opéra,the opera
suffisamment,ADV,,20.07,suffisamment,enough/sufficient
nostalgie,NOM,f,20.07,la nostalgie,to nostalgia
passager,NOM,m,20.06,le passager,the passenger
prudence,NOM,f,20.06,la prudence,caution
exceptionnel,ADJ,,20.06,exceptionnel,exceptional
chanteur,NOM,m,20.06,le chanteur,the singer
pudeur,NOM,f,20.06,la pudeur,modesty
rêveur,ADJ,,20.01,rêveur,dreamer
maudit,ADJ,,20.0,maudit,cursed
bidon,NOM,m,20.0,le bidon,the can
damoiseau,NOM,m,20.0,le damoiseau,the young man
sanglant,ADJ,,20.0,sanglant,bloody
manuscrit,NOM,m,20.0,le manuscrit,the manuscript
assistance,NOM,f,20.0,la assistance,assistance
collier,NOM,m,20.0,le collier,the necklace
illuminer,VER,,20.0,illuminer,illuminate
rempart,NOM,m,20.0,le rempart,the rampart
innocence,NOM,f,20.0,la innocence,the innocence
commenter,VER,,19.95,commenter,commenter
rock,NOM,m,19.94,le rock,the rock
pose,NOM,f,19.93,la pose,the pose
poêle,NOM,m,19.93,le poêle,the stove
ève,NOM,f,19.93,la ève,the eve
ruse,NOM,f,19.93,la ruse,to Russians
parfaire,VER,,19.880000000000003,parfaire,perfect
affiche,NOM,f,19.87,la affiche,the poster
négliger,VER,,19.87,négliger,neglect
personnalité,NOM,f,19.86,la personnalité,personality
calcul,NOM,m,19.86,le calcul,the calculation
opposé,ADJ,,19.8,opposé,opposite
chic,ADJ,,19.8,chic,chic
sournois,ADJ,,19.8,sournois,sneaky
délire,NOM,m,19.8,le délire,the delirium
servant,NOM,m,19.8,le servant,the servant
valet,NOM,m,19.8,le valet,the valet
bonté,NOM,f,19.8,la bonté,goodness
arroser,VER,,19.78,arroser,to water (plants)
éblouir,VER,,19.75,éblouir,dazzle
décoller,VER,,19.75,décoller,take off [aeroplane]
intriguer,VER,,19.74,intriguer,intrigue
gravement,ADV,,19.73,gravement,seriously
surprenant,ADJ,,19.73,surprenant,surprising
orchestre,NOM,m,19.73,le orchestre,the orchestra
délice,NOM,m,19.73,le délice,the delight
discrètement,ADV,,19.73,discrètement,discreetly
témoignage,NOM,m,19.73,le témoignage,the testimony
barrage,NOM,m,19.67,le barrage,the dam
courber,VER,,19.67,courber,bend
parer,VER,,19.67,parer,to stop
solennel,ADJ,,19.66,solennel,solemn
contrôle,NOM,m,19.66,le contrôle,the control
exaspérer,VER,,19.66,exaspérer,exasperate
inspecteur,NOM,m,19.66,le inspecteur,the inspector
prairie,NOM,f,19.66,la prairie,the prairie
peupler,VER,,19.66,peupler,populate
entrouvrir,VER,,19.62,entrouvrir,to open
contourner,VER,,19.61,contourner,bypass
dissiper,VER,,19.6,dissiper,dispel
raidir,VER,,19.6,raidir,stiffen
brosse,NOM,f,19.590000000000003,la brosse,the brush
dix-sept,ADJ:num,,19.59,dix-sept,seventeen
unes,PRO:ind,,19.59,unes,some
grincer,VER,,19.54,grincer,creak
bille,NOM,f,19.53,la bille,the ball
tentative,NOM,f,19.53,la tentative,the attempt
barreau,NOM,m,19.53,le barreau,the bar
talus,NOM,m,19.53,le talus,the embankment
cirque,NOM,m,19.53,le cirque,the circus
rouiller,VER,,19.48,rouiller,rust
déplier,VER,,19.47,déplier,unfold
saloperie,NOM,f,19.46,la saloperie,the crap
flacon,NOM,m,19.46,le flacon,le flacon
corne,NOM,f,19.46,la corne,the horn
correspondre,VER,,19.46,correspondre,match
rafale,NOM,f,19.46,la rafale,in gusts
clin,NOM,m,19.46,le clin,the wink
audace,NOM,f,19.46,la audace,the audacity
méfiance,NOM,f,19.46,la méfiance,distrust
rêverie,NOM,f,19.45,la rêverie,daydreaming
renouveler,VER,,19.42,renouveler,renew
clouer,VER,,19.41,clouer,nail
ramper,VER,,19.4,ramper,ramps
clandestin,ADJ,,19.4,clandestin,clandestine
amertume,NOM,f,19.39,la amertume,the bitterness
désagréable,ADJ,,19.39,désagréable,unpleasant
pelouse,NOM,f,19.39,la pelouse,the lawn
durée,NOM,f,19.39,la durée,the duration
tonnerre,NOM,m,19.39,le tonnerre,thunder
sombrer,VER,,19.37,sombrer,sink
convoquer,VER,,19.34,convoquer,convene
loulou,NOM,m,19.33,le loulou,the little guy
évêque,NOM,m,19.33,le évêque,the bishop
élargir,VER,,19.33,élargir,expand
monument,NOM,m,19.32,le monument,the monument
apparent,ADJ,,19.32,apparent,apparent
inscription,NOM,f,19.32,la inscription,the registration
pape,NOM,m,19.32,le pape,the pope
relief,NOM,m,19.32,le relief,the reliefs
tambour,NOM,m,19.32,le tambour,the drum
civilisation,NOM,f,19.32,la civilisation,civilization
afficher,VER,,19.27,afficher,display
limiter,VER,,19.27,limiter,limiter
laisse,NOM,f,19.26,la laisse,the leash
serrure,NOM,f,19.26,la serrure,the lock
moto,NOM,f,19.26,la moto,the motorbike
brin,NOM,m,19.26,le brin,the strand
battement,NOM,m,19.26,le battement,the beat
pigeon,NOM,m,19.26,le pigeon,the pigeon
dingue,ADJ,,19.25,dingue,crazy
cil,NOM,m,19.25,le cil,the eyelash
tasser,VER,,19.21,tasser,to pack
triompher,VER,,19.21,triompher,triumph
violer,VER,,19.2,violer,violate
effrayant,ADJ,,19.19,effrayant,scary/frightening
dialogue,NOM,m,19.19,le dialogue,the dialogue
pension,NOM,f,19.19,la pension,the pension
rouleau,NOM,m,19.19,le rouleau,the roller (painting)
rituel,NOM,m,19.19,le rituel,the ritual
traître,NOM,m,19.19,le traître,the traitor
foulard,NOM,m,19.19,le foulard,the scarf
ruisseler,VER,,19.13,ruisseler,to trickle
corbeille,NOM,f,19.13,la corbeille,the basket
pressentir,VER,,19.13,pressentir,to sense
ampoule,NOM,f,19.13,la ampoule,the bulb
masquer,VER,,19.13,masquer,hide
coq,NOM,m,19.13,le coq,the rooster
intervalle,NOM,m,19.12,le intervalle,the interval
sitôt,ADV,,19.12,sitôt,soon
permission,NOM,f,19.12,la permission,the permission
impérial,ADJ,,19.12,impérial,imperial
accourir,VER,,19.09,accourir,run
colonie,NOM,f,19.06,la colonie,at the colony
dénoncer,VER,,19.06,dénoncer,denounce
moulin,NOM,m,19.06,le moulin,the windmill
détresse,NOM,f,19.06,la détresse,distress
abord,NOM,m,19.06,le abord,the approach
historique,ADJ,,19.05,historique,historical
cinquième,ADJ,,19.05,cinquième,fifth
vendredi,NOM,m,19.05,le vendredi,the Friday
selle,NOM,f,19.05,la selle,the saddle
exclamer,VER,,19.0,exclamer,exclaim
suffisant,ADJ,,18.99,suffisant,sufficient
caporal,NOM,m,18.99,le caporal,the corporals
chiffon,NOM,m,18.99,le chiffon,the rag
insolite,ADJ,,18.99,insolite,unusual
vulgaire,ADJ,,18.99,vulgaire,vulgar
maillot,NOM,m,18.99,le maillot,the jersey
quantité,NOM,f,18.99,la quantité,the quantity
représentation,NOM,f,18.99,la représentation,the representation
climat,NOM,m,18.98,le climat,the climate
vente,NOM,f,18.98,la vente,the sale
successif,ADJ,,18.98,successif,successive
mérite,NOM,m,18.98,le mérite,the merit
identifier,VER,,18.96,identifier,identifier
vouer,VER,,18.95,vouer,to dedicate
préoccuper,VER,,18.95,préoccuper,worry
réseau,NOM,m,18.92,le réseau,the network
symbole,NOM,m,18.92,le symbole,the symbol
chevet,NOM,m,18.92,le chevet,the bedside
bénir,VER,,18.92,bénir,bless
suicide,NOM,m,18.92,le suicide,suicide
concentrer,VER,,18.92,concentrer,focus
poli,ADJ,,18.92,poli,poli
mont,NOM,m,18.91,le mont,the mountain
modifier,VER,,18.88,modifier,modifier
disperser,VER,,18.88,disperser,disperse
compliquer,VER,,18.88,compliquer,complicate
cligner,VER,,18.87,cligner,blink
multiple,ADJ,,18.86,multiple,multiple
délai,NOM,m,18.85,le délai,the deadline
guerrier,NOM,m,18.85,le guerrier,the warrior
tir,NOM,m,18.85,le tir,the shot
rauque,ADJ,,18.85,rauque,hoarse
hangar,NOM,m,18.85,le hangar,the shed
ciment,NOM,m,18.85,le ciment,cement
nid,NOM,m,18.85,le nid,the nest
amusant,ADJ,,18.85,amusant,amusing
commerçant,NOM,m,18.84,le commerçant,the shopkeeper/trader
pistolet,NOM,m,18.79,le pistolet,the gun
convoi,NOM,m,18.78,le convoi,the convoy
clientèle,NOM,f,18.78,la clientèle,the clientele
frangin,NOM,m,18.78,le frangin,the brother
antique,ADJ,,18.78,antique,antique
contrer,VER,,18.73,contrer,counter
réduit,NOM,m,18.73,le réduit,the reduced
création,NOM,f,18.72,la création,the creation
commande,NOM,f,18.72,la commande,the order
oublié,ADJ,,18.71,oublié,forget
refuge,NOM,m,18.65,le refuge,the shelter
salive,NOM,f,18.65,la salive,saliva
rebord,NOM,m,18.65,le rebord,the ledge
steppe,NOM,f,18.65,la steppe,the steppe
puer,VER,,18.65,puer,few
sentimental,ADJ,,18.64,sentimental,sentimental
occidental,ADJ,,18.64,occidental,western
vendeur,NOM,m,18.64,le vendeur,the seller
sain,ADJ,,18.64,sain,I got
impatient,ADJ,,18.6,impatient,impatient
engouffrer,VER,,18.6,engouffrer,to swallow
douzaine,NOM,f,18.59,la douzaine,the dozen
âne,NOM,m,18.58,le âne,the donkey
moue,NOM,f,18.58,la moue,the pout
bonnet,NOM,m,18.58,le bonnet,the hat
inverse,ADJ,,18.58,inverse,inverse
fini,ADJ,,18.57,fini,ends
mineur,NOM,m,18.56,le mineur,the minor
gâcher,VER,,18.53,gâcher,to waste
médiocre,ADJ,,18.52,médiocre,poor
sucer,VER,,18.52,sucer,suck
bâiller,VER,,18.52,bâiller,yawn
cristal,NOM,m,18.52,le cristal,the crystal
litre,NOM,m,18.51,le litre,the liter
trahison,NOM,f,18.51,la trahison,the betrayal
communal,NOM,m,18.51,le communal,the communal
épisode,NOM,m,18.51,le épisode,the episode
rouvrir,VER,,18.48,rouvrir,reopen
inférieur,ADJ,,18.46,inférieur,lower
engagement,NOM,m,18.45,le engagement,the commitment
vice,NOM,m,18.45,le vice,vice
glorieux,ADJ,,18.45,glorieux,glorious
humble,ADJ,,18.45,humble,humble
musette,NOM,f,18.44,la musette,the bagpipe
graver,VER,,18.4,graver,graver
tabouret,NOM,m,18.380000000000003,le tabouret,the stool
album,NOM,m,18.380000000000003,le album,the album
gouverneur,NOM,m,18.380000000000003,le gouverneur,the governor
mêmes,PRO:ind,,18.38,mêmes,same
indien,ADJ,,18.38,indien,if
manie,NOM,f,18.38,la manie,in anger
provisoire,ADJ,,18.37,provisoire,provisional
graisse,NOM,f,18.32,la graisse,fat
sonnerie,NOM,f,18.32,la sonnerie,the ringtone
insulter,VER,,18.32,insulter,insult
caprice,NOM,m,18.31,le caprice,the whim
fouet,NOM,m,18.31,le fouet,the whip
fidélité,NOM,f,18.31,la fidélité,loyalty
marquis,NOM,m,18.3,le marquis,the marquis
perron,NOM,m,18.25,le perron,the steps
invitation,NOM,f,18.25,la invitation,the invitation
lisière,NOM,f,18.25,la lisière,the edge
ronfler,VER,,18.25,ronfler,snore
zéro,NOM,m,18.25,le zéro,the zero
fusiller,VER,,18.25,fusiller,shoot
tribu,NOM,f,18.24,la tribu,the tribe
robinet,NOM,m,18.24,le robinet,the tap
épingle,NOM,f,18.24,la épingle,the pin
vainqueur,NOM,m,18.24,le vainqueur,the winner
cloison,NOM,f,18.24,la cloison,the partition
perpétuel,ADJ,,18.24,perpétuel,perpetual
souverain,ADJ,,18.18,souverain,sovereign
favori,ADJ,,18.18,favori,favorite
fracas,NOM,m,18.18,le fracas,the crash
clairement,ADV,,18.18,clairement,clearly
argument,NOM,m,18.17,le argument,the argument
probable,ADJ,,18.17,probable,probable
contribuer,VER,,18.13,contribuer,contribute
couché,ADJ,,18.12,couché,layer
littéraire,ADJ,,18.11,littéraire,literary
ivresse,NOM,f,18.11,la ivresse,drunkenness
souterrain,ADJ,,18.1,souterrain,underground
abaisser,VER,,18.08,abaisser,lower
garer,VER,,18.07,garer,park
inspiration,NOM,f,18.04,la inspiration,the inspiration
bercer,VER,,18.04,bercer,rock
savon,NOM,m,18.04,le savon,the soap
tribunal,NOM,m,18.04,le tribunal,the court
capote,NOM,f,18.04,la capote,the hood
alentour,NOM,m,18.04,le alentour,the surroundings
provision,NOM,f,18.04,la provision,the provision
applaudir,VER,,18.02,applaudir,applaud
mélancolique,ADJ,,17.99,mélancolique,melancholy
accélérer,VER,,17.99,accélérer,accelerate
rasoir,NOM,m,17.98,le rasoir,the razor
vanité,NOM,f,17.979999999999997,la vanité,vanity
foie,NOM,m,17.97,le foie,the liver
incompréhensible,ADJ,,17.97,incompréhensible,incomprehensible
camionnette,NOM,f,17.97,la camionnette,the van
zingaro,NOM,m,17.97,le zingaro,the gypsies
répliquer,VER,,17.93,répliquer,to replicate
ressusciter,VER,,17.93,ressusciter,resurrect
pinceau,NOM,m,17.91,le pinceau,the paintbrush
tiers,NOM,m,17.91,le tiers,the third
foin,NOM,m,17.900000000000002,le foin,the hay
éteint,ADJ,,17.9,éteint,extinct
sifflet,NOM,m,17.9,le sifflet,the whistle
ours,NOM,m,17.9,le ours,the bear
détachement,NOM,m,17.84,le détachement,the detachment
rite,NOM,m,17.84,le rite,the order
fur et à mesure,NOM,m,17.84,le fur et à mesure,as and when
vous-même,PRO:per,,17.84,vous-même,yourself
bible,NOM,f,17.84,la bible,the bible
renforcer,VER,,17.84,renforcer,to strenghten
isolé,ADJ,,17.83,isolé,isolated
araignée,NOM,f,17.83,la araignée,the spider
caler,VER,,17.8,caler,stall
maximum,NOM,m,17.78,le maximum,the maximum
clairière,NOM,f,17.77,la clairière,the clearing
tourbillon,NOM,m,17.77,le tourbillon,the whirlwind
serviteur,NOM,m,17.77,le serviteur,the servant
agence,NOM,f,17.77,la agence,the agency
moche,ADJ,,17.77,moche,ugly (informal)
accouder,VER,,17.71,accouder,lean on
balai,NOM,m,17.700000000000003,le balai,the broom
privilège,NOM,m,17.700000000000003,le privilège,the privilege
riz,NOM,m,17.7,le riz,the rice
onde,NOM,f,17.7,la onde,the wave
imprégner,VER,,17.7,imprégner,to impregnate
conquérir,VER,,17.67,conquérir,conquer
parcours,NOM,m,17.64,le parcours,the route
éclairé,ADJ,,17.64,éclairé,enlightened
photographe,NOM,m,17.64,le photographe,the photographer
pesant,ADJ,,17.64,pesant,heavy
apprenti,NOM,m,17.64,le apprenti,the apprentice
femelle,NOM,f,17.64,la femelle,the female
protection,NOM,f,17.63,la protection,protection
bâtard,NOM,m,17.63,le bâtard,the bastard
dégoûter,VER,,17.580000000000002,dégoûter,disgust
rectangle,NOM,m,17.57,le rectangle,the rectangle
pyjama,NOM,m,17.57,le pyjama,the pajamas
agripper,VER,,17.57,agripper,to grab
passionner,VER,,17.52,passionner,to excite
sirène,NOM,f,17.5,la sirène,the mermaid
gentillesse,NOM,f,17.5,la gentillesse,kindness
ministère,NOM,m,17.5,le ministère,the ministry
fabuleux,ADJ,,17.5,fabuleux,fabulous
quasi,ADV,,17.5,quasi,Almost
anneau,NOM,m,17.5,le anneau,the ring
désespérer,VER,,17.45,désespérer,to despair
excellence,NOM,f,17.43,la excellence,excellence
infiniment,ADV,,17.43,infiniment,infinitely
combinaison,NOM,f,17.43,la combinaison,the combination
atroce,ADJ,,17.43,atroce,atrocious
composition,NOM,f,17.43,la composition,the composition
commission,NOM,f,17.43,la commission,the commission
fouetter,VER,,17.4,fouetter,whip
mousson,NOM,f,17.37,la mousson,the monsoon
comique,ADJ,,17.37,comique,comic
exigence,NOM,f,17.37,la exigence,the requirement
défi,NOM,m,17.36,le défi,the challenge
exquis,ADJ,,17.36,exquis,exquisite
artillerie,NOM,f,17.36,la artillerie,the artillery
vingt-quatre,ADJ:num,,17.36,vingt-quatre,twenty-four
biais,NOM,m,17.310000000000002,le biais,the bias
dégueulasse,ADJ,,17.3,dégueulasse,disgusting
faufiler,VER,,17.3,faufiler,sneak
faculté,NOM,f,17.3,la faculté,the faculty
croûte,NOM,f,17.3,la croûte,the crust
mégot,NOM,m,17.299999999999997,le mégot,the cigarette butt
zinc,NOM,m,17.299999999999997,le zinc,le zinc
fût,NOM,m,17.29,le fût,the barrel
bavard,ADJ,,17.29,bavard,bavard
arc,NOM,m,17.29,le arc,the bow
auberge,NOM,f,17.29,la auberge,the hostel
assommer,VER,,17.27,assommer,knock out
indigner,VER,,17.26,indigner,to be indignant
dater,VER,,17.25,dater,date
voyant,ADJ,,17.23,voyant,seer
rendu,ADJ,,17.23,rendu,rendered
habillé,ADJ,,17.23,habillé,dressed
émettre,VER,,17.23,émettre,emit
institution,NOM,f,17.23,la institution,the institution
rivage,NOM,m,17.22,le rivage,the shore
rancune,NOM,f,17.22,la rancune,the grudge
notaire,NOM,m,17.22,le notaire,the notary
gravir,VER,,17.19,gravir,climb
intimider,VER,,17.18,intimider,intimidate
bombardement,NOM,m,17.17,le bombardement,the bombing
lot,NOM,m,17.169999999999998,le lot,the lot
silencieusement,ADV,,17.16,silencieusement,silently
manifestation,NOM,f,17.16,la manifestation,the demonstration
règlement,NOM,m,17.16,le règlement,the rule
gravité,NOM,f,17.16,la gravité,gravity
habile,ADJ,,17.16,habile,capable/skilled
équipage,NOM,m,17.16,le équipage,the crew
miette,NOM,f,17.16,la miette,the crumb
subsister,VER,,17.1,subsister,to subsist
m,NOM,m,17.09,le m,the m
piscine,NOM,f,17.09,la piscine,the swimming pool
lassitude,NOM,f,17.09,la lassitude,weariness
usé,ADJ,,17.08,usé,worn
geler,VER,,17.04,geler,will come
vengeance,NOM,f,17.03,la vengeance,revenge
comportement,NOM,m,17.03,le comportement,the behavior
saut,NOM,m,17.03,le saut,the jump
paternel,ADJ,,17.03,paternel,paternal
torture,NOM,f,17.03,la torture,torture
surcroît,NOM,m,17.03,le surcroît,the surplus
confort,NOM,m,17.03,le confort,comfort
sabre,NOM,m,17.03,le sabre,the saber
porche,NOM,m,17.03,le porche,the porch
pratiquement,ADV,,17.03,pratiquement,practically
écarté,ADJ,,17.02,écarté,discarded
pneu,NOM,m,17.02,le pneu,the tyre
passionné,ADJ,,17.02,passionné,keen
déguiser,VER,,16.990000000000002,déguiser,to disguise
étreindre,VER,,16.990000000000002,étreindre,hug
urgent,ADJ,,16.97,urgent,urgent
complexe,ADJ,,16.97,complexe,complex
pépé,NOM,m,16.96,le pépé,the grandpa
veau,NOM,m,16.96,le veau,the calf
forteresse,NOM,f,16.96,la forteresse,the fortress
prestige,NOM,m,16.96,le prestige,the prestige
rez-de-chaussée,NOM,m,16.96,le rez-de-chaussée,the ground floor
extrêmement,ADV,,16.96,extrêmement,extremely
peignoir,NOM,m,16.96,le peignoir,the bathrobe
spécialiste,NOM,m,16.96,le spécialiste,the specialist
dollar,NOM,m,16.96,le dollar,the dollar
achat,NOM,m,16.96,le achat,the purchase
cachette,NOM,f,16.95,la cachette,the hiding place
fichu,ADJ,,16.95,fichu,damn
adosser,VER,,16.93,adosser,lean against
enrouler,VER,,16.91,enrouler,roll up
fantaisie,NOM,f,16.9,la fantaisie,fantasy
voire,ADV,,16.89,voire,indeed / even
faiblement,ADV,,16.89,faiblement,weakly
tartine,NOM,f,16.89,la tartine,the toast
lavabo,NOM,m,16.89,le lavabo,the basin
estime,NOM,f,16.89,la estime,the esteem
généralement,ADV,,16.89,généralement,generally
garantir,VER,,16.84,garantir,to guarantee
sacrer,VER,,16.84,sacrer,to swear
esquisser,VER,,16.830000000000002,esquisser,sketch
gêné,ADJ,,16.83,gêné,embarrassed
hypothèse,NOM,f,16.83,la hypothèse,the hypothesis
lanterne,NOM,f,16.82,la lanterne,the lantern
anniversaire,NOM,m,16.82,le anniversaire,the birthday
réception,NOM,f,16.82,la réception,the reception
réplique,NOM,f,16.82,la réplique,the replica
perfection,NOM,f,16.82,la perfection,perfection
déception,NOM,f,16.82,la déception,the disappointment
révolutionnaire,ADJ,,16.82,révolutionnaire,revolutionary
constant,ADJ,,16.82,constant,constant
ignorance,NOM,f,16.82,la ignorance,ignorance
bruyant,ADJ,,16.82,bruyant,noisy
initiative,NOM,f,16.82,la initiative,la initiative
dévaler,VER,,16.78,dévaler,to go down
humour,NOM,m,16.76,le humour,humor
signification,NOM,f,16.759999999999998,la signification,the meaning
postal,ADJ,,16.759999999999998,postal,postal
foutu,ADJ,,16.759999999999998,foutu,fucked up
sorcier,NOM,m,16.75,le sorcier,the sorcerer
corvée,NOM,f,16.75,la corvée,the chore
gémissement,NOM,m,16.75,le gémissement,the moan
fumier,NOM,m,16.7,le fumier,manure
diviser,VER,,16.7,diviser,divide
rassurant,ADJ,,16.7,rassurant,reassuring
mat,ADJ,,16.7,mat,along with
trajet,NOM,m,16.69,le trajet,the journey/trip
square,NOM,m,16.69,le square,the squares
actuellement,ADV,,16.69,actuellement,Currently
touffe,NOM,f,16.69,la touffe,the tuft
excitation,NOM,f,16.69,la excitation,the excitement
pieux,ADJ,,16.69,pieux,pious
hommage,NOM,m,16.69,le hommage,the tribute
injure,NOM,f,16.689999999999998,la injure,I insulted her
étagère,NOM,f,16.68,la étagère,the shelf
menaçant,ADJ,,16.68,menaçant,threatening
compromettre,VER,,16.65,compromettre,to compromise
soucieux,ADJ,,16.63,soucieux,worried
miel,NOM,m,16.63,le miel,the honey
anonyme,ADJ,,16.63,anonyme,anonymous
clocher,NOM,m,16.63,le clocher,the bell tower
annonce,NOM,f,16.63,la annonce,the announcement
impuissance,NOM,f,16.62,la impuissance,impotence
fonds,NOM,m,16.62,le fonds,the fund
halte,NOM,f,16.62,la halte,the stop
monture,NOM,f,16.62,la monture,the mount
édition,NOM,f,16.619999999999997,la édition,the edition
favorable,ADJ,,16.619999999999997,favorable,favorable
planer,VER,,16.6,planer,plans
tapoter,VER,,16.57,tapoter,tap
cap,NOM,m,16.56,le cap,the cape
permanent,ADJ,,16.56,permanent,permanent
commencement,NOM,m,16.56,le commencement,the beginning
bulle,NOM,f,16.55,la bulle,the bubble
caoutchouc,NOM,m,16.55,le caoutchouc,rubber
pâté,NOM,m,16.55,le pâté,the pâté
poussiéreux,ADJ,,16.55,poussiéreux,dusty
veston,NOM,m,16.55,le veston,the jacket
carrément,ADV,,16.55,carrément,downright
roseau,NOM,m,16.55,le roseau,the reed
obstiner,VER,,16.54,obstiner,to persist
tacher,VER,,16.5,tacher,stain
criminel,NOM,m,16.5,le criminel,the criminal
fleurir,VER,,16.5,fleurir,to bloom
plisser,VER,,16.5,plisser,pleats
berge,NOM,f,16.490000000000002,la berge,the berge
inévitable,ADJ,,16.490000000000002,inévitable,inevitable
horloge,NOM,f,16.490000000000002,la horloge,the clock
caserne,NOM,f,16.49,la caserne,the barracks
massacre,NOM,m,16.49,le massacre,the massacre
subit,ADJ,,16.48,subit,undergone
proclamer,VER,,16.47,proclamer,proclaim
garnir,VER,,16.45,garnir,garnish
clan,NOM,m,16.42,le clan,the clan
brisé,ADJ,,16.42,brisé,breeze
conquête,NOM,f,16.42,la conquête,the conquest
scrupule,NOM,m,16.42,le scrupule,the scruple
volée,NOM,f,16.42,la volée,the volley
accueil,NOM,m,16.419999999999998,le accueil,the reception
marrant,ADJ,,16.419999999999998,marrant,funny
serveur,NOM,m,16.419999999999998,le serveur,the waiter
étreinte,NOM,f,16.41,la étreinte,the hug
baptiser,VER,,16.39,baptiser,baptize
indulgence,NOM,f,16.36,la indulgence,la indulgence
funèbre,ADJ,,16.35,funèbre,funeral
légion,NOM,f,16.35,la légion,the legion
pommette,NOM,f,16.35,la pommette,the cheekbone
torrent,NOM,m,16.35,le torrent,the torrent
près de,ADV,,16.35,près de,next to
mondial,ADJ,,16.349999999999998,mondial,world
tourmenter,VER,,16.32,tourmenter,torment
péter,VER,,16.3,péter,Peter
diminuer,VER,,16.3,diminuer,decrease
reconstituer,VER,,16.3,reconstituer,reconstitute
travailleur,NOM,m,16.290000000000003,le travailleur,the worker
protecteur,ADJ,,16.29,protecteur,protective
chauve,ADJ,,16.29,chauve,bald
ironique,ADJ,,16.29,ironique,ironic
incarner,VER,,16.29,incarner,embody
indignation,NOM,f,16.29,la indignation,the indignation
secousse,NOM,f,16.29,la secousse,the shock
effectivement,ADV,,16.28,effectivement,actually / indeed
mardi,NOM,m,16.28,le mardi,the Tuesday
nous-mêmes,PRO:per,,16.28,nous-mêmes,ourselves
touche,NOM,f,16.28,la touche,the key
contour,NOM,m,16.28,le contour,the outline
parapluie,NOM,m,16.28,le parapluie,the umbrella
manier,VER,,16.220000000000002,manier,way
rail,NOM,m,16.22,le rail,the rail
assuré,ADJ,,16.22,assuré,confident
féroce,ADJ,,16.22,féroce,fierce
gaiement,ADV,,16.22,gaiement,cheerfully
assistant,NOM,m,16.22,le assistant,the assistant
exclure,VER,,16.22,exclure,exclude
exaltation,NOM,f,16.22,la exaltation,the exaltation
harmonie,NOM,f,16.22,la harmonie,the harmony
convenable,ADJ,,16.22,convenable,suitable
avide,ADJ,,16.22,avide,greedy
proprement,ADV,,16.22,proprement,properly
légitime,ADJ,,16.21,légitime,legitimate
oriental,ADJ,,16.21,oriental,oriental
accentuer,VER,,16.169999999999998,accentuer,accentuate
allumé,ADJ,,16.16,allumé,lit
agrandir,VER,,16.150000000000002,agrandir,enlarge
objectif,NOM,m,16.15,le objectif,the objective
magazine,NOM,m,16.15,le magazine,the magazine
africain,ADJ,,16.15,africain,African
pilier,NOM,m,16.15,le pilier,the pillar
sonnette,NOM,f,16.15,la sonnette,the doorbell
terne,ADJ,,16.15,terne,dull
écume,NOM,f,16.15,la écume,the foam
demi-tour,NOM,m,16.080000000000002,le demi-tour,the half turn
corriger,VER,,16.080000000000002,corriger,to correct
parallèle,ADJ,,16.08,parallèle,parallel
continent,NOM,m,16.08,le continent,the continent
médaille,NOM,f,16.08,la médaille,the medal
bac,NOM,m,16.08,le bac,the bin
barbare,ADJ,,16.08,barbare,barbarous
reproduire,VER,,16.06,reproduire,reproduce
préféré,ADJ,,16.03,préféré,favorite
engin,NOM,m,16.02,le engin,"no, none"
fêter,VER,,16.02,fêter,celebrate
décisif,ADJ,,16.02,décisif,decisive
conducteur,NOM,m,16.02,le conducteur,the driver
document,NOM,m,16.01,le document,the document
maquis,NOM,m,16.01,le maquis,the bush
intervention,NOM,f,16.01,la intervention,the intervention
socialiste,ADJ,,16.009999999999998,socialiste,socialist
gifle,NOM,f,16.009999999999998,la gifle,the slap
orphelin,NOM,m,16.009999999999998,le orphelin,the orphan
collectif,ADJ,,15.95,collectif,collective
moquette,NOM,f,15.95,la moquette,the carpet
mairie,NOM,f,15.95,la mairie,the town hall
longue,NOM,f,15.95,la longue,the long
universel,ADJ,,15.95,universel,universal
salir,VER,,15.95,salir,go out
cierge,NOM,m,15.94,le cierge,the candle
harem,NOM,m,15.94,le harem,the harem
foire,NOM,f,15.94,la foire,the fair
douteux,ADJ,,15.94,douteux,doubtful
questionner,VER,,15.91,questionner,question
froncer,VER,,15.89,froncer,frown
gifler,VER,,15.89,gifler,slap
condamné,NOM,m,15.89,le condamné,the condemned
cire,NOM,f,15.88,la cire,the wax
épier,VER,,15.88,épier,spy
ivrogne,NOM,m,15.88,le ivrogne,the drunkard
autrichien,NOM,m,15.88,le autrichien,the austrian
application,NOM,f,15.88,la application,the application
insulte,NOM,f,15.88,la insulte,the insult
bourg,NOM,m,15.88,le bourg,the town
agressif,ADJ,,15.88,agressif,aggressive
enlacer,VER,,15.88,enlacer,hug
cruauté,NOM,f,15.87,la cruauté,cruelty
fragment,NOM,m,15.87,le fragment,the fragment
progresser,VER,,15.84,progresser,progress
déchiffrer,VER,,15.84,déchiffrer,decipher
maquiller,VER,,15.83,maquiller,make up
souiller,VER,,15.82,souiller,to defile
consigne,NOM,f,15.82,la consigne,the instruction
képi,NOM,m,15.82,le képi,the kepi
empiler,VER,,15.82,empiler,stack
plâtre,NOM,m,15.81,le plâtre,the plaster cast
cervelle,NOM,f,15.81,la cervelle,the brain
hostilité,NOM,f,15.81,la hostilité,hostility
débat,NOM,m,15.81,le débat,the debate
profession,NOM,f,15.81,la profession,the profession
crochet,NOM,m,15.81,le crochet,the hook
ticket,NOM,m,15.81,le ticket,the ticket
coiffure,NOM,f,15.81,la coiffure,the hairstyle
marchandise,NOM,f,15.81,la marchandise,the goods
gracieux,ADJ,,15.81,gracieux,gracious
mouette,NOM,f,15.81,la mouette,the seagull
partisan,NOM,m,15.75,le partisan,the partisan
habitué,NOM,m,15.75,le habitué,the regular
prunelle,NOM,f,15.75,la prunelle,the sloe
poutre,NOM,f,15.75,la poutre,the beam
étiquette,NOM,f,15.74,la étiquette,the label
trouille,NOM,f,15.74,la trouille,fear
fermeture,NOM,f,15.74,la fermeture,the closure
obligation,NOM,f,15.739999999999998,la obligation,the obligation
galet,NOM,m,15.739999999999998,le galet,the pebble
reparaître,VER,,15.7,reparaître,reappear
gésir,VER,,15.69,gésir,lie down
constamment,ADV,,15.68,constamment,constantly
fortement,ADV,,15.68,fortement,strongly
invention,NOM,f,15.670000000000002,la invention,the invention
démocratie,NOM,f,15.67,la démocratie,democracy
beau-frère,NOM,m,15.67,le beau-frère,the brother-in-law
béton,NOM,m,15.67,le béton,the concrete
organe,NOM,m,15.669999999999998,le organe,the organ
supplémentaire,ADJ,,15.669999999999998,supplémentaire,additional
stopper,VER,,15.63,stopper,stopper
embêter,VER,,15.62,embêter,
distrait,ADJ,,15.62,distrait,distracted
montée,NOM,f,15.61,la montée,the rise
recul,NOM,m,15.61,le recul,the retreat
dessécher,VER,,15.61,dessécher,to dry out
vitré,ADJ,,15.61,vitré,glazed
tension,NOM,f,15.61,la tension,the voltage
fente,NOM,f,15.61,la fente,the slot
pelle,NOM,f,15.61,la pelle,the skin
exploit,NOM,m,15.61,le exploit,the feat
vacarme,NOM,m,15.61,le vacarme,the noise
chausser,VER,,15.61,chausser,to put on
boulanger,NOM,m,15.61,le boulanger,the baker
marteau,NOM,m,15.61,le marteau,the hammer
empreinte,NOM,f,15.61,la empreinte,the imprint
parier,VER,,15.61,parier,bet
vaincu,NOM,m,15.61,le vaincu,the vanquished
gonzesse,NOM,f,15.61,la gonzesse,the chick
vigueur,NOM,f,15.61,la vigueur,vigor
besogne,NOM,f,15.6,la besogne,the work
bander,VER,,15.58,bander,gangs
survenir,VER,,15.57,survenir,occur
formuler,VER,,15.56,formuler,formulate
braquer,VER,,15.56,braquer,to rob
grouiller,VER,,15.56,grouiller,swarm
satisfait,ADJ,,15.55,satisfait,satisfied
interpeller,VER,,15.55,interpeller,to question
scruter,VER,,15.55,scruter,to scrutinize
mollet,NOM,m,15.54,le mollet,the calf (of the leg)
batterie,NOM,f,15.54,la batterie,the drum
excessif,ADJ,,15.54,excessif,excessive
subitement,ADV,,15.54,subitement,suddenly
armistice,NOM,m,15.54,le armistice,the armistice
oignon,NOM,m,15.54,le oignon,the onion
sympathique,ADJ,,15.54,sympathique,friendly
décourager,VER,,15.5,décourager,discourage
aveugler,VER,,15.49,aveugler,blind
mobile,ADJ,,15.48,mobile,mobile
vingtaine,NOM,f,15.48,la vingtaine,twenties
meurtre,NOM,m,15.48,le meurtre,the murder
vertical,ADJ,,15.48,vertical,vertical
injuste,ADJ,,15.47,injuste,unfair
meurtrier,ADJ,,15.47,meurtrier,murderer
euh,ONO,,15.47,euh,uh
monotone,ADJ,,15.47,monotone,monotone
étang,NOM,m,15.47,le étang,the pond
revenu,ADJ,,15.47,revenu,income
mitrailleur,NOM,m,15.47,le mitrailleur,the machine gunner
poursuite,NOM,f,15.47,la poursuite,the pursuit
persister,VER,,15.43,persister,persist
choquer,VER,,15.42,choquer,shock
torturer,VER,,15.42,torturer,torturer
confiture,NOM,f,15.41,la confiture,the jam
dépenser,VER,,15.41,dépenser,to spend (money)
tôle,NOM,f,15.41,la tôle,sheet metal
pétrole,NOM,m,15.41,le pétrole,oil
cuit,ADJ,,15.4,cuit,cuit
gravier,NOM,m,15.4,le gravier,gravel
aisance,NOM,f,15.4,la aisance,ease
identique,ADJ,,15.4,identique,identical
escalader,VER,,15.35,escalader,climb
alourdir,VER,,15.35,alourdir,to weigh down
mondain,ADJ,,15.35,mondain,worldly
fourneau,NOM,m,15.34,le fourneau,the stove
destruction,NOM,f,15.34,la destruction,destruction
domicile,NOM,m,15.34,le domicile,the home
rentrée,NOM,f,15.34,la rentrée,back to school
recours,NOM,m,15.34,le recours,the appeal
ambassade,NOM,f,15.34,la ambassade,the embassy
autel,NOM,m,15.34,le autel,the altar
provenir,VER,,15.34,provenir,come from
irrésistible,ADJ,,15.33,irrésistible,irresistible
assassiner,VER,,15.29,assassiner,murder
emballer,VER,,15.28,emballer,to wrap-up [an object]
minable,ADJ,,15.27,minable,pathetic
manège,NOM,m,15.27,le manège,the merry-go-round
blancheur,NOM,f,15.27,la blancheur,whiteness
baignoire,NOM,f,15.27,la baignoire,the bathtub
caché,ADJ,,15.27,caché,hidden
efficace,ADJ,,15.27,efficace,effective
imperceptible,ADJ,,15.27,imperceptible,imperceptible
observation,NOM,f,15.27,la observation,the observation
théorie,NOM,f,15.27,la théorie,the theory
discerner,VER,,15.22,discerner,discern
confortable,ADJ,,15.21,confortable,comfortable
magie,NOM,f,15.21,la magie,the magic
hanter,VER,,15.21,hanter,haunt
signature,NOM,f,15.21,la signature,the signature
effectuer,VER,,15.21,effectuer,perform
traditionnel,ADJ,,15.2,traditionnel,traditional
nazi,NOM,m,15.2,le nazi,the nazi
farouche,ADJ,,15.2,farouche,fierce
gluant,ADJ,,15.2,gluant,sticky
éléphant,NOM,m,15.2,le éléphant,the elephant
inouï,ADJ,,15.19,inouï,unheard of
dorer,VER,,15.16,dorer,brown
pâlir,VER,,15.16,pâlir,to turn pale
moite,ADJ,,15.14,moite,except
corsage,NOM,m,15.14,le corsage,the bodice
inonder,VER,,15.14,inonder,flood
expédition,NOM,f,15.14,la expédition,the expedition
lustre,NOM,m,15.14,le lustre,the chandelier
gilet,NOM,m,15.14,le gilet,the waistcoat
actif,ADJ,,15.13,actif,active
malle,NOM,f,15.13,la malle,the trunk
supprimer,VER,,15.11,supprimer,DELETE
récemment,ADV,,15.07,récemment,recently
poire,NOM,f,15.07,la poire,the pear
béret,NOM,m,15.07,le béret,the beret
conte,NOM,m,15.07,le conte,the counts
champion,NOM,m,15.06,le champion,the champion
découvert,NOM,m,15.06,le découvert,the overdraft
facilité,NOM,f,15.06,la facilité,the ease
conscient,ADJ,,15.06,conscient,aware
militant,NOM,m,15.010000000000002,le militant,the activist
empoisonner,VER,,15.01,empoisonner,poison
spirituel,ADJ,,15.01,spirituel,spiritual
grotesque,ADJ,,15.0,grotesque,grotesque
bonbon,NOM,m,15.0,le bonbon,the candy
contrat,NOM,m,15.0,le contrat,the contract
code,NOM,m,15.0,le code,the code
autoroute,NOM,f,15.0,la autoroute,the highway
partenaire,NOM,m,15.0,le partenaire,the partner
débarquement,NOM,m,15.0,le débarquement,the landing
compliment,NOM,m,15.0,le compliment,the compliment
université,NOM,f,15.0,la université,the university
taillis,NOM,m,15.0,le taillis,the thicket
mater,VER,,14.98,mater,mater
maîtriser,VER,,14.95,maîtriser,master
afin que,CON,,14.93,afin que,so that
personnellement,ADV,,14.93,personnellement,personally
fade,ADJ,,14.93,fade,fade
culte,NOM,m,14.93,le culte,the cult
chantonner,VER,,14.89,chantonner,chantonner
méditer,VER,,14.89,méditer,meditate
sieste,NOM,f,14.87,la sieste,the nap
marge,NOM,f,14.87,la marge,the margin
broder,VER,,14.87,broder,brother
couronner,VER,,14.87,couronner,crown
dessein,NOM,m,14.86,le dessein,the design
humidité,NOM,f,14.86,la humidité,humidity
essai,NOM,m,14.86,le essai,the test
elles-mêmes,PRO:per,,14.86,elles-mêmes,themselves
étrangement,ADV,,14.86,étrangement,strangely
original,ADJ,,14.85,original,original
cocher,ADJ,,14.82,cocher,tick
assumer,VER,,14.82,assumer,to assume
grossir,VER,,14.81,grossir,to grow
tournoyer,VER,,14.81,tournoyer,to spin
tordu,ADJ,,14.8,tordu,twisted
enjamber,VER,,14.8,enjamber,to step over
traversée,NOM,f,14.8,la traversée,the crossing
stade,NOM,m,14.8,le stade,the stadium
spécialement,ADV,,14.8,spécialement,especially
guitare,NOM,f,14.79,la guitare,the guitar
grondement,NOM,m,14.79,le grondement,the rumble
donné,ADJ,,14.79,donné,given
enregistrer,VER,,14.77,enregistrer,save
flairer,VER,,14.75,flairer,to sniff
breton,ADJ,,14.74,breton,breton
taule,NOM,f,14.73,la taule,the jail
pince,NOM,f,14.73,la pince,the clamp
bribe,NOM,f,14.73,la bribe,the bribe
voiler,VER,,14.73,voiler,veil
défilé,NOM,m,14.73,le défilé,the parade
citoyen,NOM,m,14.73,le citoyen,the citizen
fiche,NOM,f,14.73,la fiche,the sheet
claquement,NOM,m,14.73,le claquement,the snap
interlocuteur,NOM,m,14.73,le interlocuteur,the interlocutor
galon,NOM,m,14.73,le galon,the braid
chiotte,NOM,f,14.73,la chiotte,the toilet
stupéfait,ADJ,,14.73,stupéfait,stunned
cendrier,NOM,m,14.73,le cendrier,the ashtray
blême,ADJ,,14.73,blême,pale
souper,NOM,m,14.68,le souper,the supper
sangloter,VER,,14.68,sangloter,sob
épanouir,VER,,14.67,épanouir,to flourish
massacrer,VER,,14.66,massacrer,massacre
remous,NOM,m,14.66,le remous,the eddy
marmite,NOM,f,14.66,la marmite,the pot
publicité,NOM,f,14.66,la publicité,the advert
traitement,NOM,m,14.66,le traitement,the treatment
lourdement,ADV,,14.66,lourdement,heavily
jumelle,NOM,f,14.66,la jumelle,the twin
agonie,NOM,f,14.6,la agonie,in agony
tunnel,NOM,m,14.6,le tunnel,the tunnels
production,NOM,f,14.6,la production,production
insistance,NOM,f,14.6,la insistance,the insistence
splendeur,NOM,f,14.6,la splendeur,the splendor
majeur,ADJ,,14.6,majeur,major
affectueux,ADJ,,14.6,affectueux,affectionate
détailler,VER,,14.6,détailler,detail
furtif,ADJ,,14.59,furtif,stealthy
uni,ADJ,,14.59,uni,him/her
résumer,VER,,14.56,résumer,to summarize
brailler,VER,,14.54,brailler,to yell
définir,VER,,14.54,définir,define
municipal,ADJ,,14.54,municipal,municipal
aplatir,VER,,14.54,aplatir,flatten
retarder,VER,,14.54,retarder,retarder
case,NOM,f,14.53,la case,the box
éponge,NOM,f,14.53,la éponge,the sponge
vieillesse,NOM,f,14.53,la vieillesse,old age
calendrier,NOM,m,14.53,le calendrier,the calendar
quête,NOM,f,14.53,la quête,the quest
brigadier,NOM,m,14.53,le brigadier,the brigadier
munir,VER,,14.53,munir,munir
inerte,ADJ,,14.53,inerte,inert
tombé,ADJ,,14.53,tombé,fall
terriblement,ADV,,14.53,terriblement,terribly
arrondir,VER,,14.52,arrondir,round
privilégié,ADJ,,14.52,privilégié,privileged
charité,NOM,f,14.52,la charité,charity
désoler,VER,,14.48,désoler,sorry
puiser,VER,,14.47,puiser,draw
incruster,VER,,14.47,incruster,to embed
imprévu,NOM,m,14.47,le imprévu,the unexpected
débiter,VER,,14.47,débiter,debit
turc,ADJ,,14.47,turc,Turkish
tragédie,NOM,f,14.46,la tragédie,the tragedy
circulation,NOM,f,14.46,la circulation,traffic
proximité,NOM,f,14.46,la proximité,proximity
foudre,NOM,f,14.46,la foudre,lightning
disciple,NOM,m,14.46,le disciple,the disciple
porc,NOM,m,14.46,le porc,the pork
locataire,NOM,m,14.46,le locataire,the tenant
bouchon,NOM,m,14.46,le bouchon,the cork
compléter,VER,,14.44,compléter,complete
raccompagner,VER,,14.42,raccompagner,to accompany
traquer,VER,,14.41,traquer,track down
strict,ADJ,,14.4,strict,strict
pêcher,VER,,14.4,pêcher,sin
séparation,NOM,f,14.4,la séparation,the separation
pige,NOM,f,14.39,la pige,girl
grêle,NOM,f,14.39,la grêle,hail
milliard,NOM,m,14.39,le milliard,the billion
résolution,NOM,f,14.39,la résolution,the resolution
mi-voix,NOM,f,14.39,la mi-voix,half-voice
substance,NOM,f,14.39,la substance,the substance
capacité,NOM,f,14.39,la capacité,the capacity
mandat,NOM,m,14.33,le mandat,the mandate
inconscient,ADJ,,14.33,inconscient,unconscious
machin,NOM,m,14.33,le machin,the thing
traînée,NOM,f,14.32,la traînée,the drag
lance,NOM,f,14.32,la lance,the spear
facteur,NOM,m,14.32,le facteur,the postman
week-end,NOM,m,14.32,le week-end,the weekend
allô,ONO,,14.32,allô,Hello
odieux,ADJ,,14.32,odieux,odious
gâter,VER,,14.29,gâter,to spoil
humilier,VER,,14.28,humilier,humiliate
abuser,VER,,14.27,abuser,abuser
savourer,VER,,14.27,savourer,enjoy
rival,NOM,m,14.27,le rival,the rival
claque,NOM,f,14.260000000000002,la claque,the slap
palmier,NOM,m,14.260000000000002,le palmier,the palm tree
concernant,PRE,,14.26,concernant,concerning
thème,NOM,m,14.26,le thème,the theme
copie,NOM,f,14.259999999999998,la copie,the copy
conserve,NOM,f,14.25,la conserve,the preserve
oblique,ADJ,,14.25,oblique,oblique
lambeau,NOM,m,14.25,le lambeau,the flap
associer,VER,,14.24,associer,associate
accommoder,VER,,14.23,accommoder,accommodate
gerbe,NOM,f,14.19,la gerbe,the sheaf
tonne,NOM,f,14.19,la tonne,the ton
sportif,ADJ,,14.19,sportif,athletic
tricot,NOM,m,14.19,le tricot,knitting
chronique,NOM,f,14.19,la chronique,the chronicle
scolaire,ADJ,,14.19,scolaire,school
nullement,ADV,,14.19,nullement,not at all
fourchette,NOM,f,14.19,la fourchette,the fork
aubain,NOM,m,14.19,le aubain,the windfall
hop,ONO,,14.19,hop,hop
évolution,NOM,f,14.19,la évolution,the evolution
chandail,NOM,m,14.19,le chandail,the sweater
jouissance,NOM,f,14.18,la jouissance,enjoyment
flottant,ADJ,,14.18,flottant,floating
désarroi,NOM,m,14.13,le désarroi,the dismay
chariot,NOM,m,14.13,le chariot,the trolley
élection,NOM,f,14.12,la élection,the election
conflit,NOM,m,14.12,le conflit,the conflict
concession,NOM,f,14.12,la concession,the concession
infliger,VER,,14.08,infliger,inflict
rasseoir,VER,,14.08,rasseoir,sit down
recroqueviller,VER,,14.07,recroqueviller,curl up
enseigne,NOM,f,14.06,la enseigne,the sign
notion,NOM,f,14.06,la notion,the concept
croupe,NOM,f,14.06,la croupe,the rump
distraction,NOM,f,14.05,la distraction,distraction
émouvant,ADJ,,14.05,émouvant,moving
affaler,VER,,14.05,affaler,to collapse
nain,NOM,m,14.05,le nain,the dwarf
fosse,NOM,f,14.05,la fosse,the pit
beau-père,NOM,m,14.05,le beau-père,the stepfather
relatif,ADJ,,14.05,relatif,relatively
élémentaire,ADJ,,14.05,élémentaire,elementary
belge,ADJ,,14.04,belge,document
hérisser,VER,,14.02,hérisser,bristle
inspecter,VER,,14.0,inspecter,inspect
durcir,VER,,14.0,durcir,harden
balbutier,VER,,13.99,balbutier,balbutier
laboratoire,NOM,m,13.99,le laboratoire,the laboratory
pureté,NOM,f,13.99,la pureté,purity
paralyser,VER,,13.99,paralyser,paralyze
flamber,VER,,13.99,flamber,to flambé
platane,NOM,m,13.99,le platane,the plane tree
exposition,NOM,f,13.99,la exposition,the exhibition
feutre,NOM,m,13.99,le feutre,the felt
exil,NOM,m,13.99,le exil,the exile
éventail,NOM,m,13.99,le éventail,the fan
édifice,NOM,m,13.989999999999998,le édifice,the building
insensé,ADJ,,13.98,insensé,insane
grommeler,VER,,13.94,grommeler,grumble
glacial,ADJ,,13.93,glacial,glacial
natal,ADJ,,13.93,natal,native
délégué,NOM,m,13.93,le délégué,the delegate
griffe,NOM,f,13.920000000000002,la griffe,the claw
écharpe,NOM,f,13.920000000000002,la écharpe,the scarf
ovale,ADJ,,13.92,ovale,ovale
épuisé,ADJ,,13.92,épuisé,exhausted
colonial,ADJ,,13.92,colonial,colonial
neveu,NOM,m,13.92,le neveu,the nephew
insignifiant,ADJ,,13.92,insignifiant,insignificant
biche,NOM,f,13.92,la biche,the doe
préférence,NOM,f,13.92,la préférence,the preference
camper,VER,,13.9,camper,camper
renier,VER,,13.88,renier,to deny
embarrasser,VER,,13.87,embarrasser,embarrass
carcasse,NOM,f,13.86,la carcasse,the carcass
maire,NOM,m,13.86,le maire,the mayor
ciseau,NOM,m,13.85,le ciseau,the chisel
bagarre,NOM,f,13.85,la bagarre,the fight
débris,NOM,m,13.85,le débris,the debris
accusé,NOM,m,13.84,le accusé,the accused
rallier,VER,,13.8,rallier,to rally
manoeuvrer,VER,,13.8,manoeuvrer,maneuver
exalter,VER,,13.8,exalter,exalt
cadence,NOM,f,13.79,la cadence,the cadence
adolescence,NOM,f,13.79,la adolescence,la adolescence
chialer,VER,,13.79,chialer,to cry
sifflement,NOM,m,13.78,le sifflement,the whistle
assombrir,VER,,13.78,assombrir,darken
péril,NOM,m,13.78,le péril,the danger
lacet,NOM,m,13.78,le lacet,the shoelace
ronce,NOM,f,13.78,la ronce,the bramble
fermier,NOM,m,13.78,le fermier,the farmer
vive,ONO,,13.78,vive,lives
sculpter,VER,,13.75,sculpter,sculpt
tressaillir,VER,,13.73,tressaillir,to shudder
pois,NOM,m,13.72,le pois,the pea
ferraille,NOM,f,13.72,la ferraille,scrap metal
aviation,NOM,f,13.72,la aviation,aviation
phénomène,NOM,m,13.72,le phénomène,the phenomenon
éventuel,ADJ,,13.72,éventuel,possible
multicolore,ADJ,,13.72,multicolore,multicolored
sauce,NOM,f,13.72,la sauce,the sauce
retrait,NOM,m,13.72,le retrait,the withdrawal
drogue,NOM,f,13.72,la drogue,the drug
galop,NOM,m,13.72,le galop,the gallop
gamelle,NOM,f,13.72,la gamelle,
arrêté,ADJ,,13.71,arrêté,
toubib,NOM,m,13.71,le toubib,
comparaison,NOM,f,13.71,la comparaison,
farine,NOM,f,13.71,la farine,the flour
photographier,VER,,13.69,photographier,
humiliation,NOM,f,13.65,la humiliation,
briquet,NOM,m,13.65,le briquet,the lighter
hache,NOM,f,13.65,la hache,the axe
noyé,NOM,m,13.65,le noyé,
suisse,ADJ,,13.65,suisse,
logement,NOM,m,13.65,le logement,the accomodation
nana,NOM,f,13.65,la nana,
clinique,NOM,f,13.64,la clinique,
filtrer,VER,,13.6,filtrer,
minimum,NOM,m,13.59,le minimum,
imperméable,NOM,m,13.59,le imperméable,
délicatesse,NOM,f,13.580000000000002,la délicatesse,
tripe,NOM,f,13.58,la tripe,
boyau,NOM,m,13.58,le boyau,
règne,NOM,m,13.58,le règne,
asile,NOM,m,13.58,le asile,
bouillir,VER,,13.58,bouillir,
compartiment,NOM,m,13.579999999999998,le compartiment,
élire,VER,,13.55,élire,
balader,VER,,13.54,balader,
faucher,VER,,13.54,faucher,
intéressé,ADJ,,13.54,intéressé,
gaillard,NOM,m,13.53,le gaillard,
injustice,NOM,f,13.52,la injustice,
cultiver,VER,,13.52,cultiver,
nudité,NOM,f,13.52,la nudité,
buée,NOM,f,13.52,la buée,
correspondance,NOM,f,13.510000000000002,la correspondance,
ravissant,ADJ,,13.51,ravissant,
distraitement,ADV,,13.51,distraitement,
marmonner,VER,,13.51,marmonner,
éparpiller,VER,,13.51,éparpiller,
forcé,ADJ,,13.51,forcé,
graine,NOM,f,13.509999999999998,la graine,the seed
cramponner,VER,,13.47,cramponner,
relâcher,VER,,13.46,relâcher,release
tolérer,VER,,13.46,tolérer,
haricot,NOM,m,13.45,le haricot,the bean
pansement,NOM,m,13.45,le pansement,
coquille,NOM,f,13.45,la coquille,the shell
héritier,NOM,m,13.45,le héritier,
baguette,NOM,f,13.45,la baguette,
trentaine,NOM,f,13.45,la trentaine,
protestation,NOM,f,13.45,la protestation,
frange,NOM,f,13.45,la frange,
remède,NOM,m,13.45,le remède,
entrailles,NOM,f,13.45,la entrailles,
renfort,NOM,m,13.45,le renfort,
crasse,NOM,f,13.45,la crasse,
posé,ADJ,,13.44,posé,
craquement,NOM,m,13.44,le craquement,
puce,NOM,f,13.44,la puce,
affairer,VER,,13.4,affairer,
bredouiller,VER,,13.4,bredouiller,
évader,VER,,13.4,évader,
citron,NOM,m,13.38,le citron,the lemon
déchiré,ADJ,,13.38,déchiré,
torpeur,NOM,f,13.38,la torpeur,
détaché,ADJ,,13.38,détaché,
pogne,NOM,f,13.38,la pogne,
bâche,NOM,f,13.38,la bâche,
infernal,ADJ,,13.38,infernal,
tarte,NOM,f,13.38,la tarte,
recette,NOM,f,13.38,la recette,
tuile,NOM,f,13.38,la tuile,the tile
taureau,NOM,m,13.38,le taureau,the bull
gouffre,NOM,m,13.38,le gouffre,
supplice,NOM,m,13.38,le supplice,
grouper,VER,,13.34,grouper,
exhiber,VER,,13.33,exhiber,exhibit
contrarier,VER,,13.33,contrarier,to upset
galoper,VER,,13.32,galoper,gallop
tituber,VER,,13.32,tituber,tituber
paresseux,ADJ,,13.32,paresseux,lazy
sérail,NOM,m,13.31,le sérail,the seraglio
berceau,NOM,m,13.31,le berceau,the cradle
ennuyeux,ADJ,,13.31,ennuyeux,boring
violon,NOM,m,13.31,le violon,the violin
tomate,NOM,f,13.31,la tomate,the tomato
musulman,NOM,m,13.3,le musulman,the muslim
fugitif,ADJ,,13.3,fugitif,fugitive
borner,VER,,13.26,borner,to limit
algérien,ADJ,,13.26,algérien,Algerian
honorer,VER,,13.26,honorer,honorary
extraire,VER,,13.26,extraire,extract
triangle,NOM,m,13.25,le triangle,the triangle
intensité,NOM,f,13.25,la intensité,the intensity
sixième,ADJ,,13.24,sixième,sixth
jambon,NOM,m,13.24,le jambon,the ham
tennis,NOM,m,13.24,le tennis,tennis
prodigieux,ADJ,,13.24,prodigieux,prodigious
remarquable,ADJ,,13.24,remarquable,outstanding
boisson,NOM,f,13.24,la boisson,the drink
catégorie,NOM,f,13.24,la catégorie,the category
éblouissant,ADJ,,13.23,éblouissant,dazzling
conférer,VER,,13.21,conférer,confer
déchaîner,VER,,13.19,déchaîner,unleash
dirigeant,NOM,m,13.19,le dirigeant,the leader
mouvoir,VER,,13.19,mouvoir,move
pathétique,ADJ,,13.19,pathétique,pathetic
mouvant,ADJ,,13.18,mouvant,moving
intrigue,NOM,f,13.18,la intrigue,the plot
hagard,ADJ,,13.18,hagard,haggard
éclaircir,VER,,13.18,éclaircir,to clarify
louche,ADJ,,13.18,louche,suspicious
bourse,NOM,f,13.18,la bourse,the scholarship
bûche,NOM,f,13.18,la bûche,the log
frein,NOM,m,13.18,le frein,the brake
étincelant,ADJ,,13.170000000000002,étincelant,sparkling
carrelage,NOM,m,13.17,le carrelage,the tiling
somptueux,ADJ,,13.17,somptueux,sumptuous
douer,VER,,13.17,douer,gift
saoul,ADJ,,13.17,saoul,drunk
osciller,VER,,13.13,osciller,oscillate
portant,ADJ,,13.12,portant,wearing
sincèrement,ADV,,13.11,sincèrement,sincerely
soi-disant,ADJ,,13.11,soi-disant,so called
locomotive,NOM,f,13.11,la locomotive,the locomotive
gratuit,ADJ,,13.11,gratuit,free
acide,ADJ,,13.11,acide,acid
opaque,ADJ,,13.1,opaque,opaque
tumulte,NOM,m,13.1,le tumulte,the tumult
pâtisserie,NOM,f,13.1,la pâtisserie,the pastry
tricoter,VER,,13.07,tricoter,knit
freiner,VER,,13.07,freiner,brake
renaître,VER,,13.06,renaître,reborn
comédien,NOM,m,13.06,le comédien,the comedian
obscène,ADJ,,13.05,obscène,obscene
communion,NOM,f,13.04,la communion,communion
palper,VER,,13.04,palper,palpate
soyeux,ADJ,,13.04,soyeux,silky
bretelle,NOM,f,13.04,la bretelle,the strap
grisâtre,ADJ,,13.04,grisâtre,greyish
secrètement,ADV,,13.04,secrètement,secretly
mare,NOM,f,13.04,la mare,at sea
difficilement,ADV,,13.04,difficilement,with difficulty
poteau,NOM,m,13.04,le poteau,the pole
engueuler,VER,,13.0,engueuler,to yell
percher,VER,,12.99,percher,perch
accéder,VER,,12.99,accéder,access
champignon,NOM,m,12.98,le champignon,the mushroom
articuler,VER,,12.98,articuler,articulate
répétition,NOM,f,12.98,la répétition,the repetition
irréel,ADJ,,12.98,irréel,unreal
méchanceté,NOM,f,12.98,la méchanceté,wickedness
étincelle,NOM,f,12.98,la étincelle,the spark
dévoiler,VER,,12.98,dévoiler,reveal
grenade,NOM,f,12.98,la grenade,The grenade
électricité,NOM,f,12.97,la électricité,electricity
cuvette,NOM,f,12.97,la cuvette,the bowl
durement,ADV,,12.97,durement,hard
contradiction,NOM,f,12.97,la contradiction,the contradiction
version,NOM,f,12.97,la version,The version
alerter,VER,,12.94,alerter,alert
racheter,VER,,12.94,racheter,redeem
submerger,VER,,12.92,submerger,overwhelm
empresser,VER,,12.92,empresser,to hurry
sérénité,NOM,f,12.91,la sérénité,serenity
convaincu,ADJ,,12.91,convaincu,convinced
chapelet,NOM,m,12.91,le chapelet,the rosary
parapet,NOM,m,12.91,le parapet,the parapet
projecteur,NOM,m,12.91,le projecteur,the projector
virage,NOM,m,12.91,le virage,the turn
effroi,NOM,m,12.91,le effroi,the fright
anecdote,NOM,f,12.91,la anecdote,the anecdote
industriel,ADJ,,12.9,industriel,industrial
sublime,ADJ,,12.9,sublime,sublime
saleté,NOM,f,12.9,la saleté,dirt
bordure,NOM,f,12.9,la bordure,the border
teinte,NOM,f,12.9,la teinte,the tint
bourreau,NOM,m,12.9,le bourreau,the executioner
pilule,NOM,f,12.9,la pilule,the pill
broncher,VER,,12.88,broncher,flinch
hériter,VER,,12.87,hériter,inherit
blottir,VER,,12.87,blottir,snuggle up
poster,VER,,12.86,poster,poster
vaciller,VER,,12.85,vaciller,sway
croyant,NOM,m,12.84,le croyant,the believer
logis,NOM,m,12.84,le logis,the lodging
masser,VER,,12.84,masser,lots
registre,NOM,m,12.84,le registre,the register
librement,ADV,,12.84,librement,freely
écurie,NOM,f,12.84,la écurie,the stable
tendrement,ADV,,12.84,tendrement,tenderly
dune,NOM,f,12.84,la dune,the dune
olivier,NOM,m,12.84,le olivier,the olive tree
bungalow,NOM,m,12.84,le bungalow,The bungalow
curieusement,ADV,,12.84,curieusement,curiously
fourmi,NOM,f,12.78,la fourmi,the ant
chevaucher,VER,,12.78,chevaucher,ride
éclairage,NOM,m,12.77,le éclairage,the lighting
triomphant,ADJ,,12.77,triomphant,triumphant
chignon,NOM,m,12.77,le chignon,the bun
dose,NOM,f,12.77,la dose,the dose
délégation,NOM,f,12.77,la délégation,the delegation
décharge,NOM,f,12.77,la décharge,the discharge
stylo,NOM,m,12.77,le stylo,the fountain pen
querelle,NOM,f,12.77,la querelle,the quarrel
vestibule,NOM,m,12.77,le vestibule,the vestibule
routine,NOM,f,12.77,la routine,the routine
slip,NOM,m,12.77,le slip,the underpants
chef-d'oeuvre,NOM,m,12.77,le chef-d'oeuvre,the masterpiece
aimé,ADJ,,12.76,aimé,love
plaider,VER,,12.75,plaider,plead
anéantir,VER,,12.73,anéantir,to annihilate
classer,VER,,12.72,classer,to classify
griller,VER,,12.72,griller,grills
pèlerin,NOM,m,12.71,le pèlerin,the pilgrim
banquier,NOM,m,12.71,le banquier,the banker
emplacement,NOM,m,12.71,le emplacement,the location
proportion,NOM,f,12.71,la proportion,the proportion
abstrait,ADJ,,12.71,abstrait,abstract
tiré,ADJ,,12.7,tiré,pulled
impuissant,ADJ,,12.7,impuissant,powerless
cavalerie,NOM,f,12.7,la cavalerie,to the cavalry
avant-bras,NOM,m,12.7,le avant-bras,the forearm
delà,ADV,,12.7,delà,beyond
légèreté,NOM,f,12.7,la légèreté,lightness
rhum,NOM,m,12.7,le rhum,rum
petit-fils,NOM,m,12.7,le petit-fils,the grandson
commissariat,NOM,m,12.7,le commissariat,the police station
croquer,VER,,12.67,croquer,to crunch
interpréter,VER,,12.67,interpréter,interpret
atténuer,VER,,12.67,atténuer,mitigate
gonflé,ADJ,,12.64,gonflé,swollen
permanence,NOM,f,12.64,la permanence,permanence
osier,NOM,m,12.64,le osier,the wicker
museau,NOM,m,12.64,le museau,the snout
vôtre,PRO:pos,,12.64,vôtre,your
communauté,NOM,f,12.64,la communauté,the community
mercredi,NOM,m,12.63,le mercredi,the Wednesday
tien,NOM,m,12.63,le tien,yours
convention,NOM,f,12.63,la convention,the convention
coque,NOM,f,12.63,la coque,the hull
vibration,NOM,f,12.63,la vibration,la vibration
noblesse,NOM,f,12.63,la noblesse,the nobility
trébucher,VER,,12.62,trébucher,stumble
aménager,VER,,12.61,aménager,to develop (a building)
adapter,VER,,12.61,adapter,adapter
aventurer,VER,,12.6,aventurer,to venture
charrier,VER,,12.6,charrier,to carry
farcir,VER,,12.58,farcir,fill
réfugié,NOM,m,12.58,le réfugié,the refugee
faciliter,VER,,12.58,faciliter,facilitate
successivement,ADV,,12.57,successivement,successively
ravitaillement,NOM,m,12.57,le ravitaillement,the refueling
allongé,ADJ,,12.57,allongé,elongate
sentinelle,NOM,f,12.57,la sentinelle,the sentinel
tapisserie,NOM,f,12.57,la tapisserie,the tapestry
flingue,NOM,m,12.57,le flingue,the gun
installation,NOM,f,12.57,la installation,the installation
médicament,NOM,m,12.57,le médicament,the medicine
chandelle,NOM,f,12.57,la chandelle,the candle
dessert,NOM,m,12.57,le dessert,the dessert
bosse,NOM,f,12.56,la bosse,the hump
terrestre,ADJ,,12.56,terrestre,land
majorité,NOM,f,12.56,la majorité,the majority
pari,NOM,m,12.56,le pari,the equals
agité,ADJ,,12.51,agité,agitated
froisser,VER,,12.51,froisser,crumple
cliché,NOM,m,12.51,le cliché,the cliché
racler,VER,,12.5,racler,scrape
mis,ADJ,,12.5,mis,what
corridor,NOM,m,12.5,le corridor,the corridor
salaire,NOM,m,12.5,le salaire,the salary
déçu,ADJ,,12.5,déçu,disappointed/disillusioned
brûlure,NOM,f,12.5,la brûlure,the burn
bravo,ONO,,12.5,bravo,bravo
établi,ADJ,,12.5,établi,established
enseignement,NOM,m,12.5,le enseignement,the teaching
collaboration,NOM,f,12.5,la collaboration,the collaboration
élastique,ADJ,,12.5,élastique,elastic
contraste,NOM,m,12.5,le contraste,the contrast
farce,NOM,f,12.5,la farce,the stuffing
pleur,NOM,m,12.5,le pleur,the cry
relevé,ADJ,,12.49,relevé,statement
neutre,ADJ,,12.489999999999998,neutre,neutral
déformer,VER,,12.45,déformer,deform
désolé,ADJ,,12.44,désolé,Sorry
imprévisible,ADJ,,12.44,imprévisible,unpredictable
acquiescer,VER,,12.44,acquiescer,acquiesce
conséquent,ADJ,,12.43,conséquent,consequent
vaisseau,NOM,m,12.43,le vaisseau,the ship
analyse,NOM,f,12.43,la analyse,the analysis
tenace,ADJ,,12.43,tenace,tenacious
nièce,NOM,f,12.43,la nièce,the niece
tonton,NOM,m,12.43,le tonton,the uncle
pic,NOM,m,12.43,le pic,the peak
épine,NOM,f,12.43,la épine,the thorn
vestiaire,NOM,m,12.43,le vestiaire,the changing room
normalement,ADV,,12.43,normalement,Normally
porcelaine,NOM,f,12.43,la porcelaine,porcelain
calmement,ADV,,12.43,calmement,calmly
indication,NOM,f,12.43,la indication,the indication
salé,ADJ,,12.43,salé,dirty
dégringoler,VER,,12.43,dégringoler,tumble
brigade,NOM,f,12.43,la brigade,the brigade
paresse,NOM,f,12.43,la paresse,laziness
tueur,NOM,m,12.43,le tueur,the killer
dispute,NOM,f,12.43,la dispute,the dispute
médecine,NOM,f,12.43,la médecine,medicine
lucide,ADJ,,12.43,lucide,lucid
scintiller,VER,,12.39,scintiller,sparkle
grimacer,VER,,12.39,grimacer,grimace
baver,VER,,12.38,baver,drool
peiner,VER,,12.38,peiner,Peiner
blindé,ADJ,,12.37,blindé,armored
crabe,NOM,m,12.37,le crabe,the crab
arcade,NOM,f,12.37,la arcade,the arcade
recoin,NOM,m,12.37,le recoin,the corner
saveur,NOM,f,12.37,la saveur,the flavor
battu,ADJ,,12.37,battu,beaten
sensibilité,NOM,f,12.37,la sensibilité,sensitivity
attaché,NOM,m,12.36,le attaché,the attached
dépourvoir,VER,,12.36,dépourvoir,to deprive
ingénieur,NOM,m,12.36,le ingénieur,the engineer
dortoir,NOM,m,12.36,le dortoir,the dormitory
département,NOM,m,12.36,le département,the department
primitif,ADJ,,12.35,primitif,primitive
contracter,VER,,12.33,contracter,contract
défier,VER,,12.32,défier,challenge
dicter,VER,,12.32,dicter,anger
dissoudre,VER,,12.31,dissoudre,dissolve
prescrire,VER,,12.3,prescrire,prescribe
offensive,NOM,f,12.3,la offensive,la offensive
grappe,NOM,f,12.3,la grappe,the cluster
tourment,NOM,m,12.3,le tourment,the torment
sillon,NOM,m,12.3,le sillon,the furrow
autrui,PRO:ind,,12.3,autrui,others
dénouer,VER,,12.3,dénouer,untie
éditeur,NOM,m,12.3,le éditeur,the editor
ignoble,ADJ,,12.3,ignoble,ignoble
astre,NOM,m,12.29,le astre,the star
mystique,ADJ,,12.29,mystique,mystique
mâcher,VER,,12.29,mâcher,chew
blanchir,VER,,12.27,blanchir,whiten
réapparaître,VER,,12.25,réapparaître,reappear
républicain,ADJ,,12.24,républicain,republican
cicatrice,NOM,f,12.23,la cicatrice,to the scar
architecture,NOM,f,12.23,la architecture,the architecture
toux,NOM,f,12.23,la toux,cough
billard,NOM,m,12.23,le billard,billiards
surveillance,NOM,f,12.23,la surveillance,surveillance
épave,NOM,f,12.23,la épave,the wreck
dragon,NOM,m,12.23,le dragon,the dragon
serment,NOM,m,12.23,le serment,the oath
démonstration,NOM,f,12.23,la démonstration,the demonstration
dureté,NOM,f,12.23,la dureté,hardness
noix,NOM,f,12.23,la noix,the nut
obstination,NOM,f,12.23,la obstination,the stubbornness
braise,NOM,f,12.23,la braise,the embers
rédaction,NOM,f,12.23,la rédaction,the editorial staff
cordon,NOM,m,12.23,le cordon,the cord
incessant,ADJ,,12.22,incessant,incessant
poison,NOM,m,12.22,le poison,the poison
tapir,VER,,12.17,tapir,tapir
dette,NOM,f,12.17,la dette,he said it
gourmand,ADJ,,12.17,gourmand,gourmand
repenser,VER,,12.16,repenser,rethink
contemporain,NOM,m,12.16,le contemporain,the contemporary
éloigné,ADJ,,12.16,éloigné,distant
limpide,ADJ,,12.16,limpide,clear
formation,NOM,f,12.16,la formation,the course (of studies)
insensible,ADJ,,12.16,insensible,insensible
cantine,NOM,f,12.16,la cantine,the canteen
évier,NOM,m,12.16,le évier,the sink
tonneau,NOM,m,12.16,le tonneau,the barrel
artificiel,ADJ,,12.16,artificiel,artificial
assassinat,NOM,m,12.16,le assassinat,the assassination
piaule,NOM,f,12.16,la piaule,the room
refiler,VER,,12.14,refiler,pass on
impliquer,VER,,12.12,impliquer,involve
déverser,VER,,12.12,déverser,pour out
démontrer,VER,,12.11,démontrer,demonstrate
ruiner,VER,,12.11,ruiner,ruins
brute,NOM,f,12.1,la brute,the brute
humilité,NOM,f,12.1,la humilité,humility
remise,NOM,f,12.1,la remise,the discount
sot,ADJ,,12.1,sot,tODAY
hésitant,ADJ,,12.1,hésitant,hesitant
couchant,NOM,m,12.1,le couchant,the sunset
ému,ADJ,,12.09,ému,moved
radieux,ADJ,,12.09,radieux,radiant
châle,NOM,m,12.09,le châle,the shawl
impérieux,ADJ,,12.09,impérieux,imperative
mental,ADJ,,12.09,mental,mental
vainement,ADV,,12.09,vainement,in vain
embarras,NOM,m,12.09,le embarras,the embarrassment
fréquent,ADJ,,12.09,fréquent,frequent
rattacher,VER,,12.06,rattacher,attach
explorer,VER,,12.04,explorer,explorer
couver,VER,,12.04,couver,to cover
romantique,ADJ,,12.04,romantique,romantic
frêle,ADJ,,12.03,frêle,frail
algue,NOM,f,12.03,la algue,the algae
héritage,NOM,m,12.03,le héritage,the legacy
cadet,NOM,m,12.03,le cadet,the cadet
trône,NOM,m,12.03,le trône,the throne
verrou,NOM,m,12.03,le verrou,the lock
boueux,ADJ,,12.03,boueux,muddy
bah,ONO,,12.03,bah,bah
manuel,NOM,m,12.02,le manuel,the manual
onduler,VER,,12.02,onduler,wave
monumental,ADJ,,12.02,monumental,monumental
grillage,NOM,m,12.02,le grillage,the fence
déguster,VER,,12.01,déguster,taste
instruire,VER,,11.99,instruire,EDUCAtIoN
édifier,VER,,11.98,édifier,to build
barbu,ADJ,,11.97,barbu,bearded
piger,VER,,11.97,piger,girls
tombeau,NOM,m,11.96,le tombeau,the tomb
bijou,NOM,m,11.96,le bijou,the jewel
errant,ADJ,,11.96,errant,errant
disponible,ADJ,,11.96,disponible,available
pognon,NOM,m,11.96,le pognon,the money
déterminer,VER,,11.96,déterminer,determine
rouquin,NOM,m,11.96,le rouquin,the redhead
dépôt,NOM,m,11.96,le dépôt,the deposit
pacha,NOM,m,11.96,le pacha,the pasha
averse,NOM,f,11.96,la averse,the averse
torche,NOM,f,11.96,la torche,the torch
dramatique,ADJ,,11.96,dramatique,dramatic
courageux,ADJ,,11.96,courageux,brave
crosse,NOM,f,11.96,la crosse,the cross
renard,NOM,m,11.96,le renard,the fox
pédal,NOM,m,11.96,le pédal,the pedal
chanoine,NOM,m,11.96,le chanoine,the canon
bougre,NOM,m,11.95,le bougre,the bugger
amorcer,VER,,11.92,amorcer,to start
pacte,NOM,m,11.9,le pacte,the pact
pause,NOM,f,11.9,la pause,the break
médical,ADJ,,11.9,médical,medical
décharger,VER,,11.9,décharger,unload
romancier,NOM,m,11.9,le romancier,the novelist
égaré,ADJ,,11.9,égaré,lost
gaulois,NOM,m,11.89,le gaulois,the gaul
cuillère,NOM,f,11.89,la cuillère,the spoon
toi-même,PRO:per,,11.89,toi-même,yourself
globe,NOM,m,11.89,le globe,the globe
susceptible,ADJ,,11.89,susceptible,susceptible
largeur,NOM,f,11.89,la largeur,the width
allégresse,NOM,f,11.89,la allégresse,the joy
suspendu,ADJ,,11.89,suspendu,suspended
orienter,VER,,11.89,orienter,orient
incertitude,NOM,f,11.89,la incertitude,the uncertainty
infime,ADJ,,11.89,infime,tiny
ample,ADJ,,11.89,ample,ample
quinzaine,NOM,f,11.89,la quinzaine,the fortnight
prime,NOM,f,11.88,la prime,the first
solliciter,VER,,11.84,solliciter,request
dauphin,NOM,m,11.84,le dauphin,the dolphin
forger,VER,,11.84,forger,forger
aboyer,VER,,11.83,aboyer,bark
industrie,NOM,f,11.83,la industrie,the industry
préoccupation,NOM,f,11.83,la préoccupation,the concern
attentivement,ADV,,11.82,attentivement,attentively
puzzle,NOM,m,11.82,le puzzle,the jigsaw
voûté,ADJ,,11.82,voûté,vaulted
sottise,NOM,f,11.82,la sottise,stupidity
bizarrement,ADV,,11.82,bizarrement,strangely
vachement,ADV,,11.82,vachement,really
blanche,NOM,f,11.82,la blanche,the white one
dressé,ADJ,,11.82,dressé,trained
pendule,NOM,f,11.82,la pendule,the pendulum
figé,ADJ,,11.82,figé,fixed
tristement,ADV,,11.82,tristement,sadly
fringue,NOM,f,11.82,la fringue,the finch
vexer,VER,,11.79,vexer,to vex
enrichir,VER,,11.78,enrichir,enrich
régaler,VER,,11.78,régaler,to treat
serein,ADJ,,11.77,serein,serene
trouer,VER,,11.77,trouer,to pierce
roc,NOM,m,11.76,le roc,the rock
haleter,VER,,11.76,haleter,patient
mendiant,NOM,m,11.76,le mendiant,the beggar
tinter,VER,,11.76,tinter,inkwell
indécis,ADJ,,11.76,indécis,undecided
décoration,NOM,f,11.76,la décoration,the decoration
suffoquer,VER,,11.76,suffoquer,suffocate
exclamation,NOM,f,11.76,la exclamation,the exclamation
écorce,NOM,f,11.75,la écorce,the bark
cube,NOM,m,11.75,le cube,the cube
répit,NOM,m,11.75,le répit,the respite
évoluer,VER,,11.71,évoluer,evolve
aigre,ADJ,,11.69,aigre,sour
panne,NOM,f,11.69,la panne,the breakdown
gibier,NOM,m,11.69,le gibier,the game
senteur,NOM,f,11.69,la senteur,the scent
aisément,ADV,,11.69,aisément,easily
squelette,NOM,m,11.69,le squelette,the skeleton
verger,NOM,m,11.69,le verger,the orchard
irruption,NOM,f,11.69,la irruption,the irruption
ambulance,NOM,f,11.69,la ambulance,the ambulance
cape,NOM,f,11.69,la cape,the cape
dense,ADJ,,11.68,dense,dense
liasse,NOM,f,11.68,la liasse,the bundle
stérile,ADJ,,11.68,stérile,sterile
entraver,VER,,11.65,entraver,hinder
qualifier,VER,,11.64,qualifier,qualifier
maquillage,NOM,m,11.62,le maquillage,the make-up
aurore,NOM,f,11.62,la aurore,the dawn
naufrage,NOM,m,11.62,le naufrage,the shipwreck
in,ADJ,,11.62,in,in
illustrer,VER,,11.58,illustrer,illustrate
timidité,NOM,f,11.56,la timidité,shyness
frayer,VER,,11.56,frayer,spawn
permis,NOM,m,11.56,le permis,the permit
défunt,NOM,m,11.56,le défunt,the deceased
dé,NOM,m,11.56,le dé,the die
cascade,NOM,f,11.56,la cascade,the waterfall
générosité,NOM,f,11.56,la générosité,generosity
sèchement,ADV,,11.55,sèchement,dryly
pourpre,ADJ,,11.55,pourpre,purple
rame,NOM,f,11.55,la rame,the oar
conception,NOM,f,11.55,la conception,the design
notable,NOM,m,11.55,le notable,the notable
mollement,ADV,,11.55,mollement,softly
trente-cinq,ADJ:num,,11.55,trente-cinq,thirty five
ambiance,NOM,f,11.55,la ambiance,the atmosphere
chaleureux,ADJ,,11.55,chaleureux,welcoming
biscuit,NOM,m,11.55,le biscuit,the biscuit
offre,NOM,f,11.55,la offre,the offer
extase,NOM,f,11.55,la extase,the ecstasy
repentir,NOM,m,11.52,le repentir,repentance
affolé,ADJ,,11.49,affolé,panicked
trompette,NOM,f,11.49,la trompette,the trumpet
opposition,NOM,f,11.49,la opposition,the opposition
puant,ADJ,,11.49,puant,stinking
déplacement,NOM,m,11.49,le déplacement,the move
administratif,ADJ,,11.49,administratif,administrative
gitan,NOM,m,11.49,le gitan,the cat
o,NOM,m,11.49,le o,the one
brise,NOM,f,11.49,la brise,the breeze
âcre,ADJ,,11.49,âcre,acre
redonner,VER,,11.49,redonner,give back
description,NOM,f,11.489999999999998,la description,Here’s the description
passerelle,NOM,f,11.489999999999998,la passerelle,the gateway
bouchée,NOM,f,11.48,la bouchée,the bite
méfiant,ADJ,,11.48,méfiant,suspicious
collaborateur,NOM,m,11.48,le collaborateur,the collaborator
crisser,VER,,11.48,crisser,squeal
impassible,ADJ,,11.48,impassible,impassive
dériver,VER,,11.44,dériver,derive
prodiguer,VER,,11.44,prodiguer,to lavish
occupé,ADJ,,11.42,occupé,busy
volupté,NOM,f,11.42,la volupté,voluptuousness
trêve,NOM,f,11.42,la trêve,the truce
au-dehors,ADV,,11.42,au-dehors,outside
naviguer,VER,,11.42,naviguer,navigate
affranchir,VER,,11.42,affranchir,to free
sous-marin,NOM,m,11.42,le sous-marin,the submarine
lézard,NOM,m,11.42,le lézard,the lizard
guéridon,NOM,m,11.42,le guéridon,the pedestal table
étalage,NOM,m,11.42,le étalage,the display
bénéfice,NOM,m,11.419999999999998,le bénéfice,the benefit
couille,NOM,f,11.41,la couille,the ball
lisser,VER,,11.39,lisser,smooth
suicider,VER,,11.38,suicider,commit suicide
raisonnement,NOM,m,11.36,le raisonnement,the reasoning
aigle,NOM,m,11.36,le aigle,the eagle
consommer,VER,,11.36,consommer,consume
transparence,NOM,f,11.36,la transparence,transparency
affût,NOM,m,11.35,le affût,the lookout
fée,NOM,f,11.35,la fée,the fairy
écaille,NOM,f,11.35,la écaille,the scale
garnison,NOM,f,11.35,la garnison,the garrison
ravin,NOM,m,11.35,le ravin,the ravine
succession,NOM,f,11.35,la succession,the succession
barbelé,NOM,m,11.35,le barbelé,barbed wire
pasteur,NOM,m,11.35,le pasteur,the pastor
authentique,ADJ,,11.35,authentique,authentic
réforme,NOM,f,11.35,la réforme,the reform
mitraillette,NOM,f,11.35,la mitraillette,the machine gun
abruti,NOM,m,11.35,le abruti,the moron
fumant,ADJ,,11.35,fumant,smoking
jeté,ADJ,,11.34,jeté,thrown
reporter,VER,,11.31,reporter,reporter
décliner,VER,,11.3,décliner,decline
déserter,VER,,11.3,déserter,desert
épars,ADJ,,11.29,épars,scattered
hardi,ADJ,,11.29,hardi,hard
héroïque,ADJ,,11.29,héroïque,heroic
syllabe,NOM,f,11.29,la syllabe,the syllable
déferler,VER,,11.29,déferler,surge
cerise,NOM,f,11.29,la cerise,the cherry
négociation,NOM,f,11.29,la négociation,the negotiation
estrade,NOM,f,11.29,la estrade,the platform
fouille,NOM,f,11.29,la fouille,the search
espion,NOM,m,11.29,le espion,the spy
récréation,NOM,f,11.29,la récréation,recess
intolérable,ADJ,,11.28,intolérable,intolerable
confrère,NOM,m,11.28,le confrère,the brother
cartable,NOM,m,11.28,le cartable,the schoolbag
balustrade,NOM,f,11.28,la balustrade,at the railings
résolu,ADJ,,11.28,résolu,resolved
lard,NOM,m,11.28,le lard,the bacon
costaud,ADJ,,11.28,costaud,sturdy (of a person)
bêtement,ADV,,11.28,bêtement,stupidly
démolir,VER,,11.26,démolir,demolish
affaisser,VER,,11.24,affaisser,collapse
nuire,VER,,11.24,nuire,harm
rayer,VER,,11.23,rayer,to scratch
masculin,ADJ,,11.23,masculin,male
destinée,NOM,f,11.22,la destinée,destiny
hautain,ADJ,,11.22,hautain,haughty
complaisance,NOM,f,11.22,la complaisance,complacency
abominable,ADJ,,11.22,abominable,abominable
indéfiniment,ADV,,11.22,indéfiniment,indefinitely
timidement,ADV,,11.22,timidement,timidly
c,ADJ:num,,11.21,c,c
invasion,NOM,f,11.21,la invasion,the invasion
poussée,NOM,f,11.21,la poussée,the push
fantastique,ADJ,,11.21,fantastique,fantastic
métamorphose,NOM,f,11.21,la métamorphose,the metamorphosis
parade,NOM,f,11.21,la parade,the parade
exploiter,VER,,11.19,exploiter,exploit
rincer,VER,,11.18,rincer,rinse
dispenser,VER,,11.17,dispenser,dispenser
accroître,VER,,11.17,accroître,increase
tisser,VER,,11.16,tisser,weave
déceler,VER,,11.16,déceler,detect
azur,NOM,m,11.15,le azur,the azure
expert,NOM,m,11.15,le expert,the expert
carabine,NOM,f,11.15,la carabine,the rifle
avancé,ADJ,,11.15,avancé,advance
brutalité,NOM,f,11.15,la brutalité,brutality
patiemment,ADV,,11.15,patiemment,patiently
sécheresse,NOM,f,11.15,la sécheresse,drought
développement,NOM,m,11.15,le développement,development
divorce,NOM,m,11.15,le divorce,divorce
plate-forme,NOM,f,11.15,la plate-forme,the platform
traduction,NOM,f,11.15,la traduction,the translation
parcelle,NOM,f,11.14,la parcelle,the plot
toc,ADJ,,11.14,toc,toc
obsession,NOM,f,11.14,la obsession,The obsession
resserrer,VER,,11.11,resserrer,tighten
réprimer,VER,,11.1,réprimer,repress
ronronner,VER,,11.1,ronronner,purr
replonger,VER,,11.09,replonger,dive back in
versant,NOM,m,11.09,le versant,the slope
enveloppé,ADJ,,11.08,enveloppé,envelope
majestueux,ADJ,,11.08,majestueux,majestic
foncé,ADJ,,11.08,foncé,dark (colour)
éphémère,ADJ,,11.08,éphémère,short-lived
intuition,NOM,f,11.08,la intuition,the intuition
au-devant,ADV,,11.08,au-devant,in front
coupure,NOM,f,11.079999999999998,la coupure,the cut
polir,VER,,11.04,polir,polish
pétrir,VER,,11.04,pétrir,knead
compris,ADJ,,11.02,compris,Understood
brousse,NOM,f,11.02,la brousse,the bush
barman,NOM,m,11.02,le barman,the bartenders
crasseux,ADJ,,11.02,crasseux,filthy
cognac,NOM,m,11.02,le cognac,cognac
provocation,NOM,f,11.02,la provocation,the provocation
assoupir,VER,,11.02,assoupir,to doze off
adoucir,VER,,11.02,adoucir,soften
bise,NOM,f,11.02,la bise,the kiss
charnel,ADJ,,11.02,charnel,carnal
redoubler,VER,,11.02,redoubler,to redouble
tilleul,NOM,m,11.01,le tilleul,the linden tree
penché,ADJ,,11.01,penché,leaning
fiévreux,ADJ,,11.01,fiévreux,feverish
tranquillité,NOM,f,11.01,la tranquillité,tranquility
orgueilleux,ADJ,,11.01,orgueilleux,proud
égoïste,ADJ,,11.01,égoïste,selfish
crétin,NOM,m,11.01,le crétin,the moron
raie,NOM,f,11.01,la raie,the ray
péniblement,ADV,,11.01,péniblement,painfully
invoquer,VER,,10.98,invoquer,invoke
négatif,ADJ,,10.96,négatif,negative
protégé,NOM,m,10.96,le protégé,the protégé
enfler,VER,,10.96,enfler,swell
déconner,VER,,10.96,déconner,mess around
arrondi,ADJ,,10.96,arrondi,rounded
choisi,ADJ,,10.96,choisi,selected
circulaire,ADJ,,10.95,circulaire,circular
verdure,NOM,f,10.95,la verdure,greenery
bosser,VER,,10.95,bosser,work
température,NOM,f,10.95,la température,the temperature
soumission,NOM,f,10.95,la soumission,submission
sur-le-champ,ADV,,10.95,sur-le-champ,on the spot
surplus,NOM,m,10.95,le surplus,the surplus
incrédule,ADJ,,10.95,incrédule,incredulous
littéralement,ADV,,10.95,littéralement,literally
tapisser,VER,,10.95,tapisser,to wallpaper
sordide,ADJ,,10.95,sordide,sordid
piqûre,NOM,f,10.94,la piqûre,the sting
émission,NOM,f,10.94,la émission,the show
austère,ADJ,,10.94,austère,austere
malice,NOM,f,10.94,la malice,the malice
gouttière,NOM,f,10.94,la gouttière,the gutter
résidence,NOM,f,10.94,la résidence,the residence
attachement,NOM,m,10.94,le attachement,the attachment
artifice,NOM,m,10.94,le artifice,the artifice
lucidité,NOM,f,10.94,la lucidité,lucidity
occupant,NOM,m,10.9,le occupant,the occupant
desserrer,VER,,10.89,desserrer,to loosen
river,VER,,10.88,river,river
téléphonique,ADJ,,10.88,téléphonique,telephone
mécontent,ADJ,,10.88,mécontent,unhappy
pilote,NOM,m,10.88,le pilote,the pilot
sillage,NOM,m,10.88,le sillage,the wake
plaisant,ADJ,,10.88,plaisant,pleasant
diplomate,NOM,m,10.88,le diplomate,the diplomat
dictionnaire,NOM,m,10.88,le dictionnaire,the dictionary
axe,NOM,m,10.88,le axe,the axis
habileté,NOM,f,10.88,la habileté,the skill
fraction,NOM,f,10.88,la fraction,the fraction
clochard,NOM,m,10.88,le clochard,the tramp
cycliste,NOM,m,10.88,le cycliste,the cyclist
ferveur,NOM,f,10.88,la ferveur,fervor
énigme,NOM,f,10.88,la énigme,the riddle
inaccessible,ADJ,,10.88,inaccessible,inaccessible
rade,NOM,f,10.88,la rade,the harbor
député,NOM,m,10.88,le député,the deputy
mourant,ADJ,,10.87,mourant,dying
négocier,VER,,10.84,négocier,negotiate
entente,NOM,f,10.82,la entente,the agreement
étinceler,VER,,10.82,étinceler,sparkle
révolter,VER,,10.82,révolter,to revolt
exhaler,VER,,10.82,exhaler,exhale
goulot,NOM,m,10.82,le goulot,the bottleneck
pompier,NOM,m,10.81,le pompier,the fireman
désespérément,ADV,,10.81,désespérément,desperately
casino,NOM,m,10.81,le casino,the casino
réverbère,NOM,m,10.81,le réverbère,the street lamp
siffloter,VER,,10.81,siffloter,sifflots
souveraineté,NOM,f,10.81,la souveraineté,sovereignty
honorable,ADJ,,10.81,honorable,honorable
anxieux,ADJ,,10.81,anxieux,anxious
perplexe,ADJ,,10.81,perplexe,perplexed
ardoise,NOM,f,10.81,la ardoise,the slate
néon,NOM,m,10.81,le néon,the neon
étroitement,ADV,,10.81,étroitement,closely
arête,NOM,f,10.81,la arête,the edge
peigne,NOM,m,10.81,le peigne,the comb
organisme,NOM,m,10.81,le organisme,the organism
ingrat,ADJ,,10.8,ingrat,ungrateful
décréter,VER,,10.77,décréter,decree
liquider,VER,,10.76,liquider,liquidate
ahuri,ADJ,,10.76,ahuri,stunned
artisan,NOM,m,10.75,le artisan,the craftsman
consolation,NOM,f,10.75,la consolation,la consolation
dru,ADJ,,10.75,dru,dru
nuée,NOM,f,10.75,la nuée,the cloud
créateur,NOM,m,10.75,le créateur,the creator
entourage,NOM,m,10.75,le entourage,the entourage
métropole,NOM,f,10.75,la métropole,the metropolis
compact,ADJ,,10.74,compact,compact
accompli,ADJ,,10.74,accompli,accomplished
transpirer,VER,,10.74,transpirer,sweat
apéritif,NOM,m,10.74,le apéritif,the aperitif
peloton,NOM,m,10.74,le peloton,the platoon
végétal,ADJ,,10.74,végétal,vegetal
matinal,ADJ,,10.74,matinal,morning
cible,NOM,f,10.74,la cible,the target
patate,NOM,f,10.74,la patate,the potatoes
promis,ADJ,,10.74,promis,promised
cardinal,NOM,m,10.74,le cardinal,the cardinal
rectifier,VER,,10.71,rectifier,rectifier
rebondir,VER,,10.69,rebondir,bounce
viril,ADJ,,10.68,viril,virile
fagot,NOM,m,10.68,le fagot,the bundle
zèle,NOM,m,10.68,le zèle,zeal
impitoyable,ADJ,,10.68,impitoyable,ruthless
clôture,NOM,f,10.68,la clôture,the fence
marais,NOM,m,10.68,le marais,the swamp
sensuel,ADJ,,10.68,sensuel,sensual
îlot,NOM,m,10.68,le îlot,the islet
reçu,NOM,m,10.67,le reçu,the receipt
miennes,PRO:pos,,10.67,miennes,mine
détente,NOM,f,10.67,la détente,relaxation
craie,NOM,f,10.67,la craie,the chalk
refrain,NOM,m,10.67,le refrain,the chorus
mannequin,NOM,m,10.67,le mannequin,the model (fashion)
prétention,NOM,f,10.67,la prétention,the claim
naïveté,NOM,f,10.67,la naïveté,naivety
enflammer,VER,,10.66,enflammer,ignite
réconcilier,VER,,10.64,réconcilier,reconcile
arborer,VER,,10.64,arborer,to display
détenir,VER,,10.64,détenir,to possess
présider,VER,,10.63,présider,to preside
remporter,VER,,10.63,remporter,to win [formal]
jucher,VER,,10.62,jucher,cheers
résigné,ADJ,,10.62,résigné,resigned
va-et-vient,NOM,m,10.61,le va-et-vient,the coming and going
lycéen,NOM,m,10.61,le lycéen,the high school student
préjugé,NOM,m,10.61,le préjugé,the prejudice
forestier,NOM,m,10.61,le forestier,the forester
prophète,NOM,m,10.61,le prophète,the prophet
association,NOM,f,10.61,la association,the association
hameau,NOM,m,10.61,le hameau,the hamlet
meubler,VER,,10.61,meubler,furnish
flûte,NOM,f,10.61,la flûte,the flute
ralenti,NOM,m,10.61,le ralenti,slow motion
financier,ADJ,,10.61,financier,financier
renaissance,NOM,f,10.61,la renaissance,the renaissance
indigne,ADJ,,10.61,indigne,unworthy
aïeul,NOM,m,10.6,le aïeul,the grandfather
tap,NOM,m,10.6,le tap,the tap
favoriser,VER,,10.57,favoriser,to favor
aggraver,VER,,10.57,aggraver,to aggravate
impatienter,VER,,10.56,impatienter,to be impatient
tâtonner,VER,,10.56,tâtonner,to grope
apprivoiser,VER,,10.56,apprivoiser,tame
musical,ADJ,,10.55,musical,musical
chameau,NOM,m,10.55,le chameau,the camel
assaillir,VER,,10.55,assaillir,assaillir
rapidité,NOM,f,10.55,la rapidité,speed
caverne,NOM,f,10.54,la caverne,the cave
élu,NOM,m,10.54,le élu,the chosen one
roulant,ADJ,,10.54,roulant,rolling
souche,NOM,f,10.54,la souche,the strain
sous-sol,NOM,m,10.54,le sous-sol,the basement
argenté,ADJ,,10.54,argenté,silver
préparation,NOM,f,10.54,la préparation,the preparation
implacable,ADJ,,10.54,implacable,implacable
froissement,NOM,m,10.54,le froissement,the rustling
couture,NOM,f,10.54,la couture,sewing
ressemblance,NOM,f,10.54,la ressemblance,the resemblance
colis,NOM,m,10.54,le colis,the package
ivoire,NOM,m,10.54,le ivoire,ivory
pensionnaire,NOM,m,10.54,le pensionnaire,the boarder
livide,ADJ,,10.54,livide,livid
bruyamment,ADV,,10.54,bruyamment,loudly
vigoureux,ADJ,,10.54,vigoureux,vigorous
bourdonnement,NOM,m,10.54,le bourdonnement,the buzzing
bus,NOM,m,10.54,le bus,the bus
dix-neuf,ADJ:num,,10.54,dix-neuf,nineteen
dédaigner,VER,,10.5,dédaigner,disdain
somnoler,VER,,10.49,somnoler,to doze
renversé,ADJ,,10.48,renversé,overturned
trot,NOM,m,10.48,le trot,the trot
inciter,VER,,10.48,inciter,to incite
engendrer,VER,,10.48,engendrer,generate
apprentissage,NOM,m,10.48,le apprentissage,the learning
cafard,NOM,m,10.48,le cafard,the cockroach
maudire,VER,,10.48,maudire,curse
itinéraire,NOM,m,10.48,le itinéraire,the itinerary
carriole,NOM,f,10.47,la carriole,the cart
méditation,NOM,f,10.47,la méditation,meditation
fermeté,NOM,f,10.47,la fermeté,firmness
lieue,NOM,f,10.47,la lieue,the league
miner,VER,,10.47,miner,miner
coquillage,NOM,m,10.47,le coquillage,the shell
lande,NOM,f,10.47,la lande,the landing
impasse,NOM,f,10.47,la impasse,the impasse
patrouille,NOM,f,10.47,la patrouille,the patrol
galer,NOM,m,10.47,le galer,the gallery
grenouille,NOM,f,10.47,la grenouille,the frog
horizontal,ADJ,,10.47,horizontal,horizontal
rafraîchir,VER,,10.43,rafraîchir,refresh
ajuster,VER,,10.42,ajuster,adjust
effectif,NOM,m,10.42,le effectif,the workforce
marteler,VER,,10.42,marteler,hammer
noircir,VER,,10.41,noircir,blacken
coudrier,NOM,m,10.41,le coudrier,the hazel tree
contrairement,ADV,,10.41,contrairement,contrary to
pâleur,NOM,f,10.41,la pâleur,the paleness
concentration,NOM,f,10.41,la concentration,the concentration
mythe,NOM,m,10.41,le mythe,the myth
vocabulaire,NOM,m,10.41,le vocabulaire,vocabulary
valable,ADJ,,10.41,valable,valid
insensiblement,ADV,,10.41,insensiblement,imperceptibly
assurément,ADV,,10.41,assurément,certainly
voisinage,NOM,m,10.41,le voisinage,the neighborhood
ronflement,NOM,m,10.41,le ronflement,snoring
palpiter,VER,,10.41,palpiter,to palpitate
râler,VER,,10.41,râler,to grumble
vêtu,ADJ,,10.4,vêtu,dressed
arrestation,NOM,f,10.4,la arrestation,the arrest
rebelle,NOM,m,10.4,le rebelle,the rebel
roulement,NOM,m,10.4,le roulement,the rolling
laiteux,ADJ,,10.4,laiteux,milky
lugubre,ADJ,,10.4,lugubre,dismal
vertigineux,ADJ,,10.4,vertigineux,dizzy
écureuil,NOM,m,10.4,le écureuil,the squirrel
convertir,VER,,10.37,convertir,convert
suer,VER,,10.36,suer,sweat
répugner,VER,,10.35,répugner,to disgust
croître,VER,,10.35,croître,grow
périr,VER,,10.35,périr,perish
déménager,VER,,10.35,déménager,to relocate
engourdir,VER,,10.35,engourdir,numb
délicatement,ADV,,10.34,délicatement,delicately
rayonner,VER,,10.34,rayonner,radiate
mécanisme,NOM,m,10.34,le mécanisme,the mechanism
confiant,ADJ,,10.34,confiant,confident
modestie,NOM,f,10.34,la modestie,to modesty
baptême,NOM,m,10.34,le baptême,baptism
rappel,NOM,m,10.34,le rappel,the reminder
béant,ADJ,,10.34,béant,gaping
frémissement,NOM,m,10.34,le frémissement,the shudder
balance,NOM,f,10.34,la balance,the balance
exclusivement,ADV,,10.34,exclusivement,exclusively
jument,NOM,f,10.33,la jument,the mare
intermédiaire,NOM,m,10.33,le intermédiaire,the intermediary
terrifiant,ADJ,,10.33,terrifiant,creepy
grignoter,VER,,10.3,grignoter,nibble
trotter,VER,,10.29,trotter,trotter
vautrer,VER,,10.29,vautrer,wallow
encaisser,VER,,10.29,encaisser,cash in
parfumer,VER,,10.29,parfumer,perfumes
bourgeoisie,NOM,f,10.28,la bourgeoisie,the bourgeoisie
pauvreté,NOM,f,10.28,la pauvreté,poverty
déchirant,ADJ,,10.28,déchirant,heartbreaking
griser,VER,,10.28,griser,pigs
raisonner,VER,,10.28,raisonner,reason
grelotter,VER,,10.28,grelotter,to shiver
emprisonner,VER,,10.28,emprisonner,imprison
obstinément,ADV,,10.27,obstinément,obstinately
trafic,NOM,m,10.27,le trafic,traffic
antérieur,ADJ,,10.27,antérieur,prior
gênant,ADJ,,10.27,gênant,embarrassing
jeton,NOM,m,10.27,le jeton,the token
commune,NOM,f,10.27,la commune,the municipality
jardinier,NOM,m,10.27,le jardinier,the gardener
élite,NOM,f,10.27,la élite,the elite
maniaque,ADJ,,10.27,maniaque,maniac
siennes,PRO:pos,,10.27,siennes,his
tiédeur,NOM,f,10.27,la tiédeur,lukewarmness
tunique,NOM,f,10.27,la tunique,the tunic
saurer,VER,,10.27,saurer,sour
multitude,NOM,f,10.27,la multitude,the crowd
crinière,NOM,f,10.27,la crinière,the mane
commercial,ADJ,,10.27,commercial,commercial
anxiété,NOM,f,10.27,la anxiété,anxiety
épicier,NOM,m,10.27,le épicier,the grocer
blafard,ADJ,,10.27,blafard,pale
fraternel,ADJ,,10.27,fraternel,fraternal
couturier,NOM,m,10.26,le couturier,the tailor
diffuser,VER,,10.23,diffuser,diffuser
trôner,VER,,10.22,trôner,to enthrone
éponger,VER,,10.22,éponger,mop up
confesser,VER,,10.22,confesser,confess
crépiter,VER,,10.21,crépiter,crackle
suivi,ADJ,,10.21,suivi,follow up
redire,VER,,10.21,redire,to say again
natte,NOM,f,10.21,la natte,the mat
malentendu,NOM,m,10.21,le malentendu,the misunderstanding
procession,NOM,f,10.21,la procession,The procession
génial,ADJ,,10.21,génial,awesome
écrasé,ADJ,,10.21,écrasé,crushed
conforme,ADJ,,10.21,conforme,according to
pharmacie,NOM,f,10.2,la pharmacie,the pharmacy
cuiller,NOM,f,10.2,la cuiller,the spoon
frisé,ADJ,,10.2,frisé,curly
tranchant,NOM,m,10.2,le tranchant,the cutting edge
chaos,NOM,m,10.2,le chaos,chaos
cachet,NOM,m,10.2,le cachet,the stamp
insu,NOM,m,10.2,le insu,the unknown
appréhension,NOM,f,10.2,la appréhension,the apprehension
digue,NOM,f,10.2,la digue,the dike
usure,NOM,f,10.2,la usure,wear and tear
hêtre,NOM,m,10.2,le hêtre,the beech
véranda,NOM,f,10.2,la véranda,the veranda
jean,NOM,m,10.2,le jean,the jeans
parfumé,ADJ,,10.2,parfumé,perfumed
brosser,VER,,10.16,brosser,brush
fuser,VER,,10.15,fuser,fuser
maintien,NOM,m,10.14,le maintien,maintenance
teinter,VER,,10.14,teinter,tint
stratégique,ADJ,,10.14,stratégique,strategic
précipitamment,ADV,,10.14,précipitamment,hastily
quarantaine,NOM,f,10.14,la quarantaine,quarantine
torchon,NOM,m,10.14,le torchon,the tea towel
bûcher,NOM,m,10.14,le bûcher,the stake
pittoresque,ADJ,,10.14,pittoresque,picturesque
ricanement,NOM,m,10.14,le ricanement,the sneer
splendide,ADJ,,10.14,splendide,splendid
interrogatoire,NOM,m,10.14,le interrogatoire,the interrogation
repli,NOM,m,10.14,le repli,the retreat
pyramide,NOM,f,10.14,la pyramide,the pyramid
poignard,NOM,m,10.14,le poignard,the dagger
visière,NOM,f,10.14,la visière,the visor
distinction,NOM,f,10.14,la distinction,the distinction
fleuri,ADJ,,10.13,fleuri,flowery
horaire,NOM,m,10.13,le horaire,the schedule
accessoire,NOM,m,10.13,le accessoire,the accessory
interne,ADJ,,10.13,interne,internal
menteur,NOM,m,10.13,le menteur,the liar
desquels,PRO:rel,,10.13,desquels,of which
destination,NOM,f,10.13,la destination,the destination
tutoyer,VER,,10.12,tutoyer,to use the familiar form
différer,VER,,10.09,différer,differ
extirper,VER,,10.08,extirper,to extirpate
consul,NOM,m,10.07,le consul,I advise them
bride,NOM,f,10.07,la bride,the bride
saillant,ADJ,,10.07,saillant,projecting
bouc,NOM,m,10.07,le bouc,the goatee
fraise,NOM,f,10.07,la fraise,the strawberry
pipi,NOM,m,10.07,le pipi,the turkey
infanterie,NOM,f,10.07,la infanterie,in the infantry
indépendant,ADJ,,10.07,indépendant,independent
mirage,NOM,m,10.07,le mirage,the mirage
scie,NOM,f,10.07,la scie,the saw
anormal,ADJ,,10.07,anormal,abnormal
dédain,NOM,m,10.07,le dédain,disdain
illuminé,ADJ,,10.07,illuminé,illuminated
romanesque,ADJ,,10.07,romanesque,romanesque
fermement,ADV,,10.07,fermement,firmly
intonation,NOM,f,10.07,la intonation,the intonation
autorisation,NOM,f,10.07,la autorisation,the authorization
rudement,ADV,,10.07,rudement,roughly
idole,NOM,f,10.07,la idole,the idol
houle,NOM,f,10.07,la houle,the swell
écoute,NOM,f,10.07,la écoute,listening to her
granit,NOM,m,10.07,le granit,granite
robuste,ADJ,,10.07,robuste,robust
évasion,NOM,f,10.07,la évasion,the escape
décidé,ADJ,,10.06,décidé,decided
éclipser,VER,,10.06,éclipser,eclipse
impeccable,ADJ,,10.06,impeccable,impeccable
entrouvert,ADJ,,10.06,entrouvert,half-open
miniature,NOM,f,10.06,la miniature,the miniature
sûreté,NOM,f,10.06,la sûreté,safety
propagande,NOM,f,10.06,la propagande,propaganda
confectionner,VER,,10.01,confectionner,to make
choir,VER,,10.01,choir,choir
insolent,ADJ,,10.0,insolent,insolent
match,NOM,m,10.0,le match,the match
tardif,ADJ,,10.0,tardif,late
libéré,ADJ,,10.0,libéré,released
compréhension,NOM,f,10.0,la compréhension,understanding
artistique,ADJ,,10.0,artistique,artistic
faisceau,NOM,m,10.0,le faisceau,the beam
grandiose,ADJ,,10.0,grandiose,grandiose
baigneur,NOM,m,10.0,le baigneur,the bather
passeport,NOM,m,10.0,le passeport,the passport
rocheux,ADJ,,10.0,rocheux,rocky
soixante-dix,ADJ:num,,10.0,soixante-dix,seventy
diplomatique,ADJ,,10.0,diplomatique,diplomatic
confusément,ADV,,10.0,confusément,confusedly
nausée,NOM,f,10.0,la nausée,nausea
poliment,ADV,,10.0,poliment,politely
feuillet,NOM,m,10.0,le feuillet,the leaflet
lâcheté,NOM,f,10.0,la lâcheté,cowardice
lucarne,NOM,f,10.0,la lucarne,the skylight
solidement,ADV,,10.0,solidement,firmly
gymnastique,NOM,f,10.0,la gymnastique,gymnastics
gravure,NOM,f,10.0,la gravure,engraving
commis,NOM,m,10.0,le commis,the clerk
confession,NOM,f,10.0,la confession,the confession
répartir,VER,,9.95,répartir,to share out
consumer,VER,,9.95,consumer,consumer
branler,VER,,9.95,branler,jerk off
gomme,NOM,f,9.94,la gomme,the eraser
sandwich,NOM,m,9.94,le sandwich,the sandwich
certificat,NOM,m,9.94,le certificat,the certificate
obligé,ADJ,,9.94,obligé,obliged
tempérament,NOM,m,9.93,le tempérament,temperament
verbe,NOM,m,9.93,le verbe,the verb
juron,NOM,m,9.93,le juron,the swear word
éternellement,ADV,,9.93,éternellement,eternally
émaner,VER,,9.93,émaner,emanate
cinquantaine,NOM,f,9.93,la cinquantaine,the fifties
sucré,ADJ,,9.93,sucré,sugar
tué,ADJ,,9.93,tué,killed
peuplier,NOM,m,9.93,le peuplier,the poplar
pétard,NOM,m,9.93,le pétard,the firecracker
exposé,NOM,m,9.93,le exposé,the presentation
résignation,NOM,f,9.93,la résignation,resignation
rigide,ADJ,,9.93,rigide,rigid
jaunâtre,ADJ,,9.93,jaunâtre,yellowish
mimer,VER,,9.88,mimer,mimic
pionnier,NOM,m,9.88,le pionnier,the pioneer
scier,VER,,9.88,scier,saw
souplesse,NOM,f,9.87,la souplesse,flexibility
parking,NOM,m,9.87,le parking,the parking
désinvolture,NOM,f,9.87,la désinvolture,casualness
hiérarchie,NOM,f,9.87,la hiérarchie,the hierarchy
abeille,NOM,f,9.87,la abeille,the bee
méprisant,ADJ,,9.87,méprisant,contemptuous
routier,NOM,m,9.87,le routier,the trucker
tablette,NOM,f,9.87,la tablette,the tablet
défait,ADJ,,9.86,défait,defeated
olive,NOM,f,9.86,la olive,the olives
super,ADJ,,9.86,super,"great, terrific"
miss,NOM,f,9.86,la miss,the miss
maintes,ADJ:ind,,9.86,maintes,many
faïence,NOM,f,9.86,la faïence,earthenware
chèque,NOM,m,9.86,le chèque,the check
impressionnant,ADJ,,9.86,impressionnant,impressive
star,NOM,f,9.86,la star,the star
prudemment,ADV,,9.86,prudemment,cautiously
tic,NOM,m,9.86,le tic,le tic
âpre,ADJ,,9.86,âpre,harsh
évacuer,VER,,9.82,évacuer,evacuate
astiquer,VER,,9.81,astiquer,polish
éclabousser,VER,,9.81,éclabousser,splash
continu,ADJ,,9.81,continu,continuous
prieur,NOM,m,9.81,le prieur,the prior
pensif,ADJ,,9.8,pensif,thoughtful
vital,ADJ,,9.8,vital,vital
vernis,NOM,m,9.8,le vernis,the varnish
excéder,VER,,9.8,excéder,exceed
haletant,ADJ,,9.8,haletant,panting
change,NOM,m,9.8,le change,the exchange
immuable,ADJ,,9.8,immuable,immutable
infirme,NOM,m,9.8,le infirme,the cripple
fable,NOM,f,9.8,la fable,the fable
saindoux,NOM,m,9.8,le saindoux,lard
dupe,ADJ,,9.8,dupe,dupe
métaphysique,ADJ,,9.8,métaphysique,metaphysical
labeur,NOM,m,9.8,le labeur,the work
approbation,NOM,f,9.8,la approbation,the approval
propice,ADJ,,9.8,propice,favorable
tire,NOM,f,9.79,la tire,the tire
armement,NOM,m,9.79,le armement,the armament
coulée,NOM,f,9.79,la coulée,the casting
insolence,NOM,f,9.79,la insolence,the insolence
soigné,ADJ,,9.79,soigné,neat
miche,NOM,f,9.79,la miche,the miche
épouvante,NOM,f,9.79,la épouvante,the horror
tricher,VER,,9.76,tricher,cheat
insinuer,VER,,9.76,insinuer,insinuate
évaluer,VER,,9.76,évaluer,assess
cime,NOM,f,9.73,la cime,the tops
variété,NOM,f,9.73,la variété,the variety
culturel,ADJ,,9.73,culturel,cultural
courtois,ADJ,,9.73,courtois,courtois
bouillie,NOM,f,9.73,la bouillie,porridge
touchant,ADJ,,9.73,touchant,touching
spécialité,NOM,f,9.73,la spécialité,the specialty
maladresse,NOM,f,9.73,la maladresse,clumsiness
vicieux,ADJ,,9.73,vicieux,vicious
dégât,NOM,m,9.73,le dégât,the damage
fumé,ADJ,,9.73,fumé,smoked
récompense,NOM,f,9.73,la récompense,the reward
bavardage,NOM,m,9.73,le bavardage,the chatter
excité,ADJ,,9.73,excité,excited
verdâtre,ADJ,,9.73,verdâtre,greenish
clameur,NOM,f,9.73,la clameur,the clamor
imperceptiblement,ADV,,9.73,imperceptiblement,imperceptibly
résistant,NOM,m,9.72,le résistant,the resistant
succomber,VER,,9.69,succomber,succumb
écoeurer,VER,,9.69,écoeurer,disgust
fredonner,VER,,9.68,fredonner,hum
bénéficier,VER,,9.68,bénéficier,benefit
égorger,VER,,9.68,égorger,to slit throats
ignorant,ADJ,,9.67,ignorant,ignorant
gradé,NOM,m,9.67,le gradé,the graded
écarlate,ADJ,,9.67,écarlate,scarlet
illustre,ADJ,,9.67,illustre,illustrated
secondaire,ADJ,,9.67,secondaire,secondary
argile,NOM,f,9.66,la argile,the clay
affamé,ADJ,,9.66,affamé,hungry
réfectoire,NOM,m,9.66,le réfectoire,the refectory
tortiller,VER,,9.66,tortiller,twist
docile,ADJ,,9.66,docile,docile
brouhaha,NOM,m,9.66,le brouhaha,the hubbub
assise,NOM,f,9.66,la assise,the seat
sincérité,NOM,f,9.66,la sincérité,sincerity
contemplation,NOM,f,9.66,la contemplation,la contemplation
maille,NOM,f,9.66,la maille,the mesh
loque,NOM,f,9.66,la loque,foulbrood
communisme,NOM,m,9.66,le communisme,communism
consommation,NOM,f,9.66,la consommation,consumption
noyau,NOM,m,9.66,le noyau,the core
fouler,VER,,9.62,fouler,tread
perruque,NOM,f,9.6,la perruque,the wig
capter,VER,,9.6,capter,capture
mât,NOM,m,9.6,le mât,the mast
dû,ADJ,,9.6,dû,of
grincement,NOM,m,9.6,le grincement,the creaking
repère,NOM,m,9.6,le repère,the landmark
tombée,NOM,f,9.6,la tombée,the fall
t,NOM,m,9.6,le t,the t
puéril,ADJ,,9.6,puéril,childish
triple,ADJ,,9.6,triple,triple
arraché,ADJ,,9.6,arraché,ripped off
conjugal,ADJ,,9.6,conjugal,conjugal
cocktail,NOM,m,9.6,le cocktail,the cocktail
girl,NOM,f,9.59,la girl,la girl
beige,ADJ,,9.59,beige,beige
circuit,NOM,m,9.59,le circuit,the circuit
bâtisse,NOM,f,9.59,la bâtisse,the building
trempé,ADJ,,9.59,trempé,soaked
faille,NOM,f,9.59,la faille,the fault
manoir,NOM,m,9.59,le manoir,the manor
inlassablement,ADV,,9.59,inlassablement,tirelessly
brèche,NOM,f,9.59,la brèche,the breach
instinctif,ADJ,,9.59,instinctif,instinctive
minéral,ADJ,,9.59,minéral,mineral
entrevue,NOM,f,9.59,la entrevue,the interview
peinard,ADJ,,9.59,peinard,easygoing
maladroitement,ADV,,9.59,maladroitement,awkwardly
librairie,NOM,f,9.59,la librairie,the bookstore
bouffe,NOM,f,9.59,la bouffe,the food
humer,VER,,9.56,humer,to smell
intituler,VER,,9.55,intituler,title
griffer,VER,,9.55,griffer,scratch
rhabiller,VER,,9.55,rhabiller,to dress up
arpenter,VER,,9.54,arpenter,to survey
précipité,ADJ,,9.54,précipité,precipitate
bourdonner,VER,,9.54,bourdonner,buzz
épaissir,VER,,9.54,épaissir,thicken
jacter,VER,,9.54,jacter,hunter
cartouche,NOM,f,9.53,la cartouche,the cartridge
sous-officier,NOM,m,9.53,le sous-officier,the non-commissioned officer
inépuisable,ADJ,,9.53,inépuisable,inexhaustible
menthe,NOM,f,9.53,la menthe,mint
égoïsme,NOM,m,9.53,le égoïsme,selfishness
palme,NOM,f,9.53,la palme,the flipper (swimming)
symbolique,ADJ,,9.53,symbolique,symbolic
grognement,NOM,m,9.53,le grognement,the growl
soutien,NOM,m,9.53,le soutien,the support
végétation,NOM,f,9.53,la végétation,vegetation
imprimerie,NOM,f,9.53,la imprimerie,the printing house
fuyant,ADJ,,9.53,fuyant,fleeing
informe,ADJ,,9.53,informe,report
invraisemblable,ADJ,,9.53,invraisemblable,unbelievable
audience,NOM,f,9.53,la audience,the audience
suédois,ADJ,,9.53,suédois,Swedish
digérer,VER,,9.53,digérer,digest
bracelet,NOM,m,9.52,le bracelet,the bracelet
avertissement,NOM,m,9.52,le avertissement,the warning
épouvantable,ADJ,,9.52,épouvantable,terrible
addition,NOM,f,9.52,la addition,the addition
raisin,NOM,m,9.52,le raisin,the grape
coloré,ADJ,,9.51,coloré,colored
embrouiller,VER,,9.49,embrouiller,confuse
louper,VER,,9.49,louper,miss
investir,VER,,9.48,investir,invest
prostitué,NOM,m,9.47,le prostitué,the prostitute
tenu,ADJ,,9.47,tenu,tenuous
posture,NOM,f,9.46,la posture,the posture
sollicitude,NOM,f,9.46,la sollicitude,concern
étable,NOM,f,9.46,la étable,the stable
instinctivement,ADV,,9.46,instinctivement,instinctively
malédiction,NOM,f,9.46,la malédiction,the curse
retrousser,VER,,9.46,retrousser,roll up
effrayé,ADJ,,9.46,effrayé,scared
équiper,VER,,9.46,équiper,equip
moqueur,ADJ,,9.46,moqueur,mocking
râle,NOM,m,9.46,le râle,the rattle
hargneux,ADJ,,9.46,hargneux,angry
sagement,ADV,,9.46,sagement,wisely
distinct,ADJ,,9.46,distinct,distinct
résulter,VER,,9.46,résulter,result
académie,NOM,f,9.46,la académie,the academy
épicerie,NOM,f,9.46,la épicerie,the grocer’s
ter,ADV,,9.46,ter,to have
brut,ADJ,,9.46,brut,brut
indigène,NOM,m,9.46,le indigène,the native
douane,NOM,f,9.46,la douane,the customs (at a border)
fâcheux,ADJ,,9.46,fâcheux,annoying
cancer,NOM,m,9.46,le cancer,cancer
latte,NOM,f,9.46,la latte,the milk
entonnoir,NOM,m,9.46,le entonnoir,the funnel
froissé,ADJ,,9.46,froissé,crumpled
rosée,NOM,f,9.46,la rosée,the dew
punition,NOM,f,9.46,la punition,the punishment
millénaire,NOM,m,9.45,le millénaire,the millennium
atterrir,VER,,9.43,atterrir,to land [aeroplane]
défoncer,VER,,9.43,défoncer,to smash
gaver,VER,,9.41,gaver,gifts
cingler,VER,,9.41,cingler,cingler
mobiliser,VER,,9.41,mobiliser,mobilize
restituer,VER,,9.41,restituer,restore
pivoter,VER,,9.41,pivoter,rotate
totalité,NOM,f,9.4,la totalité,the whole
vagabond,NOM,m,9.4,le vagabond,the wanderer
fusillade,NOM,f,9.4,la fusillade,the shooting
daigner,VER,,9.4,daigner,deign
imposant,ADJ,,9.4,imposant,imposing
essoufflé,ADJ,,9.4,essoufflé,out of breath
advenir,VER,,9.4,advenir,to come about
mathématique,NOM,f,9.4,la mathématique,mathematics
hypocrite,ADJ,,9.4,hypocrite,hypocrite
inspection,NOM,f,9.4,la inspection,the inspection
desquelles,PRO:rel,,9.4,desquelles,of which
collant,NOM,m,9.4,le collant,the tights
flasque,ADJ,,9.4,flasque,flaccid
joncher,VER,,9.4,joncher,to litter
attrait,NOM,m,9.39,le attrait,the attraction
celles-ci,PRO:dem,,9.39,celles-ci,these
distingué,ADJ,,9.39,distingué,distinguished
piquet,NOM,m,9.39,le piquet,the picket
tract,NOM,m,9.39,le tract,the leaflet
crèche,NOM,f,9.39,la crèche,the nursery
passionnément,ADV,,9.39,passionnément,passionately
marronnier,NOM,m,9.39,le marronnier,the chestnut tree
abondance,NOM,f,9.39,la abondance,abundance
indice,NOM,m,9.39,le indice,the index
immaculé,ADJ,,9.39,immaculé,immaculate
arrangement,NOM,m,9.39,le arrangement,the arrangement
séduction,NOM,f,9.39,la séduction,seduction
colorer,VER,,9.39,colorer,color
niche,NOM,f,9.39,la niche,the niche
débauche,NOM,f,9.39,la débauche,debauchery
joyeusement,ADV,,9.39,joyeusement,happily
irritation,NOM,f,9.39,la irritation,irritation
compenser,VER,,9.35,compenser,compensate
fléchir,VER,,9.35,fléchir,flex
rajouter,VER,,9.34,rajouter,add
abolir,VER,,9.34,abolir,abolish
survivant,NOM,m,9.34,le survivant,the survivor
mercerie,NOM,f,9.33,la mercerie,haberdashery
valse,NOM,f,9.33,la valse,the waltz
finesse,NOM,f,9.33,la finesse,the finesse
phase,NOM,f,9.33,la phase,the phase
osseux,ADJ,,9.33,osseux,bony
mentionner,VER,,9.33,mentionner,mention
parenthèse,NOM,f,9.32,la parenthèse,the parenthesis
amas,NOM,m,9.32,le amas,the heap
victorieux,ADJ,,9.32,victorieux,victorious
dévouement,NOM,m,9.32,le dévouement,dedication
zézette,NOM,f,9.32,la zézette,the zezette
incomparable,ADJ,,9.32,incomparable,incomparable
purement,ADV,,9.32,purement,purely
laurier,NOM,m,9.32,le laurier,the laurel
colle,NOM,f,9.32,la colle,the glue
crissement,NOM,m,9.32,le crissement,the screeching
thèse,NOM,f,9.32,la thèse,the thesis
glauque,ADJ,,9.32,glauque,gloomy
gendarmerie,NOM,f,9.32,la gendarmerie,the gendarmerie
oie,NOM,f,9.32,la oie,the goose
halle,NOM,f,9.32,la halle,the hall
ponctuer,VER,,9.32,ponctuer,punctuate
jenny,NOM,f,9.32,la jenny,Jenny
rétorquer,VER,,9.32,rétorquer,retort
trombe,NOM,f,9.32,la trombe,the waterspout
rembourser,VER,,9.31,rembourser,repay
ravager,VER,,9.29,ravager,ravage
restaurer,VER,,9.28,restaurer,restore
métamorphoser,VER,,9.27,métamorphoser,to metamorphose
supériorité,NOM,f,9.260000000000002,la supériorité,superiority
miraculeux,ADJ,,9.260000000000002,miraculeux,miraculous
scénario,NOM,m,9.26,le scénario,the scenario
rageur,ADJ,,9.26,rageur,angry
moule,NOM,f,9.26,la moule,the mussel
sang-froid,NOM,m,9.26,le sang-froid,cold blood
brocanteur,NOM,m,9.26,le brocanteur,the second-hand dealer
applaudissement,NOM,m,9.26,le applaudissement,the applause
clerc,NOM,m,9.26,le clerc,the cleric
détonation,NOM,f,9.25,la détonation,the detonation
lamentable,ADJ,,9.25,lamentable,lamentable
hideux,ADJ,,9.25,hideux,hideous
fusée,NOM,f,9.25,la fusée,the rocket
éplucher,VER,,9.23,éplucher,peel
trinquer,VER,,9.21,trinquer,toast
ranimer,VER,,9.2,ranimer,revive
réconforter,VER,,9.2,réconforter,comfort
têtu,ADJ,,9.2,têtu,stubborn
tenant,ADJ,,9.2,tenant,tenant
sphère,NOM,f,9.19,la sphère,the sphere
clown,NOM,m,9.19,le clown,the clown
reconnaissant,ADJ,,9.19,reconnaissant,grateful
rigolade,NOM,f,9.19,la rigolade,the laugh
motte,NOM,f,9.19,la motte,the mound
canot,NOM,m,9.19,le canot,the canoe
effacé,ADJ,,9.19,effacé,erased
pitoyable,ADJ,,9.19,pitoyable,pitiful
grands-parents,NOM,m,9.19,le grands-parents,the grandparents
crapaud,NOM,m,9.19,le crapaud,the toad
fondamental,ADJ,,9.19,fondamental,fundamental
ocre,ADJ,,9.19,ocre,ocher
obséder,VER,,9.14,obséder,obsess
pouffer,VER,,9.14,pouffer,giggle
douanier,NOM,m,9.14,le douanier,the customs officer
accoutumer,VER,,9.13,accoutumer,accustom
voulu,ADJ,,9.13,voulu,wanted
relent,NOM,m,9.13,le relent,the smell
tombant,ADJ,,9.13,tombant,falling
cure,NOM,f,9.13,la cure,the cure
orteil,NOM,m,9.12,le orteil,the toe
châtiment,NOM,m,9.12,le châtiment,the punishment
plissé,ADJ,,9.12,plissé,pleated
quiconque,PRO:rel,,9.12,quiconque,anyone
décret,NOM,m,9.12,le décret,the decree
fasciste,ADJ,,9.12,fasciste,fascist
paisiblement,ADV,,9.12,paisiblement,peacefully
netteté,NOM,f,9.12,la netteté,sharpness
volontairement,ADV,,9.12,volontairement,voluntarily
par-ci,ADV,,9.12,par-ci,here and there
constitution,NOM,f,9.12,la constitution,the constitution
correspondant,NOM,m,9.11,le correspondant,the correspondent
flâner,VER,,9.08,flâner,stroll
solidarité,NOM,f,9.06,la solidarité,solidarity
demi-soeur,NOM,f,9.06,la demi-soeur,the half sister
puanteur,NOM,f,9.06,la puanteur,the stench
rouille,NOM,f,9.06,la rouille,rust
poilu,ADJ,,9.06,poilu,hairy
aplomb,NOM,m,9.06,le aplomb,the plumb line
indiscret,ADJ,,9.06,indiscret,indiscreet
formel,ADJ,,9.06,formel,formula
guirlande,NOM,f,9.06,la guirlande,the garland
coulisse,NOM,f,9.06,la coulisse,the backstage
inconvénient,NOM,m,9.05,le inconvénient,the disadvantage
pardessus,NOM,m,9.05,le pardessus,the overcoat
placé,ADJ,,9.05,placé,place
par-delà,PRE,,9.05,par-delà,beyond
trapu,ADJ,,9.05,trapu,rag
compatriote,NOM,m,9.05,le compatriote,the compatriot
quatre-vingts,ADJ:num,,9.05,quatre-vingts,eighty
brasserie,NOM,f,9.05,la brasserie,the brewery
bien-aimé,ADJ,,9.05,bien-aimé,beloved
colossal,ADJ,,9.05,colossal,colossal
froidement,ADV,,9.05,froidement,coldly
contradictoire,ADJ,,9.05,contradictoire,contradictory
solde,NOM,f,9.05,la solde,the balance
crêpe,NOM,f,9.05,la crêpe,the pancake
malsain,ADJ,,9.05,malsain,unhealthy
conter,VER,,9.04,conter,contain
foudroyer,VER,,9.02,foudroyer,to strike down
maigrir,VER,,9.01,maigrir,to lose weight
ravaler,VER,,9.01,ravaler,swallow
cheminer,VER,,9.01,cheminer,to walk
rallumer,VER,,9.0,rallumer,turn back on
patauger,VER,,9.0,patauger,wade
barbouiller,VER,,9.0,barbouiller,barbouiller
vingt-deux,ADJ:num,,8.99,vingt-deux,twenty two
aéroport,NOM,m,8.99,le aéroport,the airport
pancarte,NOM,f,8.99,la pancarte,the sign
récolte,NOM,f,8.99,la récolte,the harvest
farder,VER,,8.99,farder,farder
exotique,ADJ,,8.99,exotique,exotic
roulé,ADJ,,8.99,roulé,rolled
troublant,ADJ,,8.99,troublant,disturbing
cavaler,VER,,8.99,cavaler,knight
châsse,NOM,f,8.99,la châsse,the shrine
raté,NOM,m,8.99,le raté,the failure
effroyable,ADJ,,8.99,effroyable,terrible
communiqué,NOM,m,8.99,le communiqué,the press release
élier,VER,,8.99,élier,to elier
obstiné,ADJ,,8.99,obstiné,obstinate
aisselle,NOM,f,8.99,la aisselle,the armpit
carotte,NOM,f,8.99,la carotte,the carrot
tribune,NOM,f,8.99,la tribune,the tribune
poisseux,ADJ,,8.99,poisseux,sticky
mule,NOM,f,8.99,la mule,the mule
harde,NOM,f,8.99,la harde,the herd
bassine,NOM,f,8.98,la bassine,the basin
moustachu,ADJ,,8.98,moustachu,mustached
doter,VER,,8.98,doter,to endow
conservateur,NOM,m,8.98,le conservateur,the conservative
ambigu,ADJ,,8.98,ambigu,ambiguous
flanelle,NOM,f,8.979999999999999,la flanelle,flannel
laideur,NOM,f,8.979999999999999,la laideur,ugliness
improviser,VER,,8.96,improviser,improviser
varier,VER,,8.95,varier,vary
bafouiller,VER,,8.94,bafouiller,stammer
célibataire,ADJ,,8.93,célibataire,Single
éveillé,ADJ,,8.93,éveillé,awake
dégoûtant,ADJ,,8.93,dégoûtant,disgusting
animé,ADJ,,8.93,animé,animated
équivoque,ADJ,,8.93,équivoque,ambiguous
respectueux,ADJ,,8.93,respectueux,respectful
restant,NOM,m,8.92,le restant,the rest
bouillon,NOM,m,8.92,le bouillon,the broth
promeneur,NOM,m,8.92,le promeneur,the walker
flocon,NOM,m,8.92,le flocon,the snowflake
boucherie,NOM,f,8.92,la boucherie,the butcher shop
escale,NOM,f,8.92,la escale,the stopover
martyr,NOM,m,8.92,le martyr,the martyr
alimenter,VER,,8.92,alimenter,feed
paumer,VER,,8.92,paumer,paumer
milicien,NOM,m,8.92,le milicien,the militiaman
fixement,ADV,,8.92,fixement,fixedly
lagune,NOM,f,8.92,la lagune,the lagoon
descendant,NOM,m,8.92,le descendant,the descendant
coupole,NOM,f,8.92,la coupole,the dome
interrogation,NOM,f,8.91,la interrogation,the question
godasse,NOM,f,8.91,la godasse,the shoe
trousse,NOM,f,8.91,la trousse,the kit
écarquiller,VER,,8.88,écarquiller,to open wide
enquérir,VER,,8.88,enquérir,inquire
stationner,VER,,8.879999999999999,stationner,park
ruminer,VER,,8.870000000000001,ruminer,ruminate
estomper,VER,,8.870000000000001,estomper,fade
tresser,VER,,8.87,tresser,braid
surplomber,VER,,8.87,surplomber,to overlook
libéral,ADJ,,8.87,libéral,liberal
glaise,NOM,f,8.860000000000001,la glaise,clay
échine,NOM,f,8.86,la échine,the spine
soucoupe,NOM,f,8.86,la soucoupe,the saucer
érotique,ADJ,,8.86,érotique,erotic
condamnation,NOM,f,8.86,la condamnation,the condemnation
distribution,NOM,f,8.850000000000001,la distribution,the distribution
pochette,NOM,f,8.850000000000001,la pochette,the cover
quarante-cinq,ADJ:num,,8.85,quarante-cinq,forty-five
accusation,NOM,f,8.85,la accusation,the accusation
continue,ADJ,,8.85,continue,continue
bandit,NOM,m,8.85,le bandit,the bandit
fatalité,NOM,f,8.85,la fatalité,fatality
éloge,NOM,m,8.85,le éloge,the praise
aviateur,NOM,m,8.85,le aviateur,the aviator
procédé,NOM,m,8.85,le procédé,the process
tsar,NOM,m,8.85,le tsar,and the tsar
mutilé,ADJ,,8.85,mutilé,mutilated
corbeau,NOM,m,8.85,le corbeau,the crow
aquarelle,NOM,f,8.85,la aquarelle,watercolor
partage,NOM,m,8.85,le partage,sharing
autocar,NOM,m,8.85,le autocar,the coach
duvet,NOM,m,8.85,le duvet,the down
recommandation,NOM,f,8.85,la recommandation,the recommendation
broyer,VER,,8.85,broyer,crush
inhumain,ADJ,,8.84,inhumain,inhuman
abstenir,VER,,8.82,abstenir,abstain
gouverner,VER,,8.81,gouverner,govern
épater,VER,,8.81,épater,to amaze
dénicher,VER,,8.8,dénicher,to find
mouler,VER,,8.8,mouler,to mold
initier,VER,,8.8,initier,initiate
prodige,NOM,m,8.790000000000001,le prodige,the prodigy
avare,ADJ,,8.790000000000001,avare,stingy
poétique,ADJ,,8.790000000000001,poétique,poetic
saucisse,NOM,f,8.790000000000001,la saucisse,the sausage
finance,NOM,f,8.790000000000001,la finance,finance
marraine,NOM,f,8.790000000000001,la marraine,the godmother
septième,ADJ,,8.790000000000001,septième,seventh
transition,NOM,f,8.790000000000001,la transition,the transition
naval,ADJ,,8.790000000000001,naval,naval
positif,ADJ,,8.790000000000001,positif,positive
vénitien,ADJ,,8.790000000000001,vénitien,Venetian
pantoufle,NOM,f,8.79,la pantoufle,the slipper
agneau,NOM,m,8.79,le agneau,the lamb
sanglier,NOM,m,8.79,le sanglier,the wild boar
pommier,NOM,m,8.79,le pommier,the apple tree
morose,ADJ,,8.780000000000001,morose,morose
fonte,NOM,f,8.780000000000001,la fonte,the source
rondin,NOM,m,8.780000000000001,le rondin,the log
lessive,NOM,f,8.780000000000001,la lessive,"the laundry (act, not place)"
perroquet,NOM,m,8.780000000000001,le perroquet,the parrot
garce,NOM,f,8.780000000000001,la garce,the bitch
tintement,NOM,m,8.780000000000001,le tintement,the ringing
congrès,NOM,m,8.78,le congrès,the congress
rugueux,ADJ,,8.78,rugueux,rough
roulette,NOM,f,8.78,la roulette,roulette
paillasse,NOM,f,8.78,la paillasse,the straw mattress
à tâtons,ADV,,8.78,à tâtons,groping
avant-hier,ADV,,8.78,avant-hier,the day before yesterday
bien-être,NOM,m,8.78,le bien-être,well-being
escadron,NOM,m,8.78,le escadron,the squadron
aventurier,NOM,m,8.73,le aventurier,the adventurer
tireur,NOM,m,8.73,le tireur,the shooter
dépense,NOM,f,8.72,la dépense,the expense
attribution,NOM,f,8.72,la attribution,the attribution
écossais,ADJ,,8.72,écossais,Scottish
volé,ADJ,,8.72,volé,stolen
physiquement,ADV,,8.72,physiquement,physically
hilare,ADJ,,8.72,hilare,hilarious
hymne,NOM,m,8.72,le hymne,the anthem
gérant,NOM,m,8.719999999999999,le gérant,the manager
tampon,NOM,m,8.719999999999999,le tampon,the stamp
évocation,NOM,f,8.719999999999999,la évocation,the evocation
actualité,NOM,f,8.719999999999999,la actualité,the news
pressentiment,NOM,m,8.719999999999999,le pressentiment,the presentiment
attentat,NOM,m,8.719999999999999,le attentat,the attack
forain,ADJ,,8.71,forain,fairground
facture,NOM,f,8.71,la facture,the bill
nouveauté,NOM,f,8.71,la nouveauté,the novelty
arquebuse,NOM,f,8.709999999999999,la arquebuse,the arquebus
reparler,VER,,8.68,reparler,talk again
chavirer,VER,,8.68,chavirer,capsize
camoufler,VER,,8.67,camoufler,camouflage
améliorer,VER,,8.67,améliorer,improve
bombarder,VER,,8.67,bombarder,bomb
amplifier,VER,,8.66,amplifier,amplifier
réciproque,ADJ,,8.66,réciproque,reciprocal
prompt,ADJ,,8.66,prompt,prompt
soutien-gorge,NOM,m,8.65,le soutien-gorge,the bra
cruellement,ADV,,8.65,cruellement,cruelly
attendu,ADJ,,8.65,attendu,expected
relativement,ADV,,8.65,relativement,relatively
hebdomadaire,ADJ,,8.65,hebdomadaire,weekly
chargé,ADJ,,8.65,chargé,charge
déesse,NOM,f,8.65,la déesse,the goddess
souhait,NOM,m,8.65,le souhait,the wish
pull,NOM,m,8.65,le pull,the pull
banalité,NOM,f,8.65,la banalité,the banality
asperge,NOM,f,8.65,la asperge,the asparagus
saule,NOM,m,8.65,le saule,the willow
fragilité,NOM,f,8.65,la fragilité,fragility
b,NOM,m,8.65,le b,the b
anodin,ADJ,,8.64,anodin,harmless
tigre,NOM,m,8.64,le tigre,the tiger
sillonner,VER,,8.62,sillonner,to criss-cross
refroidir,VER,,8.62,refroidir,cool
enivrer,VER,,8.610000000000001,enivrer,to intoxicate
atteler,VER,,8.61,atteler,to harness
piquant,ADJ,,8.6,piquant,piquant
contraster,VER,,8.6,contraster,contrast
contester,VER,,8.6,contester,challenge
ensevelir,VER,,8.6,ensevelir,bury
espadrille,NOM,f,8.59,la espadrille,the espadrille
déluge,NOM,m,8.59,le déluge,the flood
radical,ADJ,,8.59,radical,radical
connaisseur,NOM,m,8.59,le connaisseur,the connoisseur
boxe,NOM,f,8.59,la boxe,boxing
forge,NOM,f,8.59,la forge,the forge
bide,NOM,m,8.58,le bide,the belly
singulièrement,ADV,,8.58,singulièrement,singularly
satin,NOM,m,8.58,le satin,satin
patois,NOM,m,8.58,le patois,the patois
lacs,NOM,m,8.58,le lacs,the lakes
hollandais,ADJ,,8.58,hollandais,Dutch
participation,NOM,f,8.58,la participation,the participation
vaillant,ADJ,,8.58,vaillant,vaillant
notre-dame,NOM,f,8.58,la notre-dame,Our Lady
buté,ADJ,,8.58,buté,stuck
triomphal,ADJ,,8.58,triomphal,triumphal
répugnant,ADJ,,8.58,répugnant,repugnant
pèlerinage,NOM,m,8.58,le pèlerinage,the pilgrimage
antichambre,NOM,f,8.58,la antichambre,the anteroom
veilleuse,NOM,f,8.58,la veilleuse,the night light
abus,NOM,m,8.58,le abus,the abuse
livraison,NOM,f,8.58,la livraison,delivery
enthousiaste,ADJ,,8.58,enthousiaste,enthusiastic
intensément,ADV,,8.58,intensément,intensely
entrepôt,NOM,m,8.58,le entrepôt,the warehouse
interprète,NOM,m,8.58,le interprète,the interpreter
vivacité,NOM,f,8.58,la vivacité,liveliness
justesse,NOM,f,8.58,la justesse,the accuracy
voter,VER,,8.56,voter,voter
vernir,VER,,8.540000000000001,vernir,varnish
géographie,NOM,f,8.52,la géographie,geography
pâtissier,NOM,m,8.52,le pâtissier,the pastry chef
ravi,ADJ,,8.52,ravi,delighted
tourné,ADJ,,8.52,tourné,turned
for,NOM,m,8.51,le for,the forum
relais,NOM,m,8.51,le relais,the relay
abattu,ADJ,,8.51,abattu,shot down
efficacité,NOM,f,8.51,la efficacité,the efficiency
équipement,NOM,m,8.51,le équipement,the equipment
sandal,NOM,m,8.51,le sandal,the sandal
viol,NOM,m,8.51,le viol,rape
fleuriste,NOM,m,8.51,le fleuriste,the florist
peste,NOM,f,8.51,la peste,at fish
archive,NOM,f,8.51,la archive,the archive
dérision,NOM,f,8.51,la dérision,derision
cyprès,NOM,m,8.51,le cyprès,the cypress
quelques-unes,PRO:ind,,8.51,quelques-unes,some
pair,NOM,m,8.51,le pair,the pair
pou,NOM,m,8.51,le pou,time for
boy,NOM,m,8.51,le boy,the boy
issu,ADJ,,8.51,issu,issue
frénésie,NOM,f,8.51,la frénésie,the frenzy
taverne,NOM,f,8.51,la taverne,the tavern
extraordinairement,ADV,,8.51,extraordinairement,extraordinarily
fausser,VER,,8.48,fausser,distort
régir,VER,,8.48,régir,govern
copier,VER,,8.47,copier,copier
patienter,VER,,8.47,patienter,patients
chiner,VER,,8.47,chiner,to rummage
munition,NOM,f,8.450000000000001,la munition,the ammunition
connard,NOM,m,8.45,le connard,the asshole
guichet,NOM,m,8.45,le guichet,the ticket office
égout,NOM,m,8.45,le égout,the sewer
rigoureux,ADJ,,8.45,rigoureux,rigorous
socle,NOM,m,8.45,le socle,the base
frémissant,ADJ,,8.45,frémissant,quivering
antenne,NOM,f,8.45,la antenne,the antenna
négligemment,ADV,,8.45,négligemment,carelessly
artilleur,NOM,m,8.440000000000001,le artilleur,the gunner
syndicat,NOM,m,8.440000000000001,le syndicat,the union
chirurgien,NOM,m,8.44,le chirurgien,the surgeon
immensité,NOM,f,8.44,la immensité,the immensity
eunuque,NOM,m,8.44,le eunuque,the eunuch
préfet,NOM,m,8.44,le préfet,the prefect
récompenser,VER,,8.41,récompenser,reward
assimiler,VER,,8.4,assimiler,assimilate
pétrifier,VER,,8.4,pétrifier,petrify
saouler,VER,,8.4,saouler,get drunk
piller,VER,,8.39,piller,pills
esquiver,VER,,8.39,esquiver,dodge
dégouliner,VER,,8.39,dégouliner,dripping
énormément,ADV,,8.38,énormément,enormously
meule,NOM,f,8.38,la meule,the millstone
toiser,VER,,8.38,toiser,to measure
posément,ADV,,8.38,posément,calmly
démesuré,ADJ,,8.38,démesuré,excessive
halo,NOM,m,8.38,le halo,and hello
trac,NOM,m,8.38,le trac,the track
bahut,NOM,m,8.38,le bahut,the lot
gratitude,NOM,f,8.38,la gratitude,gratitude
carapace,NOM,f,8.38,la carapace,the shell
aïe,ONO,,8.38,aïe,Ouch
paumé,NOM,m,8.38,le paumé,the lost one
présentation,NOM,f,8.379999999999999,la présentation,the presentation
évanoui,ADJ,,8.379999999999999,évanoui,fainted
jungle,NOM,f,8.379999999999999,la jungle,the jungle
major,NOM,m,8.379999999999999,le major,the major
complication,NOM,f,8.379999999999999,la complication,la complication
arrondissement,NOM,m,8.379999999999999,le arrondissement,the district
nourrice,NOM,f,8.370000000000001,la nourrice,the nurse
dépression,NOM,f,8.370000000000001,la dépression,depression
moineau,NOM,m,8.370000000000001,le moineau,the sparrow
jauni,ADJ,,8.37,jauni,young
sardine,NOM,f,8.37,la sardine,the sardine
impulsion,NOM,f,8.37,la impulsion,the impulse
rendormir,VER,,8.32,rendormir,go back to sleep
animation,NOM,f,8.32,la animation,the animation
orbite,NOM,f,8.32,la orbite,the orbit
déraper,VER,,8.32,déraper,skid
levant,NOM,m,8.32,le levant,the rising
orgue,NOM,m,8.32,le orgue,the organ
frime,NOM,f,8.32,la frime,the show off
craintif,ADJ,,8.32,craintif,fearful
tactique,NOM,f,8.32,la tactique,the tactic
hôtesse,NOM,f,8.31,la hôtesse,the hostess
traction,NOM,f,8.31,la traction,traction
envahisseur,NOM,m,8.31,le envahisseur,the invader
micro,NOM,m,8.31,le micro,the microphone
vodka,NOM,f,8.31,la vodka,the vodka
labyrinthe,NOM,m,8.31,le labyrinthe,the labyrinth
pignon,NOM,m,8.31,le pignon,the pinion
coureur,NOM,m,8.31,le coureur,the runner
ensoleillé,ADJ,,8.31,ensoleillé,sunny
dérobé,ADJ,,8.31,dérobé,stolen
jaunir,VER,,8.31,jaunir,yellow
scandaleux,ADJ,,8.31,scandaleux,scandalous
futile,ADJ,,8.31,futile,futile
veillée,NOM,f,8.31,la veillée,the vigil
d'emblée,ADV,,8.31,d'emblée,straight away
fraîchement,ADV,,8.31,fraîchement,freshly
atomique,ADJ,,8.309999999999999,atomique,atomic
crouler,VER,,8.290000000000001,crouler,collapse
expulser,VER,,8.28,expulser,expel
proférer,VER,,8.26,proférer,to utter
visser,VER,,8.26,visser,visser
harceler,VER,,8.26,harceler,harass
happer,VER,,8.26,happer,to snap up
glissant,ADJ,,8.26,glissant,sliding
esclaffer,VER,,8.26,esclaffer,esclaffer
déboutonner,VER,,8.26,déboutonner,unbutton
amasser,VER,,8.26,amasser,to collect
syrien,ADJ,,8.25,syrien,Syria
combine,NOM,f,8.25,la combine,at the combine harvesters
acharnement,NOM,m,8.25,le acharnement,the relentlessness
rassemblement,NOM,m,8.25,le rassemblement,the gathering
consultation,NOM,f,8.25,la consultation,the consultation
mûrir,VER,,8.25,mûrir,mature
capot,NOM,m,8.25,le capot,the hood
psychologie,NOM,f,8.25,la psychologie,psychology
captif,ADJ,,8.25,captif,captive
entonner,VER,,8.25,entonner,to intone
garantie,NOM,f,8.25,la garantie,the guarantee
short,NOM,m,8.24,le short,the shorts
pêle-mêle,ADV,,8.24,pêle-mêle,jumble
abat-jour,NOM,m,8.24,le abat-jour,the lampshade
modeler,VER,,8.24,modeler,modeler
réservé,ADJ,,8.24,réservé,reserve
pourboire,NOM,m,8.24,le pourboire,the tip (monetary)
calvaire,NOM,m,8.24,le calvaire,the ordeal
testament,NOM,m,8.24,le testament,the will
lentille,NOM,f,8.24,la lentille,the lens
insomnie,NOM,f,8.24,la insomnie,insomnia
pétale,NOM,m,8.24,le pétale,the petal
progressivement,ADV,,8.24,progressivement,gradually
jockey,NOM,m,8.24,le jockey,the jockey
bruissement,NOM,m,8.24,le bruissement,the rustling
ballet,NOM,m,8.24,le ballet,the ballet
indistinct,ADJ,,8.24,indistinct,indistinct
évangile,NOM,m,8.24,le évangile,the gospel
tournure,NOM,f,8.24,la tournure,the twist
vareuse,NOM,f,8.24,la vareuse,the jacket
émerveillement,NOM,m,8.24,le émerveillement,the wonder
fréquemment,ADV,,8.24,fréquemment,frequently
bûcheron,NOM,m,8.24,le bûcheron,the lumberjack
ha,ONO,,8.24,ha,ha
accroupi,ADJ,,8.23,accroupi,squatting
cinglé,NOM,m,8.19,le cinglé,the crazy one
satisfaisant,ADJ,,8.18,satisfaisant,satisfying
crépitement,NOM,m,8.18,le crépitement,the crackling
ration,NOM,f,8.18,la ration,the ration
entraînement,NOM,m,8.18,le entraînement,the training
égalité,NOM,f,8.18,la égalité,equality
correct,ADJ,,8.18,correct,correct
rectangulaire,ADJ,,8.18,rectangulaire,rectangular
kiosque,NOM,m,8.18,le kiosque,the kiosk
amande,NOM,f,8.18,la amande,the almond
fourche,NOM,f,8.18,la fourche,the fork
courtoisie,NOM,f,8.18,la courtoisie,courtesy
grade,NOM,m,8.18,le grade,the grade
ralliement,NOM,m,8.18,le ralliement,the rally
séduisant,ADJ,,8.18,séduisant,attractive
mammouth,NOM,m,8.18,le mammouth,the mammoth
éperon,NOM,m,8.18,le éperon,the spur
sirop,NOM,m,8.18,le sirop,the syrup
bénédiction,NOM,f,8.17,la bénédiction,the blessing
pédé,NOM,m,8.17,le pédé,the faggot
tenture,NOM,f,8.17,la tenture,the hanging
vigilance,NOM,f,8.17,la vigilance,vigilance
irrégulier,ADJ,,8.16,irrégulier,irregular
substituer,VER,,8.15,substituer,substitute
divorcer,VER,,8.14,divorcer,divorce
implorer,VER,,8.14,implorer,implore
désarmer,VER,,8.13,désarmer,disarm
transpercer,VER,,8.129999999999999,transpercer,pierce
ébrouer,VER,,8.120000000000001,ébrouer,break
censé,ADJ,,8.120000000000001,censé,supposed
recoucher,VER,,8.12,recoucher,go back to bed
euphorie,NOM,f,8.11,la euphorie,euphoria
format,NOM,m,8.11,le format,the format
bouillant,ADJ,,8.11,bouillant,boiling
citation,NOM,f,8.11,la citation,the quote
chalet,NOM,m,8.11,le chalet,the chalet
fissure,NOM,f,8.11,la fissure,the crack
spontanément,ADV,,8.11,spontanément,spontaneously
rêche,ADJ,,8.11,rêche,rough
inégal,ADJ,,8.11,inégal,unequal
solennité,NOM,f,8.11,la solennité,the solemnity
armure,NOM,f,8.11,la armure,the armor
résurrection,NOM,f,8.11,la résurrection,the resurrection
énigmatique,ADJ,,8.11,énigmatique,enigmatic
chuchotement,NOM,m,8.11,le chuchotement,the whisper
excitant,ADJ,,8.11,excitant,exciting
jazz,NOM,m,8.11,le jazz,jazz
casier,NOM,m,8.11,le casier,the locker
brodé,ADJ,,8.11,brodé,embroidered
protestant,NOM,m,8.11,le protestant,the protestant
cran,NOM,m,8.11,le cran,the guts
dévotion,NOM,f,8.11,la dévotion,devotion
gendre,NOM,m,8.11,le gendre,the son-in-law
illustré,NOM,m,8.1,le illustré,the illustrated
psychiatre,NOM,m,8.1,le psychiatre,the psychiatrist
étouffé,ADJ,,8.1,étouffé,muffled
boulet,NOM,m,8.1,le boulet,the bullet
fougère,NOM,f,8.1,la fougère,the fern
cynique,ADJ,,8.1,cynique,cynical
individuel,ADJ,,8.1,individuel,individual
paradoxe,NOM,m,8.1,le paradoxe,the paradox
bouder,VER,,8.08,bouder,bouder
administrer,VER,,8.07,administrer,administer
brancher,VER,,8.06,brancher,to plug-in
éliminer,VER,,8.06,éliminer,eliminate
gorger,VER,,8.06,gorger,gorge
déplorer,VER,,8.06,déplorer,to deplore
devancer,VER,,8.06,devancer,to get ahead
inoffensif,ADJ,,8.05,inoffensif,harmless
souder,VER,,8.05,souder,weld
retenue,NOM,f,8.049999999999999,la retenue,the restraint/withholding
ascension,NOM,f,8.040000000000001,la ascension,the ascent
cornet,NOM,m,8.040000000000001,le cornet,the cornet
bled,NOM,m,8.040000000000001,le bled,the bled
gothique,ADJ,,8.040000000000001,gothique,Gothic
boulangerie,NOM,f,8.040000000000001,la boulangerie,the bakery
refluer,VER,,8.040000000000001,refluer,to flow back
saucisson,NOM,m,8.04,le saucisson,the sausage
candidat,NOM,m,8.04,le candidat,the candidate
cliquetis,NOM,m,8.04,le cliquetis,the clicking sound
diverses,ADJ:ind,,8.04,diverses,various
stupéfaction,NOM,f,8.04,la stupéfaction,the amazement
zanzi,NOM,m,8.04,le zanzi,the zanzi
rangé,ADJ,,8.030000000000001,rangé,tidy
égyptien,ADJ,,8.03,égyptien,Egyptian
épouvanter,VER,,7.99,épouvanter,to frighten
ébaucher,VER,,7.99,ébaucher,sketch
tripoter,VER,,7.99,tripoter,to fiddle
allier,VER,,7.99,allier,to ally
l,ART:def,,7.99,l,l
sautiller,VER,,7.99,sautiller,jump
isolement,NOM,m,7.98,le isolement,the isolation
atteinte,NOM,f,7.98,la atteinte,the achievement
vizir,NOM,m,7.98,le vizir,the vizier
haut-commissaire,NOM,m,7.98,le haut-commissaire,the high commissioner
troublé,ADJ,,7.98,troublé,disorder
acquis,ADJ,,7.98,acquis,acquired
avidité,NOM,f,7.98,la avidité,greed
réparation,NOM,f,7.98,la réparation,the repair
griffonner,VER,,7.98,griffonner,to doodle
obligatoire,ADJ,,7.98,obligatoire,OBLIGATORY
reproduction,NOM,f,7.98,la reproduction,reproduction
théâtral,ADJ,,7.98,théâtral,theatrical
gicler,VER,,7.98,gicler,squirt
chemisier,NOM,m,7.979999999999999,le chemisier,the blouse
maisonnette,NOM,f,7.979999999999999,la maisonnette,the little house
sommier,NOM,m,7.970000000000001,le sommier,the box spring
nomade,NOM,m,7.970000000000001,le nomade,the nomad
boxeur,NOM,m,7.970000000000001,le boxeur,the boxer
monastère,NOM,m,7.970000000000001,le monastère,the monastery
caïd,NOM,m,7.970000000000001,le caïd,the boss
étouffant,ADJ,,7.970000000000001,étouffant,stifling
franchise,NOM,f,7.970000000000001,la franchise,the franchise
maussade,ADJ,,7.970000000000001,maussade,sullen
adorable,ADJ,,7.970000000000001,adorable,adorable
objection,NOM,f,7.970000000000001,la objection,the objection
ciré,ADJ,,7.97,ciré,wax
entrain,NOM,m,7.97,le entrain,the drive
entre-temps,ADV,,7.97,entre-temps,in the meantime
vulnérable,ADJ,,7.97,vulnérable,vulnerable
péniche,NOM,f,7.97,la péniche,the barge
mets,NOM,m,7.97,le mets,the food
enchanté,ADJ,,7.97,enchanté,delighted
étui,NOM,m,7.97,le étui,the case
délit,NOM,m,7.97,le délit,the crime
spontané,ADJ,,7.97,spontané,spontaneous
propreté,NOM,f,7.97,la propreté,cleanliness
scientifique,ADJ,,7.97,scientifique,scientist
frigo,NOM,m,7.97,le frigo,the fridge
déclic,NOM,m,7.97,le déclic,the trigger
fabrication,NOM,f,7.97,la fabrication,manufacturing
ail,NOM,m,7.97,le ail,garlic
rajeunir,VER,,7.94,rajeunir,rejuvenate
essouffler,VER,,7.930000000000001,essouffler,to run out of breath
renouer,VER,,7.920000000000001,renouer,reconnect
saper,VER,,7.92,saper,to know
infâme,ADJ,,7.91,infâme,infamous
abrupt,ADJ,,7.91,abrupt,abrupt
strictement,ADV,,7.91,strictement,strictly
répugnance,NOM,f,7.91,la répugnance,the repugnance
répercuter,VER,,7.91,répercuter,to reverberate
truite,NOM,f,7.91,la truite,trout
la plupart du,ADJ:ind,,7.91,la plupart du,most of the
suspension,NOM,f,7.91,la suspension,The suspension
stock,NOM,m,7.91,le stock,the stock
encens,NOM,m,7.91,le encens,the incense
épuisement,NOM,m,7.91,le épuisement,exhaustion
faussement,ADV,,7.91,faussement,falsely
sève,NOM,f,7.91,la sève,the sap
insouciance,NOM,f,7.91,la insouciance,carelessness
hoquet,NOM,m,7.9,le hoquet,hiccups
préfecture,NOM,f,7.9,la préfecture,the prefecture
illustration,NOM,f,7.9,la illustration,the illustration
dégoûté,ADJ,,7.9,dégoûté,disgusted
avant-garde,NOM,f,7.9,la avant-garde,the avant-garde
tanguer,VER,,7.9,tanguer,to pitch
hérésie,NOM,f,7.9,la hérésie,heresy
moisson,NOM,f,7.9,la moisson,the harvest
friche,NOM,f,7.9,la friche,the wasteland
gamme,NOM,f,7.9,la gamme,the range
sculpture,NOM,f,7.9,la sculpture,the sculpture
exclusif,ADJ,,7.9,exclusif,exclusive
ténébreux,ADJ,,7.9,ténébreux,dark
reconstruire,VER,,7.87,reconstruire,rebuild
attabler,VER,,7.87,attabler,to sit down
affaiblir,VER,,7.86,affaiblir,weaken
trier,VER,,7.86,trier,trier
fracasser,VER,,7.85,fracasser,smash
simplifier,VER,,7.85,simplifier,simplify
contredire,VER,,7.85,contredire,contradict
soustraire,VER,,7.840000000000001,soustraire,subtract
menotte,NOM,f,7.840000000000001,la menotte,the menotte
exigeant,ADJ,,7.840000000000001,exigeant,demanding
trouvaille,NOM,f,7.84,la trouvaille,the find
punaise,NOM,f,7.84,la punaise,the bug
croc,NOM,m,7.84,le croc,the fang
fulgurant,ADJ,,7.84,fulgurant,dazzling
concret,ADJ,,7.84,concret,concrete
froideur,NOM,f,7.84,la froideur,the coldness
conquérant,NOM,m,7.84,le conquérant,the conqueror
licence,NOM,f,7.84,la licence,the license
hutte,NOM,f,7.84,la hutte,the hut
ère,NOM,f,7.84,la ère,the era
alarme,NOM,f,7.84,la alarme,the alarm
provisoirement,ADV,,7.84,provisoirement,provisionally
monceau,NOM,m,7.83,le monceau,the heap
anglo-saxon,NOM,m,7.83,le anglo-saxon,le anglo-saxon
fatigant,ADJ,,7.83,fatigant,tiring
nommé,ADJ,,7.83,nommé,appointed
frite,NOM,f,7.83,la frite,the fries
provincial,ADJ,,7.83,provincial,provincial
automatique,ADJ,,7.83,automatique,automatic
ressaisir,VER,,7.79,ressaisir,recapture
perler,VER,,7.79,perler,pearls
boiter,VER,,7.79,boiter,limp
délaisser,VER,,7.79,délaisser,to abandon
dédier,VER,,7.78,dédier,dedicate
aisé,ADJ,,7.78,aisé,easy
fifi,NOM,m,7.77,le fifi,the problem
mélodie,NOM,f,7.77,la mélodie,the melody
grisaille,NOM,f,7.77,la grisaille,the grayness
moisi,NOM,m,7.77,le moisi,moldy
vitrail,NOM,m,7.77,le vitrail,the stained glass window
sympa,ADJ,,7.77,sympa,nice
capitulation,NOM,f,7.77,la capitulation,the capitulation
faillite,NOM,f,7.77,la faillite,bankruptcy
vestige,NOM,m,7.77,le vestige,the vestige
coco,NOM,m,7.77,le coco,the coconut
devise,NOM,f,7.77,la devise,the motto
interprétation,NOM,f,7.77,la interprétation,the interpretation
émoi,NOM,m,7.77,le émoi,the emotion
émeraude,NOM,f,7.77,la émeraude,the emerald
doctrine,NOM,f,7.77,la doctrine,to doctrines
suggestion,NOM,f,7.77,la suggestion,the suggestion
palace,NOM,m,7.77,le palace,the palace
hublot,NOM,m,7.77,le hublot,the porthole
pleinement,ADV,,7.77,pleinement,fully
engagé,ADJ,,7.77,engagé,engaged
brune,NOM,f,7.77,la brune,the brunette
gazon,NOM,m,7.77,le gazon,the grass
démonter,VER,,7.77,démonter,disassemble
moyenne,NOM,f,7.77,la moyenne,the average
contraint,NOM,m,7.76,le contraint,the constrained
garni,ADJ,,7.76,garni,garni
assourdir,VER,,7.73,assourdir,mute
friser,VER,,7.729999999999999,friser,curl
replacer,VER,,7.72,replacer,replacer
caser,VER,,7.72,caser,to fit
maculer,VER,,7.71,maculer,maculer
terrer,VER,,7.71,terrer,soil
enserrer,VER,,7.71,enserrer,to enclose
respectif,ADJ,,7.71,respectif,respective
gamberger,VER,,7.71,gamberger,gamberger
déambuler,VER,,7.71,déambuler,to wander
préférable,ADJ,,7.71,préférable,preferable
plain,NOM,m,7.71,le plain,the plain
pressant,ADJ,,7.71,pressant,pressing
égrener,VER,,7.71,égrener,to shell
fourgon,NOM,m,7.709999999999999,le fourgon,the van
improbable,ADJ,,7.709999999999999,improbable,improbable
structure,NOM,f,7.7,la structure,the structure
piété,NOM,f,7.7,la piété,piety
enchantement,NOM,m,7.7,le enchantement,the enchantment
maîtrise,NOM,f,7.7,la maîtrise,the mastery
coteau,NOM,m,7.7,le coteau,the hillside
cohue,NOM,f,7.7,la cohue,the crowd
sauvagerie,NOM,f,7.7,la sauvagerie,savagery
habituellement,ADV,,7.7,habituellement,usually
v,NOM,m,7.7,le v,the v
réussi,ADJ,,7.7,réussi,successful
soviet,NOM,m,7.699999999999999,le soviet,the soviets
guet,NOM,m,7.699999999999999,le guet,the watch
cadran,NOM,m,7.699999999999999,le cadran,the dial
metteur,NOM,m,7.699999999999999,le metteur,the director
fardeau,NOM,m,7.699999999999999,le fardeau,the burden
architecte,NOM,m,7.699999999999999,le architecte,the architect
passif,ADJ,,7.69,passif,passive
retrancher,VER,,7.66,retrancher,to subtract
geindre,NOM,m,7.65,le geindre,the whine
étourdir,VER,,7.65,étourdir,stun
devanture,NOM,f,7.640000000000001,la devanture,the front
fondation,NOM,f,7.640000000000001,la fondation,the foundation
galant,ADJ,,7.640000000000001,galant,gallant
imminent,ADJ,,7.640000000000001,imminent,imminent
nonchalant,ADJ,,7.640000000000001,nonchalant,nonchalant
trompe,NOM,f,7.640000000000001,la trompe,the trunk
publicitaire,ADJ,,7.640000000000001,publicitaire,advertising
goudron,NOM,m,7.64,le goudron,the tar
bienheureux,ADJ,,7.64,bienheureux,blessed
parrain,NOM,m,7.64,le parrain,the godfather
fièrement,ADV,,7.64,fièrement,proudly
croquis,NOM,m,7.64,le croquis,the sketch
nécessairement,ADV,,7.64,nécessairement,necessarily
polka,NOM,f,7.64,la polka,the polka
retenu,ADJ,,7.630000000000001,retenu,retained
chantage,NOM,m,7.63,le chantage,blackmail
attendrissement,NOM,m,7.63,le attendrissement,the tenderness
attraction,NOM,f,7.63,la attraction,the attraction
réticence,NOM,f,7.63,la réticence,reluctance
prétendu,ADJ,,7.63,prétendu,alleged
payé,ADJ,,7.63,payé,paid
froc,NOM,m,7.63,le froc,the frock
mésange,NOM,f,7.63,la mésange,the titmouse
promotion,NOM,f,7.63,la promotion,the promotion
tramway,NOM,m,7.63,le tramway,the tram
suspens,NOM,m,7.63,le suspens,the suspense
huître,NOM,f,7.63,la huître,the oyster
mêlée,NOM,f,7.63,la mêlée,the scrum
mijoter,VER,,7.6,mijoter,simmer
inverser,VER,,7.59,inverser,reverse
approfondir,VER,,7.59,approfondir,deepen
éperdu,ADJ,,7.58,éperdu,lost
endurer,VER,,7.58,endurer,endure
changé,ADJ,,7.58,changé,exchange
lord,NOM,m,7.57,le lord,the lord
barricade,NOM,f,7.57,la barricade,the barricade
escorter,VER,,7.57,escorter,escorts
fard,NOM,m,7.57,le fard,the blush
grillé,ADJ,,7.57,grillé,grid
baïonnette,NOM,f,7.57,la baïonnette,the bayonet
inaperçu,ADJ,,7.57,inaperçu,unnoticed
toiture,NOM,f,7.57,la toiture,the roof
aura,NOM,f,7.57,la aura,the aura
enrager,VER,,7.57,enrager,to rage
boudin,NOM,m,7.57,le boudin,the blood sausage
publiquement,ADV,,7.57,publiquement,publicly
sous-bois,NOM,m,7.57,le sous-bois,the undergrowth
rétrécir,VER,,7.57,rétrécir,shrink
cygne,NOM,m,7.57,le cygne,the swan
doué,ADJ,,7.57,doué,gifted/talented
fané,ADJ,,7.57,fané,faded
mufle,NOM,m,7.57,le mufle,the muzzle
moustique,NOM,m,7.57,le moustique,the mosquito
portion,NOM,f,7.57,la portion,the portion
instantanément,ADV,,7.57,instantanément,instantly
vingt-trois,ADJ:num,,7.57,vingt-trois,twenty three
agacement,NOM,m,7.57,le agacement,the annoyance
gelée,NOM,f,7.57,la gelée,jelly
surlendemain,NOM,m,7.57,le surlendemain,the day after tomorrow
ampleur,NOM,f,7.569999999999999,la ampleur,the magnitude
rabbin,NOM,m,7.569999999999999,le rabbin,the rabbi
acajou,NOM,m,7.569999999999999,le acajou,the mahogany
débile,ADJ,,7.56,débile,moron
banane,NOM,f,7.56,la banane,the banana
défaillance,NOM,f,7.56,la défaillance,the failure
toque,NOM,f,7.56,la toque,I touched her
convier,VER,,7.53,convier,invite
encercler,VER,,7.53,encercler,circle
bégayer,VER,,7.52,bégayer,stutter
rugir,VER,,7.52,rugir,roar
trottiner,VER,,7.510000000000001,trottiner,trottiner
distant,ADJ,,7.51,distant,distant
incongru,ADJ,,7.51,incongru,incongruous
affluer,VER,,7.51,affluer,to flow
altérer,VER,,7.51,altérer,alter
chanceler,VER,,7.51,chanceler,chancellor
enduire,VER,,7.51,enduire,to coat
r,ADV,,7.5,r,r
vingt-six,ADJ:num,,7.5,vingt-six,twenty six
paye,NOM,f,7.5,la paye,the pay
fascination,NOM,f,7.5,la fascination,the fascination
sculpteur,NOM,m,7.5,le sculpteur,the sculptor
inventaire,NOM,m,7.5,le inventaire,the inventory
hurlant,ADJ,,7.5,hurlant,screaming
caractéristique,ADJ,,7.5,caractéristique,characteristic
bienveillant,ADJ,,7.5,bienveillant,caring
impossibilité,NOM,f,7.5,la impossibilité,the impossibility
organisé,ADJ,,7.5,organisé,organized
glissement,NOM,m,7.5,le glissement,the slide
tricolore,ADJ,,7.5,tricolore,tricolor
désinvolte,ADJ,,7.5,désinvolte,casual
coquin,NOM,m,7.5,le coquin,the rascal
samba,NOM,f,7.5,la samba,the samba
superposer,VER,,7.5,superposer,superimpose
supplément,NOM,m,7.5,le supplément,the supplement
éloignement,NOM,m,7.5,le éloignement,the distance
godet,NOM,m,7.5,le godet,the bucket
bulletin,NOM,m,7.5,le bulletin,the bulletin
bocal,NOM,m,7.5,le bocal,the jar
légendaire,ADJ,,7.5,légendaire,legendary
mécanicien,NOM,m,7.5,le mécanicien,the mechanic
inoubliable,ADJ,,7.5,inoubliable,unforgettable
analyser,VER,,7.48,analyser,analyzes
relancer,VER,,7.47,relancer,relaunch
critiquer,VER,,7.46,critiquer,criticize
côtoyer,VER,,7.45,côtoyer,rub shoulders with
décomposer,VER,,7.45,décomposer,decompose
salve,NOM,f,7.44,la salve,hello
grief,NOM,m,7.44,le grief,the grievance
solaire,ADJ,,7.44,solaire,solar
homosexuel,NOM,m,7.44,le homosexuel,the homosexual
détendu,ADJ,,7.44,détendu,relaxed
prétentieux,ADJ,,7.44,prétentieux,pretentious
donneur,NOM,m,7.439999999999999,le donneur,the donor
accoucher,VER,,7.439999999999999,accoucher,give birth
lamenter,VER,,7.439999999999999,lamenter,to lament
prêcher,VER,,7.439999999999999,prêcher,preach
infirmerie,NOM,f,7.439999999999999,la infirmerie,the infirmary
suie,NOM,f,7.439999999999999,la suie,to the top
fraternité,NOM,f,7.439999999999999,la fraternité,brotherhood
servitude,NOM,f,7.430000000000001,la servitude,servitude
consistance,NOM,f,7.430000000000001,la consistance,the consistency
velu,ADJ,,7.43,velu,veil
mulet,NOM,m,7.43,le mulet,the mullet
gémellaire,ADJ,,7.43,gémellaire,twin
bazar,NOM,m,7.43,le bazar,the bazaar
équivalent,NOM,m,7.43,le équivalent,the equivalent
perche,NOM,f,7.43,la perche,the why
radiateur,NOM,m,7.43,le radiateur,the radiator
crucifix,NOM,m,7.43,le crucifix,the crucifix
traverse,NOM,f,7.43,la traverse,the crossing
paquebot,NOM,m,7.43,le paquebot,the liner
fibre,NOM,f,7.43,la fibre,the fiber
désireux,ADJ,,7.43,désireux,eager
bibelot,NOM,m,7.43,le bibelot,the trinket
occurrence,NOM,f,7.43,la occurrence,la occurrence
suave,ADJ,,7.43,suave,suave
visqueux,ADJ,,7.43,visqueux,viscous
perceptible,ADJ,,7.43,perceptible,perceptible
luxueux,ADJ,,7.43,luxueux,luxurious
récolter,VER,,7.41,récolter,to harvest
refouler,VER,,7.4,refouler,to push back
chatouiller,VER,,7.38,chatouiller,tickle
parsemer,VER,,7.38,parsemer,sprinkle
imbiber,VER,,7.38,imbiber,soak
aiguiser,VER,,7.37,aiguiser,sharpen
ployer,VER,,7.37,ployer,bend
esthétique,ADJ,,7.37,esthétique,aesthetic
chétif,ADJ,,7.37,chétif,puny
rayure,NOM,f,7.37,la rayure,the stripe
raffinement,NOM,m,7.37,le raffinement,the refinement
voluptueux,ADJ,,7.37,voluptueux,voluptuous
flagrant,ADJ,,7.37,flagrant,flagrant
préparatif,NOM,m,7.37,le préparatif,the preparation
haut-parleur,NOM,m,7.37,le haut-parleur,the speaker
bilan,NOM,m,7.369999999999999,le bilan,the balance sheet
cageot,NOM,m,7.369999999999999,le cageot,the crate
panache,NOM,m,7.369999999999999,le panache,the plume
vanne,NOM,f,7.369999999999999,la vanne,the valve
imprécis,ADJ,,7.36,imprécis,imprecise
loyal,ADJ,,7.36,loyal,loyal
sursis,NOM,m,7.36,le sursis,the reprieve
nerveusement,ADV,,7.36,nerveusement,nervously
diplôme,NOM,m,7.36,le diplôme,the degree (university)
agricole,ADJ,,7.36,agricole,agricultural
officiellement,ADV,,7.36,officiellement,officially
embarrassé,ADJ,,7.36,embarrassé,embarrassed
kid,NOM,m,7.36,le kid,and kid
analogue,ADJ,,7.36,analogue,analogue
extravagant,ADJ,,7.36,extravagant,extravagant
chantant,ADJ,,7.36,chantant,singing
chaux,NOM,f,7.36,la chaux,lime
stupéfiant,ADJ,,7.36,stupéfiant,amazing
meute,NOM,f,7.359999999999999,la meute,the pack
initiale,NOM,f,7.359999999999999,la initiale,at the initials
énumérer,VER,,7.33,énumérer,list
sceller,VER,,7.32,sceller,seal
dandiner,VER,,7.32,dandiner,dandiner
clamer,VER,,7.32,clamer,to cry out
extasier,VER,,7.32,extasier,to ecstatic
normand,ADJ,,7.31,normand,normand
scander,VER,,7.31,scander,scan
recopier,VER,,7.31,recopier,copy
surcharger,VER,,7.31,surcharger,overload
pharmacien,NOM,m,7.300000000000001,le pharmacien,the pharmacist
bienveillance,NOM,f,7.300000000000001,la bienveillance,kindness
interview,NOM,f,7.300000000000001,la interview,the interview
brancard,NOM,m,7.300000000000001,le brancard,the stretcher
piton,NOM,m,7.3,le piton,the peak
confins,NOM,m,7.3,le confins,the borders
moralement,ADV,,7.3,moralement,morally
foulée,NOM,f,7.3,la foulée,the stride
céleste,ADJ,,7.3,céleste,celestial
furieusement,ADV,,7.3,furieusement,furiously
courtisan,NOM,m,7.3,le courtisan,the courtier
imitation,NOM,f,7.3,la imitation,the imitation
arbuste,NOM,m,7.3,le arbuste,the shrub
turban,NOM,m,7.3,le turban,the turban
scandaliser,VER,,7.3,scandaliser,scandalize
la plupart de,ADJ:ind,,7.3,la plupart de,most of
golf,NOM,m,7.3,le golf,golf
adjoint,NOM,m,7.3,le adjoint,the deputy
compassion,NOM,f,7.3,la compassion,Compassion
bouleversement,NOM,m,7.3,le bouleversement,the upheaval
amusement,NOM,m,7.3,le amusement,the fun
anarchiste,NOM,m,7.3,le anarchiste,the anarchist
dessinateur,NOM,m,7.3,le dessinateur,the designer
vénérable,ADJ,,7.3,vénérable,venerable
planque,NOM,f,7.3,la planque,the hideout
familiarité,NOM,f,7.29,la familiarité,familiarity
strident,ADJ,,7.29,strident,strident
marqué,ADJ,,7.29,marqué,brand
séparé,ADJ,,7.29,séparé,separated
bouclier,NOM,m,7.29,le bouclier,the shield
reconduire,VER,,7.27,reconduire,to reconduct
asperger,VER,,7.25,asperger,asperger
séducteur,NOM,m,7.25,le séducteur,the seducer
draper,VER,,7.25,draper,draper
incorporer,VER,,7.25,incorporer,incorporate
marocain,ADJ,,7.24,marocain,Moroccan
bleuâtre,ADJ,,7.23,bleuâtre,bluish
sculpté,ADJ,,7.23,sculpté,carved
ceinturon,NOM,m,7.23,le ceinturon,the belt
lavande,NOM,f,7.23,la lavande,lavender
alsacien,ADJ,,7.23,alsacien,Alsatian
cloître,NOM,m,7.23,le cloître,the cloister
apaisement,NOM,m,7.23,le apaisement,the appeasement
voleter,VER,,7.23,voleter,want to
pif,NOM,m,7.23,le pif,the nose
définition,NOM,f,7.23,la définition,the definition
blanchâtre,ADJ,,7.23,blanchâtre,whitish
écoeurant,ADJ,,7.23,écoeurant,disgusting
allant,ADJ,,7.23,allant,going
délirer,VER,,7.23,délirer,rave
buis,NOM,m,7.23,le buis,boxwood
nationale,NOM,f,7.23,la nationale,the national
référence,NOM,f,7.23,la référence,the reference
initial,ADJ,,7.23,initial,initial
publication,NOM,f,7.23,la publication,the publication
fluide,ADJ,,7.229999999999999,fluide,fluid
culot,NOM,m,7.229999999999999,le culot,the nerve
lilas,NOM,m,7.229999999999999,le lilas,lilac
rapprochement,NOM,m,7.229999999999999,le rapprochement,the rapprochement
saugrenu,ADJ,,7.229999999999999,saugrenu,bizarre
escargot,NOM,m,7.229999999999999,le escargot,the snail
stratégie,NOM,f,7.229999999999999,la stratégie,the strategy
tracteur,NOM,m,7.229999999999999,le tracteur,the tractor
débuter,VER,,7.18,débuter,start
arche,NOM,f,7.17,la arche,the ark
broussaille,NOM,f,7.17,la broussaille,the bush
persienne,NOM,f,7.17,la persienne,the shutter
bouclé,ADJ,,7.17,bouclé,curly
façonner,VER,,7.17,façonner,shape
attache,NOM,f,7.17,la attache,the attachment
maquereau,NOM,m,7.17,le maquereau,mackerel
fugue,NOM,f,7.17,la fugue,the fugue
niais,ADJ,,7.17,niais,silly
faste,NOM,m,7.17,le faste,the pomp
catalogue,NOM,m,7.16,le catalogue,the catalog
sévérité,NOM,f,7.16,la sévérité,severity
reportage,NOM,m,7.16,le reportage,the report
inexplicable,ADJ,,7.16,inexplicable,inexplicable
planté,ADJ,,7.16,planté,plant
coïncidence,NOM,f,7.16,la coïncidence,the coincidence
inhabituel,ADJ,,7.16,inhabituel,unusual
ridé,ADJ,,7.16,ridé,wrinkled
agrément,NOM,m,7.16,le agrément,the approval
illico,ADV,,7.16,illico,immediately
mamelon,NOM,m,7.16,le mamelon,the nipple
laborieux,ADJ,,7.16,laborieux,laborious
fouillis,NOM,m,7.16,le fouillis,the clutter
zut,ONO,,7.16,zut,zut
avant-guerre,NOM,f,7.16,la avant-guerre,the pre-war
pare-brise,NOM,m,7.16,le pare-brise,the windshield
campagnard,ADJ,,7.16,campagnard,countryman
lavé,ADJ,,7.16,lavé,washed
mi-clos,ADJ,,7.16,mi-clos,my-clos
charogne,NOM,f,7.16,la charogne,carrion
embrasure,NOM,f,7.16,la embrasure,the embrasure
rieur,ADJ,,7.159999999999999,rieur,laughing
caniveau,NOM,m,7.159999999999999,le caniveau,the gutter
fébrile,ADJ,,7.159999999999999,fébrile,febrile
piéger,VER,,7.12,piéger,trap
retraité,NOM,m,7.11,le retraité,the retired
trimbaler,VER,,7.11,trimbaler,to carry around
embaumer,VER,,7.11,embaumer,embaumer
insouciant,ADJ,,7.1000000000000005,insouciant,carefree
indulgent,ADJ,,7.1000000000000005,indulgent,they indulge
disant,ADJ,,7.1000000000000005,disant,saying
utilité,NOM,f,7.1000000000000005,la utilité,the utility
déconcerter,VER,,7.1,déconcerter,disconcert
cargo,NOM,m,7.1,le cargo,I charge him
flatteur,ADJ,,7.1,flatteur,flattering
cachot,NOM,m,7.1,le cachot,the dungeon
litanie,NOM,f,7.1,la litanie,the litany
inachevé,ADJ,,7.1,inachevé,unfinished
lorgner,VER,,7.1,lorgner,to ogle
sultan,NOM,m,7.090000000000001,le sultan,the sultan
caissier,NOM,m,7.090000000000001,le caissier,the cashier
coïncider,VER,,7.09,coïncider,coincide
artère,NOM,f,7.09,la artère,the artery
dixième,NOM,m,7.09,le dixième,the tenth
suppliant,ADJ,,7.09,suppliant,supplicant
plombe,NOM,f,7.09,la plombe,the lead
bleuté,ADJ,,7.09,bleuté,blueish
flambeau,NOM,m,7.09,le flambeau,the torch
jonc,NOM,m,7.09,le jonc,the rush
chaume,NOM,m,7.09,le chaume,the thatch
brioche,NOM,f,7.09,la brioche,the brioche
harmonieux,ADJ,,7.09,harmonieux,harmonious
tome,NOM,m,7.09,le tome,the volume
f,NOM,m,7.09,le f,the f
pique,NOM,f,7.09,la pique,the pike
store,NOM,m,7.09,le store,the stores
écorcher,VER,,7.05,écorcher,to skin
faiblir,VER,,7.05,faiblir,weaken
pédaler,VER,,7.05,pédaler,pedal
inséparable,ADJ,,7.04,inséparable,inseparable
chérir,VER,,7.04,chérir,cherish
badaud,NOM,m,7.04,le badaud,the onlooker
abondant,ADJ,,7.04,abondant,abundant
labourer,VER,,7.04,labourer,labourer
lover,VER,,7.04,lover,lover
muer,VER,,7.04,muer,tomorrow
rôti,ADJ,,7.04,rôti,roast
faîte,NOM,m,7.03,le faîte,the peak
antiquaire,NOM,m,7.03,le antiquaire,the antique dealer
comptable,NOM,m,7.03,le comptable,the accountant
ouf,ONO,,7.03,ouf,phew
taillé,ADJ,,7.03,taillé,size
raideur,NOM,f,7.03,la raideur,stiffness
guidon,NOM,m,7.03,le guidon,the handlebar
fabrique,NOM,f,7.03,la fabrique,the factory
pervers,ADJ,,7.03,pervers,pervert
prévision,NOM,f,7.03,la prévision,the forecast
éclatement,NOM,m,7.03,le éclatement,the burst
audacieux,ADJ,,7.03,audacieux,bold
passionnant,ADJ,,7.03,passionnant,fascinating/enthralling
lièvre,NOM,m,7.03,le lièvre,the hare
merveilleusement,ADV,,7.03,merveilleusement,wonderfully
sceptique,ADJ,,7.03,sceptique,skeptical
jetée,NOM,f,7.03,la jetée,the pier
brebis,NOM,f,7.03,la brebis,The sheep
minutieux,ADJ,,7.029999999999999,minutieux,meticulous
coquetterie,NOM,f,7.029999999999999,la coquetterie,coquetry
morgue,NOM,f,7.029999999999999,la morgue,the morgue
déchirure,NOM,f,7.029999999999999,la déchirure,the tear
escorte,NOM,f,7.029999999999999,la escorte,the escort
butte,NOM,f,7.029999999999999,la butte,the hill
nourri,ADJ,,7.0200000000000005,nourri,fed
corniche,NOM,f,7.0200000000000005,la corniche,the cornice
écrasant,ADJ,,7.0200000000000005,écrasant,crushing
assembler,VER,,7.0200000000000005,assembler,assembler
ornement,NOM,m,7.02,le ornement,the ornament
musclé,ADJ,,7.02,musclé,muscle
horde,NOM,f,7.02,la horde,the horde
formalité,NOM,f,7.02,la formalité,the formality
gesticuler,VER,,6.98,gesticuler,gesticulate
murer,VER,,6.98,murer,bricklayer
avérer,VER,,6.98,avérer,prove
charmer,VER,,6.98,charmer,charmer
portugais,NOM,m,6.970000000000001,le portugais,Portuguese
ferrer,VER,,6.97,ferrer,ferrer
argentin,ADJ,,6.97,argentin,Argentine
décapiter,VER,,6.97,décapiter,decapitate
admiratif,ADJ,,6.97,admiratif,admiring
séjourner,VER,,6.97,séjourner,stay
spectre,NOM,m,6.960000000000001,le spectre,the spectrum
douillet,ADJ,,6.960000000000001,douillet,cozy
pesanteur,NOM,f,6.960000000000001,la pesanteur,gravity
mesquin,ADJ,,6.960000000000001,mesquin,petty
échantillon,NOM,m,6.960000000000001,le échantillon,the sample
bannière,NOM,f,6.96,la bannière,the banner
plénitude,NOM,f,6.96,la plénitude,fullness
bourbon,NOM,m,6.96,le bourbon,bourbon
débarras,NOM,m,6.96,le débarras,the storage room
fiançailles,NOM,f,6.96,la fiançailles,the engagement
coopération,NOM,f,6.96,la coopération,cooperation
soubresaut,NOM,m,6.96,le soubresaut,the jolt
avoine,NOM,f,6.96,la avoine,oats
hospice,NOM,m,6.96,le hospice,and hospice
ouvertement,ADV,,6.96,ouvertement,openly
repeindre,VER,,6.96,repeindre,repaint
altitude,NOM,f,6.96,la altitude,the altitude
envoi,NOM,m,6.96,le envoi,the sending
amirauté,NOM,f,6.96,la amirauté,the admiralty
matelot,NOM,m,6.96,le matelot,the sailor
régularité,NOM,f,6.96,la régularité,regularity
melon,NOM,m,6.96,le melon,the melon
réglementaire,ADJ,,6.96,réglementaire,regulatory
successeur,NOM,m,6.96,le successeur,the successor
obscurément,ADV,,6.96,obscurément,obscurely
esclavage,NOM,m,6.96,le esclavage,slavery
ballot,NOM,m,6.95,le ballot,the ballot
slogan,NOM,m,6.949999999999999,le slogan,the slogan
revendre,VER,,6.930000000000001,revendre,resell
entêter,VER,,6.930000000000001,entêter,to be stubborn
intégrer,VER,,6.92,intégrer,integrate
brouillon,NOM,m,6.91,le brouillon,the draft
larguer,VER,,6.91,larguer,drop
alléger,VER,,6.91,alléger,alleviate
donnée,NOM,f,6.9,la donnée,the data
cultivé,ADJ,,6.9,cultivé,cultivated
nef,NOM,f,6.9,la nef,the nave
patriote,NOM,m,6.9,le patriote,the patriot
motard,NOM,m,6.9,le motard,the biker
sonnant,ADJ,,6.9,sonnant,ringing
sommeiller,VER,,6.9,sommeiller,to sleep
layon,NOM,m,6.9,le layon,the path
amour-propre,NOM,m,6.9,le amour-propre,self-esteem
dansant,ADJ,,6.9,dansant,dancing
pinard,NOM,m,6.9,le pinard,the wine
auvent,NOM,m,6.890000000000001,le auvent,the awning
impénétrable,ADJ,,6.890000000000001,impénétrable,impenetrable
jupon,NOM,m,6.890000000000001,le jupon,the petticoat
brumeux,ADJ,,6.890000000000001,brumeux,foggy
vallon,NOM,m,6.890000000000001,le vallon,the valley
mutisme,NOM,m,6.890000000000001,le mutisme,muteness
poivre,NOM,m,6.890000000000001,le poivre,the pepper
orientation,NOM,f,6.890000000000001,la orientation,the orientation
pupitre,NOM,m,6.890000000000001,le pupitre,the lectern
nationalité,NOM,f,6.890000000000001,la nationalité,nationality
offrande,NOM,f,6.890000000000001,la offrande,the offering
soutane,NOM,f,6.890000000000001,la soutane,the cassock
frayeur,NOM,f,6.89,la frayeur,the fear
juvénile,ADJ,,6.89,juvénile,juvenile
asphalte,NOM,m,6.89,le asphalte,the asphalt
vécu,ADJ,,6.89,vécu,lived
dorénavant,ADV,,6.89,dorénavant,from now on
dérive,NOM,f,6.89,la dérive,the drift
violette,NOM,f,6.89,la violette,the violet
savoureux,ADJ,,6.89,savoureux,tasty
pourriture,NOM,f,6.89,la pourriture,rot
forcené,ADJ,,6.89,forcené,madman
épineux,NOM,m,6.89,le épineux,the thorny
gonze,NOM,m,6.89,le gonze,the guy
vibrant,ADJ,,6.89,vibrant,vibrant
pirate,NOM,m,6.89,le pirate,the pirate
pondre,VER,,6.85,pondre,lay
épingler,VER,,6.84,épingler,pin
résider,VER,,6.84,résider,reside
roupiller,VER,,6.84,roupiller,to snooze
embraser,VER,,6.84,embraser,to set ablaze
alterner,VER,,6.84,alterner,alternate
tango,NOM,m,6.83,le tango,the tango
immortel,ADJ,,6.83,immortel,immortal
désolation,NOM,f,6.83,la désolation,desolation
prédire,VER,,6.83,prédire,predict
acquitter,VER,,6.83,acquitter,acquit
gîte,NOM,m,6.83,le gîte,the cottage
ruisselant,ADJ,,6.83,ruisselant,dripping
sacoche,NOM,f,6.83,la sacoche,the bag
costard,NOM,m,6.83,le costard,the suit
renoncement,NOM,m,6.83,le renoncement,renunciation
rescapé,NOM,m,6.83,le rescapé,the survivor
réchaud,NOM,m,6.83,le réchaud,the stove
odorant,ADJ,,6.83,odorant,odorant
pellicule,NOM,f,6.83,la pellicule,the film
hébété,ADJ,,6.83,hébété,dazed
oppression,NOM,f,6.83,la oppression,the oppression
palpitant,ADJ,,6.83,palpitant,thrilling
découragement,NOM,m,6.82,le découragement,discouragement
meeting,NOM,m,6.82,le meeting,le meeting
troquet,NOM,m,6.82,le troquet,the bar
mystérieusement,ADV,,6.82,mystérieusement,mysteriously
jais,NOM,m,6.82,le jais,jet
commando,NOM,m,6.82,le commando,I command you
colosse,NOM,m,6.82,le colosse,the colossus
rayé,ADJ,,6.82,rayé,striped
impératif,NOM,m,6.82,le impératif,the imperative
alibi,NOM,m,6.82,le alibi,the alibi
ortie,NOM,f,6.82,la ortie,the nettle
man,NOM,m,6.82,le man,the man
effondrement,NOM,m,6.82,le effondrement,the collapse
respectable,ADJ,,6.82,respectable,respectable
trente-six,ADJ:num,,6.82,trente-six,thirty six
exploitation,NOM,f,6.82,la exploitation,the exploitation
parterre,NOM,m,6.82,le parterre,the flowerbed
détenu,NOM,m,6.82,le détenu,the prisoner
plaintif,ADJ,,6.82,plaintif,plaintiff
épatant,ADJ,,6.82,épatant,amazing
retrouvaille,NOM,f,6.819999999999999,la retrouvaille,the reunion
bouleversé,ADJ,,6.819999999999999,bouleversé,upset
rebrousser,VER,,6.78,rebrousser,turn back
rythmer,VER,,6.78,rythmer,rhythm
interposer,VER,,6.78,interposer,interpose
glapir,VER,,6.78,glapir,Glaze
ficeler,VER,,6.779999999999999,ficeler,to tie up
déporté,NOM,m,6.7700000000000005,le déporté,the deportee
observateur,NOM,m,6.7700000000000005,le observateur,the observer
producteur,NOM,m,6.77,le producteur,the producer
socialisme,NOM,m,6.760000000000001,le socialisme,socialism
parlant,ADJ,,6.760000000000001,parlant,speaking
sensualité,NOM,f,6.760000000000001,la sensualité,sensuality
doudou,NOM,f,6.76,la doudou,the comforter
bestiole,NOM,f,6.76,la bestiole,the beast
périlleux,ADJ,,6.76,périlleux,perilous
épice,NOM,f,6.76,la épice,the spice
millimètre,NOM,m,6.76,le millimètre,the millimeter
quarante-huit,ADJ:num,,6.76,quarante-huit,forty-eight
doyen,NOM,m,6.76,le doyen,the dean
lampadaire,NOM,m,6.76,le lampadaire,the street lamp
exaltant,ADJ,,6.76,exaltant,exhilarating
continuel,ADJ,,6.76,continuel,continuous
justification,NOM,f,6.76,la justification,the justification
illisible,ADJ,,6.76,illisible,illegible
atteint,ADJ,,6.76,atteint,reached
brésilien,ADJ,,6.76,brésilien,Brazilian
manifestement,ADV,,6.76,manifestement,obviously
surnaturel,ADJ,,6.76,surnaturel,supernatural
dégagé,ADJ,,6.76,dégagé,cleared
distinctement,ADV,,6.76,distinctement,distinctly
loufiat,NOM,m,6.76,le loufiat,le loufiat
pendu,NOM,m,6.76,le pendu,the hanged man
constellation,NOM,f,6.76,la constellation,la constellation
caravane,NOM,f,6.76,la caravane,the caravan
verbal,ADJ,,6.76,verbal,verbal
brouette,NOM,f,6.76,la brouette,the wheelbarrow
amante,NOM,f,6.76,la amante,the lover
interdiction,NOM,f,6.76,la interdiction,the ban
fascisme,NOM,m,6.76,le fascisme,fascism
cordial,ADJ,,6.76,cordial,cordial
après-demain,ADV,,6.76,après-demain,the day after tomorrow
famine,NOM,f,6.76,la famine,famine
stop,NOM,m,6.76,le stop,the stop
maçon,NOM,m,6.76,le maçon,the mason
enjambée,NOM,f,6.76,la enjambée,the stride
échauffer,VER,,6.76,échauffer,warm up
spasme,NOM,m,6.76,le spasme,the spasm
crotte,NOM,f,6.75,la crotte,the poop
fresque,NOM,f,6.75,la fresque,the fresco
ferré,ADJ,,6.75,ferré,ferré
oranger,NOM,m,6.75,le oranger,the orange tree
gage,NOM,m,6.75,le gage,the pledge
capricieux,ADJ,,6.75,capricieux,capricious
déballer,VER,,6.72,déballer,unpack
saccager,VER,,6.71,saccager,to ransack
pulvériser,VER,,6.71,pulvériser,spray
casquer,VER,,6.71,casquer,to pay
amarrer,VER,,6.7,amarrer,moor
désabusé,ADJ,,6.7,désabusé,disillusioned
dormeur,NOM,m,6.7,le dormeur,the sleeper
décroître,VER,,6.7,décroître,decrease
réfléchi,ADJ,,6.7,réfléchi,thoughtful
relève,NOM,f,6.69,la relève,the next generation
chérif,NOM,m,6.69,le chérif,the sheriff
parasol,NOM,m,6.69,le parasol,the parasol
débâcle,NOM,f,6.69,la débâcle,the debacle
braguette,NOM,f,6.69,la braguette,the fly
ambitieux,ADJ,,6.69,ambitieux,ambitious
heu,ONO,,6.69,heu,you have
projection,NOM,f,6.69,la projection,the projection
connivence,NOM,f,6.69,la connivence,the connivance
obscurcir,VER,,6.69,obscurcir,obscure
noël,NOM,m,6.69,le noël,Christmas
crevé,ADJ,,6.69,crevé,punctured
volute,NOM,f,6.69,la volute,the will
triangulaire,ADJ,,6.69,triangulaire,triangular
bronzé,ADJ,,6.69,bronzé,tan
psychologique,ADJ,,6.69,psychologique,psychological
rayonnement,NOM,m,6.69,le rayonnement,the radiation
inconscience,NOM,f,6.69,la inconscience,unconsciousness
velouté,ADJ,,6.69,velouté,velvety
cabaret,NOM,m,6.69,le cabaret,the cabaret
virilité,NOM,f,6.69,la virilité,virility
gel,NOM,m,6.69,le gel,the frost
achevé,ADJ,,6.69,achevé,completed
déménagement,NOM,m,6.69,le déménagement,the move
encolure,NOM,f,6.69,la encolure,the neckline
échéance,NOM,f,6.69,la échéance,the deadline
péripétie,NOM,f,6.69,la péripétie,the adventure
rubrique,NOM,f,6.69,la rubrique,the section
lanière,NOM,f,6.69,la lanière,the strap
caleçon,NOM,m,6.680000000000001,le caleçon,the underpants
coupant,ADJ,,6.68,coupant,cutting
restriction,NOM,f,6.68,la restriction,the restriction
cribler,VER,,6.67,cribler,cribler
économiser,VER,,6.66,économiser,save
déléguer,VER,,6.64,déléguer,delegate
communier,VER,,6.64,communier,to commune
labour,NOM,m,6.630000000000001,le labour,plowing
canette,NOM,f,6.630000000000001,la canette,the can
apaisant,ADJ,,6.63,apaisant,soothing
inertie,NOM,f,6.63,la inertie,to inertia
dédaigneux,ADJ,,6.63,dédaigneux,disdainful
activer,VER,,6.63,activer,enable
composé,ADJ,,6.63,composé,compound
profiler,VER,,6.63,profiler,profiler
involontaire,ADJ,,6.62,involontaire,involuntary
croisée,NOM,f,6.62,la croisée,the crossroads
serre,NOM,f,6.62,la serre,the greenhouse
aliment,NOM,m,6.62,le aliment,the food
fantassin,NOM,m,6.62,le fantassin,the infantryman
foudroyant,ADJ,,6.62,foudroyant,lightning fast
redressement,NOM,m,6.62,le redressement,the recovery
progression,NOM,f,6.62,la progression,the progression
cantique,NOM,m,6.62,le cantique,the song
verni,ADJ,,6.62,verni,to beat
ballant,ADJ,,6.62,ballant,dancing
noué,ADJ,,6.62,noué,tied
jardinet,NOM,m,6.62,le jardinet,the little garden
quasiment,ADV,,6.62,quasiment,almost
budget,NOM,m,6.62,le budget,the budget
as,NOM,m,6.62,le as,the ace
urine,NOM,f,6.62,la urine,in urine
tropical,ADJ,,6.62,tropical,tropical
dépouille,NOM,f,6.62,la dépouille,the remains
paroisse,NOM,f,6.62,la paroisse,the parish
mallette,NOM,f,6.62,la mallette,the briefcase
chut,ONO,,6.62,chut,pussy
mobilier,NOM,m,6.619999999999999,le mobilier,the furniture
galoche,NOM,f,6.619999999999999,la galoche,the gallows
parlementaire,ADJ,,6.61,parlementaire,parliamentary
affubler,VER,,6.59,affubler,to adorn
surnommer,VER,,6.58,surnommer,nickname
cabrer,VER,,6.58,cabrer,goatherd
fortifier,VER,,6.58,fortifier,strengthen
narguer,VER,,6.57,narguer,taunt
carrer,VER,,6.57,carrer,street
attester,VER,,6.57,attester,attest
agglutiner,VER,,6.57,agglutiner,agglutiner
barder,VER,,6.569999999999999,barder,barder
adhésion,NOM,f,6.5600000000000005,la adhésion,the membership
ravissement,NOM,m,6.5600000000000005,le ravissement,the rapture
hystérique,ADJ,,6.5600000000000005,hystérique,hysterical
croyance,NOM,f,6.5600000000000005,la croyance,belief
antiquité,NOM,f,6.5600000000000005,la antiquité,antiquity
khan,NOM,m,6.5600000000000005,le khan,and you
rhubarbe,NOM,f,6.5600000000000005,la rhubarbe,rhubarb
mimique,NOM,f,6.5600000000000005,la mimique,the mimic
carrosserie,NOM,f,6.5600000000000005,la carrosserie,the bodywork
taciturne,ADJ,,6.5600000000000005,taciturne,taciturn
plongée,NOM,f,6.56,la plongée,diving
jubilation,NOM,f,6.56,la jubilation,jubilation
impôt,NOM,m,6.56,le impôt,the tax
injurier,VER,,6.56,injurier,libel
coquet,ADJ,,6.56,coquet,flirtatious
moucher,VER,,6.550000000000001,moucher,mush
transmission,NOM,f,6.550000000000001,la transmission,transmission
surveillant,NOM,m,6.55,le surveillant,the supervisor
sourdement,ADV,,6.55,sourdement,dully
mlle,NOM,f,6.55,la mlle,the miss
moutarde,NOM,f,6.55,la moutarde,mustard
monté,ADJ,,6.55,monté,mounted
demi-douzaine,NOM,f,6.55,la demi-douzaine,half a dozen
essentiellement,ADV,,6.55,essentiellement,basically
optimisme,NOM,m,6.55,le optimisme,optimism
décombre,NOM,m,6.55,le décombre,the rubble
brindille,NOM,f,6.55,la brindille,the twig
bouille,NOM,f,6.55,la bouille,the face
mendier,VER,,6.52,mendier,beg
diluer,VER,,6.51,diluer,dilute
héberger,VER,,6.51,héberger,host
exalté,ADJ,,6.5,exalté,exalted
truand,NOM,m,6.5,le truand,the crook
objecter,VER,,6.5,objecter,object
bossu,ADJ,,6.5,bossu,hunchback
convive,NOM,m,6.49,le convive,the guest
tirailleur,NOM,m,6.49,le tirailleur,the rifleman
désastreux,ADJ,,6.49,désastreux,disastrous
bourre,NOM,f,6.49,la bourre,the stuffing
gourmandise,NOM,f,6.49,la gourmandise,gluttony
sourdine,NOM,f,6.49,la sourdine,the mute
trappe,NOM,f,6.49,la trappe,the trap
mexicain,NOM,m,6.49,le mexicain,the mexican
pion,NOM,m,6.49,le pion,the pawn
assourdissant,ADJ,,6.49,assourdissant,deafening
ski,NOM,m,6.49,le ski,le ski
originel,ADJ,,6.49,originel,original
caricature,NOM,f,6.49,la caricature,the caricature
volaille,NOM,f,6.49,la volaille,poultry
zoo,NOM,m,6.49,le zoo,the zoo
auditeur,NOM,m,6.49,le auditeur,the listener
complot,NOM,m,6.49,le complot,the plot
répété,ADJ,,6.49,répété,repeated
contrebas,ADV,,6.49,contrebas,below
prospectus,NOM,m,6.49,le prospectus,the prospectus
cynisme,NOM,m,6.49,le cynisme,cynicism
reformer,VER,,6.49,reformer,reformer
loyer,NOM,m,6.49,le loyer,the rent
kaki,ADJ,,6.49,kaki,foot
héler,VER,,6.49,héler,hail
angoissé,ADJ,,6.49,angoissé,anguish
bandeau,NOM,m,6.49,le bandeau,the headband
effluve,NOM,m,6.49,le effluve,the scent
encadrement,NOM,m,6.49,le encadrement,the framing
faune,NOM,f,6.49,la faune,wildlife
surnom,NOM,m,6.49,le surnom,the nickname
vitalité,NOM,f,6.49,la vitalité,vitality
golfe,NOM,m,6.49,le golfe,the gulf
condé,NOM,m,6.49,le condé,the captain
insigne,ADJ,,6.49,insigne,distinguished
rondeur,NOM,f,6.49,la rondeur,roundness
légal,ADJ,,6.49,légal,legal
sangler,VER,,6.49,sangler,bangles
campement,NOM,m,6.49,le campement,the camp
retroussé,ADJ,,6.49,retroussé,rolled up
criard,ADJ,,6.49,criard,screaming
bé,ADJ,,6.489999999999999,bé,little
prune,NOM,f,6.48,la prune,the plum
enfourcher,VER,,6.48,enfourcher,to ride
gaulliste,NOM,m,6.48,le gaulliste,the Gaullist
prolongé,ADJ,,6.48,prolongé,prolonged
rusé,ADJ,,6.48,rusé,cunning
révérence,NOM,f,6.48,la révérence,the reverence
instituer,VER,,6.45,instituer,to establish
blâmer,VER,,6.45,blâmer,blame
omettre,VER,,6.430000000000001,omettre,omit
ramer,VER,,6.430000000000001,ramer,row
démerder,VER,,6.430000000000001,démerder,to kill
minet,NOM,m,6.43,le minet,the pussycat
canadienne,NOM,f,6.43,la canadienne,the canadian
sermon,NOM,m,6.42,le sermon,the sermon
imperturbable,ADJ,,6.42,imperturbable,imperturbable
à l'instar,PRE,,6.42,à l'instar,like
déchet,NOM,m,6.42,le déchet,the waste
hirondelle,NOM,f,6.42,la hirondelle,the swallow
effusion,NOM,f,6.42,la effusion,the effusion
encouragement,NOM,m,6.42,le encouragement,the encouragement
mollesse,NOM,f,6.42,la mollesse,softness
pioche,NOM,f,6.42,la pioche,the pickaxe
attrister,VER,,6.42,attrister,to sadden
coffret,NOM,m,6.42,le coffret,the box
brasier,NOM,m,6.42,le brasier,the fire
ébloui,ADJ,,6.42,ébloui,dazzled
déclin,NOM,m,6.42,le déclin,the decline
capuchon,NOM,m,6.42,le capuchon,the hood
trajectoire,NOM,f,6.42,la trajectoire,the trajectory
méchamment,ADV,,6.42,méchamment,wickedly
oasis,NOM,f,6.42,la oasis,the oasis
omelette,NOM,f,6.42,la omelette,the omelette
guêpe,NOM,f,6.42,la guêpe,the wasp
meublé,ADJ,,6.42,meublé,furniture
éveil,NOM,m,6.42,le éveil,the awakening
émail,NOM,m,6.42,le émail,the enamel
citadelle,NOM,f,6.42,la citadelle,the citadel
janissaire,NOM,m,6.42,le janissaire,the janissary
follement,ADV,,6.42,follement,madly
haineux,ADJ,,6.42,haineux,hateful
flux,NOM,m,6.42,le flux,the flow
honnêteté,NOM,f,6.42,la honnêteté,honesty
patio,NOM,m,6.42,le patio,the patio
sanctuaire,NOM,m,6.42,le sanctuaire,the sanctuary
ornière,NOM,f,6.42,la ornière,the rut
pope,NOM,m,6.42,le pope,the pope
iris,NOM,m,6.42,le iris,the iris
affirmation,NOM,f,6.42,la affirmation,the affirmation
panthéon,NOM,m,6.42,le panthéon,the pantheon
virus,NOM,m,6.42,le virus,the virus
boiteux,ADJ,,6.42,boiteux,lame
chargement,NOM,m,6.42,le chargement,loading
fanatique,NOM,m,6.42,le fanatique,the fanatic
galette,NOM,f,6.42,la galette,the pancake
parenté,NOM,f,6.42,la parenté,kinship
déchéance,NOM,f,6.42,la déchéance,the decline
réaliste,ADJ,,6.42,réaliste,realistic
échafaudage,NOM,m,6.42,le échafaudage,the scaffolding
réconfort,NOM,m,6.42,le réconfort,comfort
nylon,NOM,m,6.42,le nylon,nylon
regrouper,VER,,6.42,regrouper,regroup
maïs,NOM,m,6.42,le maïs,corn
mentalement,ADV,,6.42,mentalement,mentally
support,NOM,m,6.42,le support,the support
cassette,NOM,f,6.41,la cassette,the cassette
loucher,VER,,6.39,loucher,squint
tamponner,VER,,6.38,tamponner,stamp
voguer,VER,,6.38,voguer,sail
offenser,VER,,6.38,offenser,offend
démentir,VER,,6.37,démentir,to deny
saler,VER,,6.37,saler,salt
requérir,VER,,6.37,requérir,require
combiner,VER,,6.36,combiner,combiner
précaire,ADJ,,6.36,précaire,precarious
plantation,NOM,f,6.36,la plantation,the plantation
prestigieux,ADJ,,6.36,prestigieux,prestigious
moquerie,NOM,f,6.36,la moquerie,mockery
effilocher,VER,,6.36,effilocher,fray
arrière-boutique,NOM,f,6.36,la arrière-boutique,the back room
hasarder,VER,,6.36,hasarder,to risk
indicible,ADJ,,6.36,indicible,unspeakable
infiltrer,VER,,6.36,infiltrer,infiltrate
meurtrir,VER,,6.36,meurtrir,to bruise
hectare,NOM,m,6.359999999999999,le hectare,hectares
conjurer,VER,,6.359999999999999,conjurer,conjurer
prussien,NOM,m,6.359999999999999,le prussien,the prussian
coutumier,ADJ,,6.359999999999999,coutumier,customary
cinoche,NOM,m,6.359999999999999,le cinoche,the cinema
indigné,ADJ,,6.359999999999999,indigné,unworthy
gaîté,NOM,f,6.3500000000000005,la gaîté,cheerfulness
narquois,ADJ,,6.3500000000000005,narquois,mocking
hygiène,NOM,f,6.3500000000000005,la hygiène,hygiene
précipitation,NOM,f,6.3500000000000005,la précipitation,the rush
fantasme,NOM,m,6.3500000000000005,le fantasme,the fantasy
louange,NOM,f,6.3500000000000005,la louange,praise
toison,NOM,f,6.3500000000000005,la toison,the fleece
petite-fille,NOM,f,6.3500000000000005,la petite-fille,the granddaughter
scotch,NOM,m,6.3500000000000005,le scotch,scotch
limace,NOM,f,6.35,la limace,the slug
lierre,NOM,m,6.35,le lierre,ivy
défenseur,NOM,m,6.35,le défenseur,the defender
apocalypse,NOM,f,6.35,la apocalypse,la apocalypse
gangster,NOM,m,6.35,le gangster,the gangster
bestiau,NOM,m,6.35,le bestiau,the beasts
par-derrière,PRE,,6.35,par-derrière,from behind
contentement,NOM,m,6.35,le contentement,contentment
auréole,NOM,f,6.35,la auréole,the halo
rictus,NOM,m,6.35,le rictus,the grin
esplanade,NOM,f,6.35,la esplanade,the esplanade
limité,ADJ,,6.35,limité,limit
impératrice,NOM,f,6.35,la impératrice,the empress
nettoyage,NOM,m,6.35,le nettoyage,cleaning
débit,NOM,m,6.35,le débit,the flow rate
caméra,NOM,f,6.35,la caméra,the camera
martyre,NOM,m,6.35,le martyre,martyrdom
acacia,NOM,m,6.35,le acacia,the acacia
pull-over,NOM,m,6.35,le pull-over,le pull-over
mi-chemin,NOM,m,6.35,le mi-chemin,halfway
nichon,NOM,m,6.35,le nichon,the breast
ternir,VER,,6.3100000000000005,ternir,tarnish
alarmer,VER,,6.3,alarmer,alarms
gourer,VER,,6.3,gourer,gour
nage,NOM,f,6.29,la nage,the swimming
décolleté,NOM,m,6.29,le décolleté,the neckline
titi,NOM,m,6.29,le titi,the tick
vicomte,NOM,m,6.29,le vicomte,the viscount
monologue,NOM,m,6.29,le monologue,the monologue
historien,NOM,m,6.29,le historien,the historian
consultatif,ADJ,,6.29,consultatif,advisory
infect,ADJ,,6.29,infect,infect
bousculade,NOM,f,6.29,la bousculade,the stampede
apôtre,NOM,m,6.289999999999999,le apôtre,the apostle
andouille,NOM,f,6.28,la andouille,the andouille
feuilleton,NOM,m,6.28,le feuilleton,the soap opera
parvis,NOM,m,6.28,le parvis,the forecourt
purée,NOM,f,6.28,la purée,the puree
sauvagement,ADV,,6.28,sauvagement,savagely
obsédant,ADJ,,6.28,obsédant,obsessive
football,NOM,m,6.28,le football,the football
vexé,ADJ,,6.28,vexé,vexed
variation,NOM,f,6.28,la variation,the variation
hongrois,ADJ,,6.28,hongrois,Hungarian
relâche,NOM,f,6.28,la relâche,the release
méticuleux,ADJ,,6.28,méticuleux,meticulous
inconsciemment,ADV,,6.28,inconsciemment,unconsciously
couchette,NOM,f,6.28,la couchette,the bunk
immonde,ADJ,,6.28,immonde,filthy
saumon,NOM,m,6.28,le saumon,salmon
frénétique,ADJ,,6.28,frénétique,frantic
absurdité,NOM,f,6.28,la absurdité,the absurdity
enfilade,NOM,f,6.28,la enfilade,the enfilade
messager,NOM,m,6.279999999999999,le messager,the messenger
balade,NOM,f,6.279999999999999,la balade,the walk
infaillible,ADJ,,6.279999999999999,infaillible,infallible
archevêque,NOM,m,6.279999999999999,le archevêque,the archbishop
boutonner,VER,,6.24,boutonner,button
apitoyer,VER,,6.24,apitoyer,to pity
simuler,VER,,6.24,simuler,simulate
débouler,VER,,6.24,débouler,to tumble
survoler,VER,,6.24,survoler,fly over
draguer,VER,,6.23,draguer,to dredge
inspiré,ADJ,,6.23,inspiré,inspired
jovial,ADJ,,6.23,jovial,jovial
déchaîné,ADJ,,6.23,déchaîné,unleashed
groupement,NOM,m,6.220000000000001,le groupement,the grouping
bourrelet,NOM,m,6.220000000000001,le bourrelet,the bead
maritime,ADJ,,6.220000000000001,maritime,maritime
myope,ADJ,,6.220000000000001,myope,myopic
remerciement,NOM,m,6.220000000000001,le remerciement,the thanks
moelleux,ADJ,,6.220000000000001,moelleux,soft
rameau,NOM,m,6.22,le rameau,the branch
poignant,ADJ,,6.22,poignant,poignant
crin,NOM,m,6.22,le crin,the horsehair
édredon,NOM,m,6.22,le édredon,the quilt
culpabilité,NOM,f,6.22,la culpabilité,guilt
grue,NOM,f,6.22,la grue,the crane
convenablement,ADV,,6.22,convenablement,properly
brièvement,ADV,,6.22,brièvement,briefly
manchette,NOM,f,6.22,la manchette,the cuff
pardi,ONO,,6.22,pardi,duck
soufflet,NOM,m,6.22,le soufflet,the bellows
désemparé,ADJ,,6.22,désemparé,helpless
consommateur,NOM,m,6.22,le consommateur,the consumer
abreuver,VER,,6.22,abreuver,to water
menacé,ADJ,,6.22,menacé,threat
rustique,ADJ,,6.22,rustique,rustic
supportable,ADJ,,6.22,supportable,supportable
certaine,ADJ:ind,,6.210000000000001,certaine,certain
aspiration,NOM,f,6.210000000000001,la aspiration,the aspiration
méconnaissable,ADJ,,6.210000000000001,méconnaissable,unrecognizable
traite,NOM,f,6.21,la traite,trafficking
diversion,NOM,f,6.21,la diversion,the diversion
croisement,NOM,m,6.21,le croisement,the crossing
potage,NOM,m,6.21,le potage,the soup
spectaculaire,ADJ,,6.21,spectaculaire,spectacular
broderie,NOM,f,6.21,la broderie,embroidery
chevalet,NOM,m,6.21,le chevalet,the easel
simulacre,NOM,m,6.21,le simulacre,the simulacrum
tortue,NOM,f,6.21,la tortue,the tortoise
transformation,NOM,f,6.21,la transformation,the transformation
basque,ADJ,,6.21,basque,basque
soupçonneux,ADJ,,6.21,soupçonneux,suspicious
acheminer,VER,,6.18,acheminer,to route
télégraphier,VER,,6.17,télégraphier,telegraph
déshonorer,VER,,6.17,déshonorer,dishonor
méprendre,VER,,6.17,méprendre,to misunderstand
piler,VER,,6.16,piler,arrows
rigolo,ADJ,,6.16,rigolo,comical
recruter,VER,,6.16,recruter,recruit
cuisiner,VER,,6.16,cuisiner,cook
procureur,NOM,m,6.16,le procureur,the prosecutor
paniquer,VER,,6.16,paniquer,panic
bricoler,VER,,6.16,bricoler,tinker
verrière,NOM,f,6.16,la verrière,the glass roof
diabolique,ADJ,,6.16,diabolique,diabolical
songeur,ADJ,,6.16,songeur,pensive
rancoeur,NOM,f,6.15,la rancoeur,resentment
agression,NOM,f,6.15,la agression,the aggression
éventualité,NOM,f,6.15,la éventualité,the eventuality
solennellement,ADV,,6.15,solennellement,solemnly
goguenard,ADJ,,6.15,goguenard,mocking
grossièreté,NOM,f,6.15,la grossièreté,rudeness
bourguignon,ADJ,,6.15,bourguignon,burgundy
cocotte,NOM,f,6.15,la cocotte,the casserole
réclame,NOM,f,6.15,la réclame,the advert [old word]
calibre,NOM,m,6.15,le calibre,the caliber
moelle,NOM,f,6.15,la moelle,the marrow
miauler,VER,,6.15,miauler,meow
sacrilège,NOM,m,6.15,le sacrilège,the sacrilege
aveuglant,ADJ,,6.15,aveuglant,blinding
croisade,NOM,f,6.15,la croisade,the crusade
cale,NOM,f,6.15,la cale,on the way
blockhaus,NOM,m,6.15,le blockhaus,le blockhaus
vis,NOM,f,6.15,la vis,the screw
béquille,NOM,f,6.15,la béquille,the crutch
heurt,NOM,m,6.15,le heurt,the clash
marécage,NOM,m,6.15,le marécage,the swamp
sonorité,NOM,f,6.15,la sonorité,the sound
imprudence,NOM,f,6.15,la imprudence,the imprudence
guignol,NOM,m,6.15,le guignol,the puppet
charnu,ADJ,,6.15,charnu,charnu
regardant,ADJ,,6.15,regardant,looking
insaisissable,ADJ,,6.15,insaisissable,elusive
envoyé,NOM,m,6.15,le envoyé,the sent
tienne,PRO:pos,,6.15,tienne,yours
saccade,NOM,f,6.15,la saccade,the jerk
raciste,ADJ,,6.15,raciste,racist
empressement,NOM,m,6.15,le empressement,the haste
contenance,NOM,f,6.15,la contenance,the capacity
litière,NOM,f,6.15,la litière,the litter
aride,ADJ,,6.15,aride,arid
primaire,ADJ,,6.15,primaire,primary
limonade,NOM,f,6.15,la limonade,lemonade
raffiné,ADJ,,6.140000000000001,raffiné,refined
étendu,ADJ,,6.14,étendu,extended
bambou,NOM,m,6.14,le bambou,bamboo
dégonfler,VER,,6.12,dégonfler,deflate
bouillonner,VER,,6.11,bouillonner,to bubble
ceinturer,VER,,6.11,ceinturer,belt
gaspiller,VER,,6.1000000000000005,gaspiller,to waste
nouveau-né,NOM,m,6.1,le nouveau-né,the newborn
flétrir,VER,,6.1,flétrir,wither
emboîter,VER,,6.1,emboîter,nest
hareng,NOM,m,6.09,le hareng,the herring
frileux,ADJ,,6.09,frileux,chilly
pécheur,NOM,m,6.09,le pécheur,the sinner
échelon,NOM,m,6.09,le échelon,the echelon
pensant,ADJ,,6.09,pensant,thinking
flipper,VER,,6.09,flipper,flipper
agenda,NOM,m,6.09,le agenda,the agendas
maton,NOM,m,6.09,le maton,the warden
rajuster,VER,,6.09,rajuster,rough
spirale,NOM,f,6.09,la spirale,to spirals
réconfortant,ADJ,,6.09,réconfortant,comforting
pleurnicher,VER,,6.09,pleurnicher,whine
tapage,NOM,m,6.08,le tapage,the noise
superflu,ADJ,,6.08,superflu,superfluous
emballage,NOM,m,6.08,le emballage,the packaging
sciure,NOM,f,6.08,la sciure,the sawdust
dévoué,ADJ,,6.08,dévoué,devoted
sévèrement,ADV,,6.08,sévèrement,severely
cheminement,NOM,m,6.08,le cheminement,the path
principalement,ADV,,6.08,principalement,mostly
escadre,NOM,f,6.08,la escadre,the squadron
comparable,ADJ,,6.08,comparable,comparable
chauffage,NOM,m,6.08,le chauffage,heating
correction,NOM,f,6.08,la correction,the correction
rougeâtre,ADJ,,6.08,rougeâtre,reddish
survie,NOM,f,6.08,la survie,survival
câble,NOM,m,6.08,le câble,the cable
noirâtre,ADJ,,6.08,noirâtre,blackish
lin,NOM,m,6.08,le lin,flax
rectiligne,ADJ,,6.08,rectiligne,straight
juré,NOM,m,6.08,le juré,the juror
courbé,ADJ,,6.08,courbé,curve
celles-là,PRO:dem,,6.08,celles-là,those ones
squaw,NOM,f,6.08,la squaw,no squaw
anse,NOM,f,6.08,la anse,the cove
amoncellement,NOM,m,6.08,le amoncellement,the heap
bite,NOM,f,6.08,la bite,the dick
oeillet,NOM,m,6.08,le oeillet,the carnation
partagé,ADJ,,6.08,partagé,sharing
voilé,ADJ,,6.08,voilé,veil
avidement,ADV,,6.08,avidement,eagerly
unanime,ADJ,,6.08,unanime,unanimous
pradelle,NOM,f,6.08,la pradelle,the pradelle
encombrant,ADJ,,6.07,encombrant,bulky
déduire,VER,,6.06,déduire,deduce
absenter,VER,,6.05,absenter,to be absent
propager,VER,,6.04,propager,propagate
manipuler,VER,,6.04,manipuler,manipulate
abrutir,VER,,6.03,abrutir,to stupefy
téter,VER,,6.03,téter,suckle
brouter,VER,,6.0200000000000005,brouter,graze
phonographe,NOM,m,6.0200000000000005,le phonographe,the phonograph
aga,NOM,m,6.0200000000000005,le aga,the trend
scintillant,ADJ,,6.0200000000000005,scintillant,sparkling
désordonné,ADJ,,6.0200000000000005,désordonné,messy
tirage,NOM,m,6.0200000000000005,le tirage,the draw
affleurer,VER,,6.0200000000000005,affleurer,to flush
penchant,NOM,m,6.0200000000000005,le penchant,the inclination
magistrat,NOM,m,6.02,le magistrat,the magistrate
pie,NOM,f,6.02,la pie,the foot
rêvasser,VER,,6.02,rêvasser,daydream
mêlé,ADJ,,6.02,mêlé,mixed
persuadé,ADJ,,6.02,persuadé,convinced
ondulation,NOM,f,6.02,la ondulation,the ripple
sommer,VER,,6.02,sommer,summer
crampe,NOM,f,6.02,la crampe,for cramps
machinal,ADJ,,6.02,machinal,machinal
hacher,VER,,6.02,hacher,hacher
bitume,NOM,m,6.02,le bitume,bitumen
sous-entendu,NOM,m,6.02,le sous-entendu,the implication
centrale,NOM,f,6.010000000000001,la centrale,the power plant
pelote,NOM,f,6.010000000000001,la pelote,the ball
grammaire,NOM,f,6.01,la grammaire,grammar
bruyère,NOM,f,6.01,la bruyère,the heather
articulation,NOM,f,6.01,la articulation,the articulation
contre-jour,NOM,m,6.01,le contre-jour,backlight
tympan,NOM,m,6.01,le tympan,the eardrum
champêtre,ADJ,,6.01,champêtre,rural
frôlement,NOM,m,6.01,le frôlement,the brushing
fonctionnement,NOM,m,6.01,le fonctionnement,the operation
mirette,NOM,f,6.01,la mirette,the eye
salement,ADV,,6.01,salement,dirty
porte-monnaie,NOM,m,6.01,le porte-monnaie,the purse
indéfinissable,ADJ,,6.01,indéfinissable,indefinable
fourbu,ADJ,,6.01,fourbu,exhausted
migraine,NOM,f,6.01,la migraine,migraine
tif,NOM,m,6.01,le tif,the tif
naïvement,ADV,,6.01,naïvement,naively
mention,NOM,f,6.01,la mention,the mention
crac,NOM,m,6.01,le crac,the crack
attribut,NOM,m,6.01,le attribut,the attribute
pelage,NOM,m,6.01,le pelage,the coat
intérieurement,ADV,,6.01,intérieurement,internally
concentré,ADJ,,6.01,concentré,concentrate
enclos,NOM,m,6.01,le enclos,the enclosure
bourrasque,NOM,f,6.01,la bourrasque,the squall
appliqué,ADJ,,6.0,appliqué,applied
embaucher,VER,,5.98,embaucher,to hire
éprendre,VER,,5.97,éprendre,to fall in love
espacer,VER,,5.97,espacer,space
écosser,VER,,5.960000000000001,écosser,shell
assortir,VER,,5.96,assortir,match
exilé,NOM,m,5.96,le exilé,the exile
miteux,ADJ,,5.96,miteux,shabby
emporté,ADJ,,5.96,emporté,carried away
affliger,VER,,5.96,affliger,to afflict
incomber,VER,,5.96,incomber,to be incumbent
ténu,ADJ,,5.95,ténu,tenuous
trousseau,NOM,m,5.95,le trousseau,the keychain
divinité,NOM,f,5.95,la divinité,the divinity
raccourcir,VER,,5.95,raccourcir,shorten
héroïsme,NOM,m,5.95,le héroïsme,heroism
borgne,ADJ,,5.95,borgne,one-eyed
déroute,NOM,f,5.95,la déroute,the rout
chausson,NOM,m,5.95,le chausson,the slipper
orthodoxe,ADJ,,5.95,orthodoxe,orthodox
tête-à-tête,NOM,m,5.95,le tête-à-tête,the one-on-one
bascule,NOM,f,5.95,la bascule,the seesaw
déroulement,NOM,m,5.95,le déroulement,the course of events
compteur,NOM,m,5.95,le compteur,the counter
baroque,ADJ,,5.95,baroque,baroque
pénitence,NOM,f,5.95,la pénitence,penance
présidence,NOM,f,5.95,la présidence,the presidency
propulser,VER,,5.95,propulser,propel
superstition,NOM,f,5.95,la superstition,superstition
dévêtir,VER,,5.95,dévêtir,undress
huissier,NOM,m,5.95,le huissier,the bailiff
relique,NOM,f,5.95,la relique,the relic
durable,ADJ,,5.95,durable,durable
pliant,ADJ,,5.95,pliant,pliant
marionnette,NOM,f,5.95,la marionnette,the puppet
partition,NOM,f,5.95,la partition,the score
suinter,VER,,5.95,suinter,suinter
vioque,NOM,f,5.95,la vioque,he saw her
raviser,VER,,5.95,raviser,to change
mentalité,NOM,f,5.949999999999999,la mentalité,the mentality
demi-siècle,NOM,m,5.949999999999999,le demi-siècle,the half century
éblouissement,NOM,m,5.949999999999999,le éblouissement,the dazzle
morsure,NOM,f,5.949999999999999,la morsure,the bite
consentement,NOM,m,5.949999999999999,le consentement,consent
record,NOM,m,5.949999999999999,le record,the record
plumard,NOM,m,5.949999999999999,le plumard,the bed
enragé,ADJ,,5.94,enragé,enraged
fusion,NOM,f,5.94,la fusion,the fusion
tumultueux,ADJ,,5.94,tumultueux,tumultuous
sape,NOM,f,5.94,la sape,to dig
ogre,NOM,m,5.94,le ogre,the ogre
placide,ADJ,,5.94,placide,placid
greffe,NOM,f,5.94,la greffe,the graft
aboiement,NOM,m,5.94,le aboiement,the barking
duel,NOM,m,5.94,le duel,the duel
réservoir,NOM,m,5.94,le réservoir,the tank
arrière-pensée,NOM,f,5.94,la arrière-pensée,the ulterior motive
païen,ADJ,,5.93,païen,pagan
tracasser,VER,,5.91,tracasser,bother
angoisser,VER,,5.9,angoisser,to worry
gaffer,VER,,5.890000000000001,gaffer,gaffer
parasite,NOM,m,5.89,le parasite,the parasite
entrebâiller,VER,,5.89,entrebâiller,entrebâiller
ambulant,ADJ,,5.89,ambulant,outpatient
bobine,NOM,f,5.880000000000001,la bobine,to the coils
infirmité,NOM,f,5.880000000000001,la infirmité,the infirmity
âtre,NOM,m,5.880000000000001,le âtre,the hearth
pantin,NOM,m,5.880000000000001,le pantin,the puppet
véritablement,ADV,,5.88,véritablement,truly
gouttelette,NOM,f,5.88,la gouttelette,the droplet
translucide,ADJ,,5.88,translucide,translucent
banquet,NOM,m,5.88,le banquet,the banquet
domination,NOM,f,5.88,la domination,domination
carillon,NOM,m,5.88,le carillon,the chime
templier,NOM,m,5.88,le templier,the templar
garde-à-vous,NOM,m,5.88,le garde-à-vous,stand to attention
cafetière,NOM,f,5.88,la cafetière,the coffee maker
alternativement,ADV,,5.88,alternativement,alternately
escabeau,NOM,m,5.88,le escabeau,the stepladder
véhément,ADJ,,5.88,véhément,vehement
dangereusement,ADV,,5.88,dangereusement,dangerously
orthographe,NOM,f,5.88,la orthographe,the spelling
serpenter,VER,,5.88,serpenter,serpents
aux aguets,ADV,,5.88,aux aguets,on the lookout
aquarium,NOM,m,5.88,le aquarium,le aquarium
horloger,NOM,m,5.88,le horloger,the watchmaker
traînant,ADJ,,5.88,traînant,dragging
soumis,ADJ,,5.88,soumis,submitted
enliser,VER,,5.88,enliser,get stuck
finement,ADV,,5.88,finement,finely
écrevisse,NOM,f,5.88,la écrevisse,the crayfish
dédale,NOM,m,5.88,le dédale,the maze
compromis,NOM,m,5.88,le compromis,the compromise
libanais,ADJ,,5.88,libanais,Lebanese
diffus,ADJ,,5.87,diffus,diffuse
violacé,ADJ,,5.87,violacé,purplish
tourbillonner,VER,,5.87,tourbillonner,swirl
terreux,ADJ,,5.87,terreux,earthy
assemblage,NOM,m,5.87,le assemblage,the assembly
fripé,ADJ,,5.87,fripé,fripé
gain,NOM,m,5.87,le gain,the gain
relayer,VER,,5.8500000000000005,relayer,relay
incendier,VER,,5.83,incendier,set fire to
inédit,ADJ,,5.83,inédit,unpublished
prélever,VER,,5.83,prélever,to collect
cocu,ADJ,,5.82,cocu,child
entrechoquer,VER,,5.82,entrechoquer,entrechoquer
hosto,NOM,m,5.82,le hosto,the hosts
assiéger,VER,,5.82,assiéger,besiege
champenois,NOM,m,5.82,le champenois,the champagne
acclamer,VER,,5.82,acclamer,cheer
rehausser,VER,,5.82,rehausser,rehausser
comprimé,NOM,m,5.82,le comprimé,the tablet
aligné,ADJ,,5.82,aligné,aligned
dure,NOM,f,5.82,la dure,the hard one
maquisard,NOM,m,5.82,le maquisard,the maquisard
bosquet,NOM,m,5.82,le bosquet,the grove
carnaval,NOM,m,5.819999999999999,le carnaval,the carnival
épuisant,ADJ,,5.819999999999999,épuisant,exhausting
capturer,VER,,5.8100000000000005,capturer,capture
épi,NOM,m,5.8100000000000005,le épi,the ear
calot,NOM,m,5.8100000000000005,le calot,the cap
casse,NOM,f,5.8100000000000005,la casse,the breakage
signé,ADJ,,5.8100000000000005,signé,sign
trouée,NOM,f,5.8100000000000005,la trouée,the gap
ancre,NOM,f,5.8100000000000005,la ancre,the anchor
émeute,NOM,f,5.8100000000000005,la émeute,the riot
croisière,NOM,f,5.8100000000000005,la croisière,the cruise
pastille,NOM,f,5.8100000000000005,la pastille,the lozenge
terre-plein,NOM,m,5.8100000000000005,le terre-plein,the central reservation
dévouer,VER,,5.8100000000000005,dévouer,devote
quille,NOM,f,5.8100000000000005,la quille,the keel
sénéchal,NOM,m,5.8100000000000005,le sénéchal,the seneschal
aubaine,NOM,f,5.81,la aubaine,the windfall
notoire,ADJ,,5.81,notoire,notorious
chaudron,NOM,m,5.81,le chaudron,the cauldron
frivole,ADJ,,5.81,frivole,frivolous
éventuellement,ADV,,5.81,éventuellement,possibly
nymphe,NOM,f,5.81,la nymphe,the nymph
simultanément,ADV,,5.81,simultanément,simultaneously
illusoire,ADJ,,5.81,illusoire,illusory
aucunement,ADV,,5.81,aucunement,not at all
gourde,NOM,f,5.81,la gourde,la gourde
cycle,NOM,m,5.81,le cycle,the cycle
contrainte,NOM,f,5.81,la contrainte,the constraint
noisette,NOM,f,5.81,la noisette,the hazelnut
compensation,NOM,f,5.81,la compensation,compensation
adonner,VER,,5.7700000000000005,adonner,to indulge
bomber,VER,,5.7700000000000005,bomber,bomber
hitlérien,ADJ,,5.760000000000001,hitlérien,hitlerian
déchiqueter,VER,,5.76,déchiqueter,shred
beugler,VER,,5.76,beugler,beugler
étourdi,ADJ,,5.76,étourdi,dizzy
citadin,NOM,m,5.76,le citadin,the city dweller
bronzer,VER,,5.75,bronzer,bronzer
universitaire,ADJ,,5.75,universitaire,university
feutré,ADJ,,5.75,feutré,felt
imprudent,ADJ,,5.75,imprudent,imprudent
mie,NOM,f,5.75,la mie,to you
bignole,NOM,f,5.75,la bignole,the cream puff
dispositif,NOM,m,5.75,le dispositif,the device
rêne,NOM,f,5.75,la rêne,the rein
inéluctable,ADJ,,5.75,inéluctable,inevitable
rappliquer,VER,,5.75,rappliquer,to apply
délivrance,NOM,f,5.75,la délivrance,deliverance
daim,NOM,m,5.75,le daim,the piece
entêtement,NOM,m,5.75,le entêtement,stubbornness
perçant,ADJ,,5.75,perçant,piercing
paperasse,NOM,f,5.75,la paperasse,the paperwork
bougonner,VER,,5.75,bougonner,grumble
siroter,VER,,5.75,siroter,sip
concéder,VER,,5.75,concéder,grant
indiscrétion,NOM,f,5.75,la indiscrétion,the indiscretion
dictateur,NOM,m,5.75,le dictateur,the dictator
furie,NOM,f,5.74,la furie,in anger
entracte,NOM,m,5.74,le entracte,the intermission
chaire,NOM,f,5.74,la chaire,the chair
fréquentation,NOM,f,5.74,la fréquentation,attendance
démocratique,ADJ,,5.74,démocratique,democratic
parage,NOM,m,5.74,le parage,the trimming
accessible,ADJ,,5.74,accessible,accessible
humus,NOM,m,5.74,le humus,the humus
arbitraire,ADJ,,5.74,arbitraire,arbitrary
statut,NOM,m,5.74,le statut,the status
conjuguer,VER,,5.74,conjuguer,conjugate
klaxon,NOM,m,5.74,le klaxon,the horn
vraisemblable,ADJ,,5.74,vraisemblable,likely
broche,NOM,f,5.74,la broche,the brooch
miroiter,VER,,5.74,miroiter,mirror
hormis,PRE,,5.74,hormis,except
dément,ADJ,,5.74,dément,insane
arsenal,NOM,m,5.74,le arsenal,the arsenal
densité,NOM,f,5.74,la densité,density
omoplate,NOM,f,5.74,la omoplate,the shoulder blade
canaille,ADJ,,5.74,canaille,scoundrel
taquiner,VER,,5.74,taquiner,tease
clochette,NOM,f,5.74,la clochette,the bell
varié,ADJ,,5.74,varié,varied
otage,NOM,m,5.74,le otage,the hostage
béatitude,NOM,f,5.74,la béatitude,bliss
extrait,NOM,m,5.739999999999999,le extrait,the extract
endosser,VER,,5.72,endosser,endorse
gober,VER,,5.71,gober,government
ballotter,VER,,5.7,ballotter,ballotter
égayer,VER,,5.7,égayer,brighten up
agrémenter,VER,,5.69,agrémenter,to embellish
spécialiser,VER,,5.69,spécialiser,specialize
effriter,VER,,5.680000000000001,effriter,crumble
sofa,NOM,m,5.680000000000001,le sofa,the sofa
sentence,NOM,f,5.680000000000001,la sentence,the sentence
aimant,NOM,m,5.680000000000001,le aimant,the magnet
agonisant,NOM,m,5.680000000000001,le agonisant,the dying one
centime,NOM,m,5.680000000000001,le centime,the cent
haussement,NOM,m,5.680000000000001,le haussement,the rise
diplomatie,NOM,f,5.68,la diplomatie,diplomacy
thune,NOM,f,5.68,la thune,in Thun
provocant,ADJ,,5.68,provocant,provoking
gelé,ADJ,,5.68,gelé,jelly
vulgarité,NOM,f,5.68,la vulgarité,vulgarity
bricole,NOM,f,5.68,la bricole,the tinkering
supermarché,NOM,m,5.68,le supermarché,the supermarket
hum,ONO,,5.68,hum,hum
éperdument,ADV,,5.68,éperdument,desperately
pépère,ADJ,,5.68,pépère,grandpa
blues,NOM,m,5.68,le blues,the blues
housse,NOM,f,5.68,la housse,the cover
festin,NOM,m,5.68,le festin,the feast
associé,NOM,m,5.68,le associé,the partner
caveau,NOM,m,5.68,le caveau,the cellar
parlement,NOM,m,5.68,le parlement,the parliament
chenille,NOM,f,5.68,la chenille,the caterpillar
inconcevable,ADJ,,5.68,inconcevable,inconceivable
répertoire,NOM,m,5.68,le répertoire,the directory
clignoter,VER,,5.68,clignoter,flash
cabas,NOM,m,5.68,le cabas,the shopping bag
apeuré,ADJ,,5.68,apeuré,scared
mouflet,NOM,m,5.68,le mouflet,the kid
vraisemblablement,ADV,,5.68,vraisemblablement,probably
intrus,NOM,m,5.67,le intrus,the intruder
revenant,NOM,m,5.67,le revenant,the ghost
palette,NOM,f,5.67,la palette,the paddle
hochement,NOM,m,5.67,le hochement,the nod
angélique,ADJ,,5.67,angélique,angelic
étrangeté,NOM,f,5.67,la étrangeté,the strangeness
guitoune,NOM,f,5.67,la guitoune,the hut
mosquée,NOM,f,5.67,la mosquée,the mosque
avalanche,NOM,f,5.67,la avalanche,the avalanche
biberon,NOM,m,5.67,le biberon,the bottle
latéral,ADJ,,5.67,latéral,lateral
défoncé,ADJ,,5.67,défoncé,stoned
rédacteur,NOM,m,5.67,le rédacteur,the editor
déchirement,NOM,m,5.67,le déchirement,the tearing
mordiller,VER,,5.63,mordiller,to nibble
nicher,VER,,5.63,nicher,niches
botter,VER,,5.63,botter,butter
relater,VER,,5.63,relater,to relate
brasser,VER,,5.63,brasser,brew
glousser,VER,,5.63,glousser,chuckle
hâtif,ADJ,,5.62,hâtif,hasty
affermir,VER,,5.62,affermir,to strengthen
tout-puissant,ADJ,,5.62,tout-puissant,almighty
actionner,VER,,5.62,actionner,activate
sévir,VER,,5.62,sévir,to crack down
prétexter,VER,,5.62,prétexter,pretend
perfectionner,VER,,5.62,perfectionner,to perfect
mongol,ADJ,,5.62,mongol,mongol
léguer,VER,,5.62,léguer,to bequeath
auxiliaire,NOM,m,5.619999999999999,le auxiliaire,the auxiliary
salopette,NOM,f,5.61,la salopette,the overalls
feint,ADJ,,5.61,feint,feint
noiraud,ADJ,,5.61,noiraud,noiraud
grésiller,VER,,5.61,grésiller,sizzle
vinaigre,NOM,m,5.61,le vinaigre,vinegar
mi,NOM,m,5.61,le mi,my
froncé,ADJ,,5.61,froncé,gathered
superficiel,ADJ,,5.61,superficiel,superficial
rageusement,ADV,,5.61,rageusement,angrily
trembloter,VER,,5.61,trembloter,flicker
test,NOM,m,5.61,le test,the test
naissant,ADJ,,5.61,naissant,nascent
sinueux,ADJ,,5.61,sinueux,winding
bombé,ADJ,,5.61,bombé,bomb
guillotine,NOM,f,5.61,la guillotine,the guillotine
rigole,NOM,f,5.61,la rigole,the gutter
affreusement,ADV,,5.61,affreusement,horribly
butin,NOM,m,5.61,le butin,the loot
poindre,VER,,5.61,poindre,to dawn
opium,NOM,m,5.61,le opium,the opium
dénuder,VER,,5.61,dénuder,strip
ver,NOM,m,5.61,le ver,the worm
écorché,ADJ,,5.61,écorché,skinned
méditerranéen,ADJ,,5.61,méditerranéen,Mediterranean
courroie,NOM,f,5.609999999999999,la courroie,the belt
triporteur,NOM,m,5.609999999999999,le triporteur,the three-wheeler
patin,NOM,m,5.609999999999999,le patin,the skate
précoce,ADJ,,5.609999999999999,précoce,early
sous-lieutenant,NOM,m,5.609999999999999,le sous-lieutenant,the second lieutenant
habitation,NOM,f,5.609999999999999,la habitation,the dwelling
dentiste,NOM,m,5.609999999999999,le dentiste,the dentist
hypocrisie,NOM,f,5.609999999999999,la hypocrisie,hypocrisy
rhume,NOM,m,5.609999999999999,le rhume,the cold
nostalgique,ADJ,,5.609999999999999,nostalgique,nostalgic
moniteur,NOM,m,5.609999999999999,le moniteur,the monitor
judiciaire,ADJ,,5.609999999999999,judiciaire,judicial
somnambule,NOM,m,5.609999999999999,le somnambule,the sleepwalker
délirant,ADJ,,5.609999999999999,délirant,delusional
protocole,NOM,m,5.609999999999999,le protocole,the protocol
interruption,NOM,f,5.6000000000000005,la interruption,the interruption
convulsion,NOM,f,5.6000000000000005,la convulsion,the seizure
clairon,NOM,m,5.6000000000000005,le clairon,the bugle
morue,NOM,f,5.6000000000000005,la morue,cod
hirsute,ADJ,,5.6,hirsute,hirsute
mortier,NOM,m,5.6,le mortier,the mortar
engourdi,ADJ,,5.6,engourdi,numb
attelage,NOM,m,5.6,le attelage,the hitch
hallucination,NOM,f,5.6,la hallucination,la hallucination
voûter,VER,,5.57,voûter,to vault
torcher,VER,,5.5600000000000005,torcher,torcher
entrecroiser,VER,,5.5600000000000005,entrecroiser,intertwine
culbuter,VER,,5.5600000000000005,culbuter,to tumble
inaugurer,VER,,5.5600000000000005,inaugurer,inaugurate
délimiter,VER,,5.56,délimiter,delimit
ascendant,NOM,m,5.550000000000001,le ascendant,the ascendant
ancrer,VER,,5.550000000000001,ancrer,anchor
hoqueter,VER,,5.55,hoqueter,hiccup
remorque,NOM,f,5.55,la remorque,the trailer
fascinant,ADJ,,5.55,fascinant,fascinating
ravage,NOM,m,5.55,le ravage,the ravage
confident,NOM,m,5.55,le confident,the confidant
faner,VER,,5.55,faner,flag
rousseur,NOM,f,5.55,la rousseur,freckles
enflé,ADJ,,5.55,enflé,swollen
engourdissement,NOM,m,5.55,le engourdissement,the numbness
dilater,VER,,5.55,dilater,expand
sainteté,NOM,f,5.55,la sainteté,holiness
bourdon,NOM,m,5.540000000000001,le bourdon,the bumblebee
résine,NOM,f,5.54,la résine,the resin
hâtivement,ADV,,5.54,hâtivement,hastily
marchepied,NOM,m,5.54,le marchepied,the step stool
conduit,NOM,m,5.54,le conduit,the conduit
irlandais,ADJ,,5.54,irlandais,Irish
perplexité,NOM,f,5.54,la perplexité,perplexity
symphonie,NOM,f,5.54,la symphonie,the symphony
arène,NOM,f,5.54,la arène,the arena
satyre,NOM,m,5.54,le satyre,the satyr
docilement,ADV,,5.54,docilement,obediently
déshabillé,NOM,m,5.54,le déshabillé,the undressed
piéton,NOM,m,5.54,le piéton,the pedestrian
grippe,NOM,f,5.54,la grippe,the flu
pupille,NOM,f,5.54,la pupille,the pupil
chimère,NOM,f,5.54,la chimère,the chimera
désintéresser,VER,,5.54,désintéresser,disinterest
soudainement,ADV,,5.54,soudainement,suddenly
étal,NOM,m,5.54,le étal,the stall
saillie,NOM,f,5.54,la saillie,the projection
médiocrité,NOM,f,5.54,la médiocrité,mediocrity
béat,ADJ,,5.54,béat,blissful
sadique,ADJ,,5.54,sadique,sadistic
manifeste,ADJ,,5.54,manifeste,manifest
foot,NOM,m,5.54,le foot,football
infidèle,ADJ,,5.54,infidèle,unfaithful
automate,NOM,m,5.54,le automate,the automaton
stage,NOM,m,5.54,le stage,the traineeship
cuirassier,NOM,m,5.54,le cuirassier,the cuirassier
pouls,NOM,m,5.54,le pouls,the pulse
épanoui,ADJ,,5.54,épanoui,blossomed
incliné,ADJ,,5.54,incliné,inclined
insuffisant,ADJ,,5.54,insuffisant,insufficient
trimestre,NOM,m,5.54,le trimestre,the quarter
tambouriner,VER,,5.54,tambouriner,tambouriner
douloureusement,ADV,,5.54,douloureusement,painfully
mousseux,ADJ,,5.54,mousseux,sparkling
peluche,NOM,f,5.54,la peluche,the stuffed animal
nombril,NOM,m,5.54,le nombril,the tummy-button
déserteur,NOM,m,5.539999999999999,le déserteur,the deserter
annuler,VER,,5.5,annuler,to cancel
reluquer,VER,,5.5,reluquer,reluquer
défaillir,VER,,5.49,défaillir,to fail
explosif,NOM,m,5.49,le explosif,the explosive
approprier,VER,,5.49,approprier,appropriate
consigner,VER,,5.49,consigner,to record
énergique,ADJ,,5.48,énergique,energetic
glaçon,NOM,m,5.48,le glaçon,the ice cube
assener,VER,,5.48,assener,assent
bariolé,ADJ,,5.48,bariolé,colorful
cote,NOM,f,5.48,la cote,at odds
environner,VER,,5.48,environner,surrounding
accablé,ADJ,,5.48,accablé,overwhelmed
convenance,NOM,f,5.48,la convenance,convenience
démission,NOM,f,5.48,la démission,the resignation
accordéon,NOM,m,5.48,le accordéon,the accordion
trio,NOM,m,5.48,le trio,the trio
grandissant,ADJ,,5.48,grandissant,growing
proue,NOM,f,5.48,la proue,the bow
catégorique,ADJ,,5.48,catégorique,categorical
acheteur,NOM,m,5.470000000000001,le acheteur,the buyer
caïque,NOM,m,5.470000000000001,le caïque,the caique
d,PRE,,5.470000000000001,d,d
loupe,NOM,f,5.470000000000001,la loupe,the magnifying glass
réconciliation,NOM,f,5.470000000000001,la réconciliation,reconciliation
sourdre,VER,,5.470000000000001,sourdre,to deafen
lourdeur,NOM,f,5.470000000000001,la lourdeur,the heaviness
phono,NOM,m,5.470000000000001,le phono,the phono
bouée,NOM,f,5.47,la bouée,the buoy
déplaisant,ADJ,,5.47,déplaisant,unpleasant
mortuaire,ADJ,,5.47,mortuaire,mortuary
fronton,NOM,m,5.47,le fronton,the pediment
carafe,NOM,f,5.47,la carafe,the carafe
changeant,ADJ,,5.47,changeant,changing
délibérément,ADV,,5.47,délibérément,deliberately
verdict,NOM,m,5.47,le verdict,the verdict
syrte,NOM,f,5.47,la syrte,the syrte
phosphorescent,ADJ,,5.47,phosphorescent,phosphorescent
divertissement,NOM,m,5.47,le divertissement,entertainment
buvard,NOM,m,5.47,le buvard,the blotter
coke,NOM,m,5.47,le coke,coke them
paluche,NOM,f,5.47,la paluche,the finger
processus,NOM,m,5.47,le processus,the process
ébauche,NOM,f,5.47,la ébauche,the draft
damné,NOM,m,5.47,le damné,the damned
assouvir,VER,,5.43,assouvir,to satisfy
barricader,VER,,5.43,barricader,barricade
collaborer,VER,,5.42,collaborer,collaborate
défigurer,VER,,5.42,défigurer,disfigure
amollir,VER,,5.42,amollir,to soften
corse,ADJ,,5.42,corse,race
obliquer,VER,,5.42,obliquer,to slant
embuer,VER,,5.42,embuer,embuer
maugréer,VER,,5.42,maugréer,to grumble
désarmé,ADJ,,5.42,désarmé,disarmed
colorier,VER,,5.42,colorier,coloring
confronter,VER,,5.42,confronter,confront
poigne,NOM,f,5.41,la poigne,the grip
grossièrement,ADV,,5.41,grossièrement,roughly
chômage,NOM,m,5.41,le chômage,unemployment
originaire,ADJ,,5.41,originaire,native
pétrifié,ADJ,,5.41,pétrifié,petrified
matraque,NOM,f,5.41,la matraque,the baton
admirateur,NOM,m,5.41,le admirateur,the admirer
stalinien,ADJ,,5.41,stalinien,Stalinist
pet,NOM,m,5.41,le pet,the pet
rosier,NOM,m,5.41,le rosier,the rosebush
taulier,NOM,m,5.41,le taulier,the boss
bétail,NOM,m,5.41,le bétail,cattle
lorgnon,NOM,m,5.41,le lorgnon,the lorgnette
navigation,NOM,f,5.41,la navigation,navigation
déployé,ADJ,,5.41,déployé,deployed
verge,NOM,f,5.41,la verge,the verge
escouade,NOM,f,5.41,la escouade,the squad
via,PRE,,5.41,via,via
instable,ADJ,,5.41,instable,unstable
correctement,ADV,,5.41,correctement,correctly
réalisme,NOM,m,5.41,le réalisme,realism
clapotis,NOM,m,5.41,le clapotis,the lapping
livret,NOM,m,5.41,le livret,the booklet
panthère,NOM,f,5.41,la panthère,the panther
hi,ONO,,5.41,hi,hi
coiffe,NOM,f,5.41,la coiffe,the headdress
vacherie,NOM,f,5.41,la vacherie,the cowshed
acharné,ADJ,,5.41,acharné,relentless
restreint,ADJ,,5.41,restreint,restricted
copeau,NOM,m,5.41,le copeau,the chip
ancestral,ADJ,,5.41,ancestral,ancestral
révolté,NOM,m,5.41,le révolté,the rebel
joliment,ADV,,5.41,joliment,nicely
raton,NOM,m,5.41,le raton,the raccoon
trame,NOM,f,5.409999999999999,la trame,the plot
contrée,NOM,f,5.4,la contrée,the country
tourmenté,ADJ,,5.4,tourmenté,tormented
rai,NOM,m,5.4,le rai,the ray
accablant,ADJ,,5.4,accablant,overwhelming
flamboyant,ADJ,,5.4,flamboyant,flamboyant
spécialisé,ADJ,,5.4,spécialisé,specialized
sachet,NOM,m,5.4,le sachet,the bag
cuirassé,NOM,m,5.4,le cuirassé,the battleship
tapin,NOM,m,5.4,le tapin,the hooker
volumineux,ADJ,,5.4,volumineux,bulky
bordeaux,NOM,m,5.4,le bordeaux,Bordeaux
vipère,NOM,f,5.4,la vipère,the viper
commissure,NOM,f,5.4,la commissure,the commissure
balancement,NOM,m,5.4,le balancement,the swing
étalon,NOM,m,5.4,le étalon,the stallion
micheton,NOM,m,5.4,le micheton,the michetons
stagner,VER,,5.39,stagner,stagnate
siéger,VER,,5.37,siéger,sit
feutrer,VER,,5.36,feutrer,felt
ensuivre,VER,,5.36,ensuivre,follow
appréhender,VER,,5.36,appréhender,to apprehend
combiné,NOM,m,5.3500000000000005,le combiné,the handset
agoniser,VER,,5.3500000000000005,agoniser,to agonize
enfoiré,NOM,m,5.3500000000000005,le enfoiré,the bastard
cercler,VER,,5.35,cercler,circle
équilibrer,VER,,5.35,équilibrer,balance
assoupi,ADJ,,5.35,assoupi,dozing
divisionnaire,ADJ,,5.35,divisionnaire,divisional
lingerie,NOM,f,5.340000000000001,la lingerie,at the lingerie
bas-côté,NOM,m,5.34,le bas-côté,the side aisle
supposition,NOM,f,5.34,la supposition,the assumption
corniaud,NOM,m,5.34,le corniaud,le corniaud
lancinant,ADJ,,5.34,lancinant,throbbing
palissade,NOM,f,5.34,la palissade,the palisade
mémorable,ADJ,,5.34,mémorable,memorable
détestable,ADJ,,5.34,détestable,detestable
arbitre,NOM,m,5.34,le arbitre,the referee
réglé,ADJ,,5.34,réglé,ruler
rosé,NOM,m,5.34,le rosé,the rosé
occase,NOM,f,5.34,la occase,the occasion
interminablement,ADV,,5.34,interminablement,interminablement
biographie,NOM,f,5.34,la biographie,the biography
touché,ADJ,,5.34,touché,touch
poussé,ADJ,,5.34,poussé,pushed
orateur,NOM,m,5.34,le orateur,the speaker
remblai,NOM,m,5.34,le remblai,the embankment
affolement,NOM,m,5.34,le affolement,the panic
détremper,VER,,5.34,détremper,soak
contribution,NOM,f,5.34,la contribution,the contribution
envergure,NOM,f,5.34,la envergure,the span
paon,NOM,m,5.34,le paon,the peacock
vingt-huit,ADJ:num,,5.34,vingt-huit,twenty eight
irrémédiable,ADJ,,5.34,irrémédiable,irremediable
riposter,VER,,5.34,riposter,retaliate
résolument,ADV,,5.34,résolument,resolutely
genêt,NOM,m,5.34,le genêt,the broom
cagibi,NOM,m,5.34,le cagibi,the cages
hanneton,NOM,m,5.34,le hanneton,the cockchafer
monseigneur,NOM,m,5.34,le monseigneur,the monsignor
nacre,NOM,f,5.34,la nacre,mother of pearl
rebuter,VER,,5.34,rebuter,to reject
lavoir,NOM,m,5.34,le lavoir,the wash house
confiner,VER,,5.34,confiner,confine
paralysé,ADJ,,5.34,paralysé,paralyzed
sénégalais,ADJ,,5.34,sénégalais,Senegalese
location,NOM,f,5.34,la location,the rental
pieu,NOM,m,5.34,le pieu,the stake
créneau,NOM,m,5.34,le créneau,the niche
éloquent,ADJ,,5.34,éloquent,eloquent
rondelle,NOM,f,5.34,la rondelle,the washers
libraire,NOM,m,5.34,le libraire,the bookseller
sommaire,ADJ,,5.34,sommaire,summary
tweed,NOM,m,5.34,le tweed,le tweed
volcan,NOM,m,5.34,le volcan,the volcano
rentré,ADJ,,5.34,rentré,go home
piétinement,NOM,m,5.34,le piétinement,the trampling
patriotique,ADJ,,5.34,patriotique,patriotic
mémère,NOM,f,5.33,la mémère,the grandmother
isba,NOM,f,5.33,la isba,the land
couplet,NOM,m,5.33,le couplet,the verse
colombe,NOM,f,5.33,la colombe,the dove
harpe,NOM,f,5.33,la harpe,the harp
homard,NOM,m,5.33,le homard,the lobster
révolu,ADJ,,5.33,révolu,gone
cristallin,ADJ,,5.33,cristallin,crystalline
amabilité,NOM,f,5.33,la amabilité,the kindness
dépendance,NOM,f,5.33,la dépendance,addiction
recouvrer,VER,,5.29,recouvrer,recover
ressasser,VER,,5.29,ressasser,to rehash
rôtir,VER,,5.29,rôtir,roast
forfait,NOM,m,5.28,le forfait,the package
intégral,ADJ,,5.28,intégral,integral
patiner,VER,,5.28,patiner,to skate
enculer,VER,,5.28,enculer,fuck
convoiter,VER,,5.28,convoiter,covet
jury,NOM,m,5.279999999999999,le jury,le jury
confirmation,NOM,f,5.279999999999999,la confirmation,confirmation
bienvenue,NOM,f,5.279999999999999,la bienvenue,welcome
emphase,NOM,f,5.2700000000000005,la emphase,the emphasis
subjuguer,VER,,5.2700000000000005,subjuguer,subjugate
fanfare,NOM,f,5.2700000000000005,la fanfare,the fanfare
écuyer,NOM,m,5.2700000000000005,le écuyer,the squire
indiscutable,ADJ,,5.2700000000000005,indiscutable,indisputable
adultère,NOM,m,5.2700000000000005,le adultère,the adultery
répulsion,NOM,f,5.2700000000000005,la répulsion,repulsion
dictature,NOM,f,5.2700000000000005,la dictature,the dictatorship
levier,NOM,m,5.2700000000000005,le levier,the lever
indécent,ADJ,,5.2700000000000005,indécent,indecent
résonance,NOM,f,5.2700000000000005,la résonance,the resonance
tee-shirt,NOM,m,5.2700000000000005,le tee-shirt,the t-shirt
thermomètre,NOM,m,5.2700000000000005,le thermomètre,the thermometer
scellé,NOM,m,5.2700000000000005,le scellé,the seal
restauration,NOM,f,5.2700000000000005,la restauration,the Restoration
effondré,ADJ,,5.2700000000000005,effondré,collapsed
ratisser,VER,,5.2700000000000005,ratisser,rake
impalpable,ADJ,,5.2700000000000005,impalpable,impalpable
festival,NOM,m,5.27,le festival,the festivals
futaie,NOM,f,5.27,la futaie,the high forest
cataclysme,NOM,m,5.27,le cataclysme,the cataclysm
charpente,NOM,f,5.27,la charpente,the framework
gland,NOM,m,5.27,le gland,the acorn
délicieusement,ADV,,5.27,délicieusement,deliciously
ustensile,NOM,m,5.27,le ustensile,the utensil
ronronnement,NOM,m,5.27,le ronronnement,the purring
cow-boy,NOM,m,5.27,le cow-boy,le cow-boy
physionomie,NOM,f,5.27,la physionomie,physiognomy
pudique,ADJ,,5.27,pudique,modest
semence,NOM,f,5.27,la semence,the seed
provenance,NOM,f,5.27,la provenance,the origin
garagiste,NOM,m,5.27,le garagiste,the mechanic
hou,ONO,,5.27,hou,new
réprobation,NOM,f,5.27,la réprobation,disapproval
incohérent,ADJ,,5.27,incohérent,incoherent
affectation,NOM,f,5.27,la affectation,the assignment
fétiche,NOM,m,5.27,le fétiche,the fetish
pouf,NOM,m,5.27,le pouf,the pouf
particule,NOM,f,5.27,la particule,the particle
crevette,NOM,f,5.27,la crevette,the prawn/shrimp
bouleversant,ADJ,,5.26,bouleversant,upsetting
troué,ADJ,,5.26,troué,holed
progressif,ADJ,,5.26,progressif,progressive
rimer,VER,,5.26,rimer,rhymes
emmêler,VER,,5.25,emmêler,entangle
démêler,VER,,5.23,démêler,untangle
priser,VER,,5.23,priser,prices
élaborer,VER,,5.23,élaborer,elaborate
rafler,VER,,5.23,rafler,to snatch
réintégrer,VER,,5.220000000000001,réintégrer,reintegrate
fuyard,NOM,m,5.22,le fuyard,the fugitive
éventrer,VER,,5.22,éventrer,to disembowel
lépreux,NOM,m,5.22,le lépreux,the leper
transférer,VER,,5.22,transférer,transfer
ériger,VER,,5.22,ériger,to erect
rétroviseur,NOM,m,5.21,le rétroviseur,the rearview mirror
enclume,NOM,f,5.21,la enclume,the anvil
géométrie,NOM,f,5.21,la géométrie,geometry
seconder,VER,,5.21,seconder,to second
lyrique,ADJ,,5.21,lyrique,lyrical
décharné,ADJ,,5.21,décharné,emaciated
insistant,ADJ,,5.21,insistant,insistent
effaroucher,VER,,5.21,effaroucher,effaroucher
braver,VER,,5.21,braver,braver
immobilier,ADJ,,5.21,immobilier,real estate
sida,NOM,m,5.21,le sida,AIDS
pianiste,NOM,m,5.21,le pianiste,the pianist
empêtrer,VER,,5.21,empêtrer,entangle
miséricorde,NOM,f,5.21,la miséricorde,mercy
incarnation,NOM,f,5.21,la incarnation,the incarnation
subtilité,NOM,f,5.21,la subtilité,subtlety
dépêche,NOM,f,5.21,la dépêche,the dispatch
mansarde,NOM,f,5.2,la mansarde,in the attics
sans-pareil,NOM,m,5.2,le sans-pareil,the unparalleled
radeau,NOM,m,5.2,le radeau,the raft
désirable,ADJ,,5.2,désirable,desirable
charcuterie,NOM,f,5.2,la charcuterie,cold cuts
amèrement,ADV,,5.2,amèrement,bitterly
pus,ADJ,,5.2,pus,put
chimie,NOM,f,5.2,la chimie,chemistry
naseau,NOM,m,5.2,le naseau,the nostril
tyran,NOM,m,5.2,le tyran,the tyrant
ardemment,ADV,,5.2,ardemment,ardently
tare,NOM,f,5.2,la tare,loud
envol,NOM,m,5.2,le envol,the flight
momentanément,ADV,,5.2,momentanément,momentarily
saccadé,ADJ,,5.2,saccadé,jerky
vrac,NOM,m,5.2,le vrac,bulk
cantonnement,NOM,m,5.2,le cantonnement,the cantonment
invalide,NOM,m,5.2,le invalide,the invalid
pensivement,ADV,,5.2,pensivement,pensivement
habilement,ADV,,5.2,habilement,skillfully
bourru,ADJ,,5.2,bourru,gruff
engluer,VER,,5.2,engluer,English
accoudoir,NOM,m,5.2,le accoudoir,the armrest
désaccord,NOM,m,5.199999999999999,le désaccord,the disagreement
ménagement,NOM,m,5.199999999999999,le ménagement,housekeeping
brunâtre,ADJ,,5.199999999999999,brunâtre,brownish
crique,NOM,f,5.199999999999999,la crique,the cove
crocodile,NOM,m,5.199999999999999,le crocodile,the crocodile
phalange,NOM,f,5.199999999999999,la phalange,the phalanx
guérison,NOM,f,5.199999999999999,la guérison,healing
convoitise,NOM,f,5.199999999999999,la convoitise,lust
cylindre,NOM,m,5.199999999999999,le cylindre,the cylinder
cerne,NOM,m,5.199999999999999,le cerne,the dark circle
fiacre,NOM,m,5.199999999999999,le fiacre,the carriage
boulette,NOM,f,5.199999999999999,la boulette,the meatball
intestin,NOM,m,5.19,le intestin,the intestine
dévier,VER,,5.17,dévier,deviate
desservir,VER,,5.17,desservir,serve
shooter,VER,,5.16,shooter,shooter
opter,VER,,5.16,opter,opt
rétracter,VER,,5.15,rétracter,retract
soupeser,VER,,5.15,soupeser,weigh
toussoter,VER,,5.15,toussoter,toussoter
snob,ADJ,,5.15,snob,snob
embellir,VER,,5.15,embellir,to beautify
concurrent,NOM,m,5.15,le concurrent,the competitor
maladif,ADJ,,5.15,maladif,sickly
inquisiteur,ADJ,,5.140000000000001,inquisiteur,inquisitor
quiétude,NOM,f,5.140000000000001,la quiétude,the quietness
frappe,NOM,f,5.140000000000001,la frappe,the strike
givre,NOM,m,5.140000000000001,le givre,the frost
déplorable,ADJ,,5.140000000000001,déplorable,deplorable
cuirasse,NOM,f,5.140000000000001,la cuirasse,the breastplate
paillette,NOM,f,5.140000000000001,la paillette,the glitter
trompeur,ADJ,,5.140000000000001,trompeur,misleading
prouesse,NOM,f,5.140000000000001,la prouesse,the feat
jasmin,NOM,m,5.140000000000001,le jasmin,jasmine
paradoxal,ADJ,,5.140000000000001,paradoxal,paradoxical
bouse,NOM,f,5.140000000000001,la bouse,the dung
fougue,NOM,f,5.140000000000001,la fougue,the passion
boum,NOM,m,5.14,le boum,the boom
tonner,VER,,5.14,tonner,tonner
baveux,ADJ,,5.14,baveux,drooling
né,ADJ,,5.14,né,nor
imparfait,NOM,m,5.14,le imparfait,the imperfect
fiole,NOM,f,5.14,la fiole,the vial
basilique,NOM,f,5.14,la basilique,the basilica
évasif,ADJ,,5.14,évasif,evasive
irremplaçable,ADJ,,5.14,irremplaçable,irreplaceable
contrôleur,NOM,m,5.14,le contrôleur,the controller
croyable,ADJ,,5.14,croyable,believable
aire,NOM,f,5.14,la aire,the area
souffrant,ADJ,,5.14,souffrant,suffering
panorama,NOM,m,5.14,le panorama,the panoramas
silex,NOM,m,5.14,le silex,flint
ourler,VER,,5.14,ourler,ourler
sexualité,NOM,f,5.14,la sexualité,sexuality
lié,ADJ,,5.14,lié,related
chaste,ADJ,,5.130000000000001,chaste,chaste
chevreuil,NOM,m,5.130000000000001,le chevreuil,the deer
outrage,NOM,m,5.130000000000001,le outrage,the outrage
fiction,NOM,f,5.130000000000001,la fiction,fiction
prospérité,NOM,f,5.13,la prospérité,prosperity
bifteck,NOM,m,5.13,le bifteck,the steak
valser,VER,,5.13,valser,waltz
escarpin,NOM,m,5.13,le escarpin,the pump
noueux,ADJ,,5.13,noueux,knotty
alignement,NOM,m,5.13,le alignement,the alignment
zèbre,NOM,m,5.13,le zèbre,the zebra
transe,NOM,f,5.13,la transe,in trance
arnaque,NOM,f,5.13,la arnaque,the scam
piaf,NOM,m,5.13,le piaf,the bird
inaltérable,ADJ,,5.13,inaltérable,unalterable
escadrille,NOM,f,5.13,la escadrille,the squadron
madone,NOM,f,5.13,la madone,the madonna
matériau,NOM,m,5.13,le matériau,the material
jubiler,VER,,5.1,jubiler,jeweler
sonder,VER,,5.1,sonder,without
triturer,VER,,5.09,triturer,crush
agréer,VER,,5.09,agréer,agree
revendiquer,VER,,5.09,revendiquer,claim
transfigurer,VER,,5.08,transfigurer,transfigure
collectionner,VER,,5.08,collectionner,collect
vacant,ADJ,,5.08,vacant,vacant
mesuré,ADJ,,5.08,mesuré,measure
stupéfier,VER,,5.08,stupéfier,amaze
adhérer,VER,,5.08,adhérer,join
fourguer,VER,,5.08,fourguer,fourguer
convenu,ADJ,,5.08,convenu,agreed
ligoter,VER,,5.08,ligoter,tie up
lignée,NOM,f,5.07,la lignée,the lineage
coûteux,ADJ,,5.07,coûteux,expensive
transistor,NOM,m,5.07,le transistor,the transistor
félicitation,NOM,f,5.07,la félicitation,congratulations
frottement,NOM,m,5.07,le frottement,friction
réveillon,NOM,m,5.07,le réveillon,New Year&#39;s Eve
encastrer,VER,,5.07,encastrer,embed
louis,NOM,m,5.07,le louis,the louis
appuyé,ADJ,,5.07,appuyé,supported
fatalement,ADV,,5.07,fatalement,inevitably
poitrail,NOM,m,5.07,le poitrail,the chest
bordée,NOM,f,5.07,la bordée,the broadside
astuce,NOM,f,5.07,la astuce,the trick
z,NOM,m,5.07,le z,the z
péremptoire,ADJ,,5.07,péremptoire,peremptory
hantise,NOM,f,5.07,la hantise,the haunting
figurant,NOM,m,5.07,le figurant,the extra
redingote,NOM,f,5.07,la redingote,the frock coat
graisseux,ADJ,,5.07,graisseux,greasy
gâteux,ADJ,,5.07,gâteux,cakey
déguisement,NOM,m,5.07,le déguisement,the disguise
averti,ADJ,,5.07,averti,warned
enfoui,ADJ,,5.07,enfoui,buried
tracé,NOM,m,5.07,le tracé,the outline
stupidement,ADV,,5.07,stupidement,stupidly
coucou,NOM,m,5.07,le coucou,the cuckoo
guérite,NOM,f,5.07,la guérite,the sentry box
rompu,ADJ,,5.07,rompu,broken
enclin,ADJ,,5.07,enclin,inclined
gradin,NOM,m,5.07,le gradin,the bleacher
furtivement,ADV,,5.07,furtivement,stealthily
mas,NOM,m,5.07,le mas,the most
symboliser,VER,,5.07,symboliser,symbolize
pâteux,ADJ,,5.07,pâteux,pasty
véhémence,NOM,f,5.07,la véhémence,vehemence
pousse,NOM,f,5.07,la pousse,the shoot
arrivant,NOM,m,5.07,le arrivant,the arrival
verticale,NOM,f,5.07,la verticale,the vertical
revient,NOM,m,5.07,le revient,the return
obéissance,NOM,f,5.07,la obéissance,obedience
nervosité,NOM,f,5.069999999999999,la nervosité,nervousness
écroulement,NOM,m,5.069999999999999,le écroulement,the collapse
sperme,NOM,m,5.069999999999999,le sperme,sperm
adoration,NOM,f,5.0600000000000005,la adoration,the adoration
compétence,NOM,f,5.0600000000000005,la compétence,the skill
technicien,NOM,m,5.0600000000000005,le technicien,the technician
repris,ADJ,,5.0600000000000005,repris,taken back
prolétaire,NOM,m,5.0600000000000005,le prolétaire,the proletarian
châtain,ADJ,,5.0600000000000005,châtain,chestnut
épidémie,NOM,f,5.0600000000000005,la épidémie,the epidemic
exténué,ADJ,,5.0600000000000005,exténué,exhausted
bourré,ADJ,,5.0600000000000005,bourré,stuffed
jésuite,NOM,m,5.0600000000000005,le jésuite,the jesuit
haché,ADJ,,5.0600000000000005,haché,ax
invincible,ADJ,,5.06,invincible,invincible
accueillant,ADJ,,5.06,accueillant,welcoming
avantageux,ADJ,,5.06,avantageux,advantageous
vieilli,ADJ,,5.06,vieilli,aged
quitte,ADJ,,5.06,quitte,quit
moisir,VER,,5.03,moisir,to mold
concilier,VER,,5.03,concilier,reconcile
conformer,VER,,5.0200000000000005,conformer,conformer
cantonner,VER,,5.0200000000000005,cantonner,to confine
terrasser,VER,,5.0200000000000005,terrasser,terraces
éluder,VER,,5.02,éluder,to escape
bouffon,NOM,m,5.01,le bouffon,the jester
accoutumé,ADJ,,5.01,accoutumé,accustomed
superposé,ADJ,,5.01,superposé,superimposed
déclamer,VER,,5.01,déclamer,to declaim
arc-bouter,VER,,5.01,arc-bouter,buttress
éminent,ADJ,,5.0,éminent,prominent
voltigeur,NOM,m,5.0,le voltigeur,the acrobat
scepticisme,NOM,m,5.0,le scepticisme,skepticism
baleine,NOM,f,5.0,la baleine,the whale
prononcé,ADJ,,5.0,prononcé,pronounced
négligeable,ADJ,,5.0,négligeable,negligible
agressivité,NOM,f,5.0,la agressivité,the aggressiveness
étrier,NOM,m,5.0,le étrier,the stirrup
chichi,NOM,m,5.0,le chichi,the fuss
pied-noir,NOM,m,5.0,le pied-noir,the black foot
maturité,NOM,f,5.0,la maturité,maturity
nonchalance,NOM,f,5.0,la nonchalance,nonchalance
trèfle,NOM,m,5.0,le trèfle,the clover
éventré,ADJ,,5.0,éventré,disemboweled
dodu,ADJ,,5.0,dodu,I give
négligence,NOM,f,5.0,la négligence,neglect
gagné,ADJ,,5.0,gagné,won
bouge,NOM,m,5.0,le bouge,the move
exactitude,NOM,f,5.0,la exactitude,the accuracy
agile,ADJ,,5.0,agile,agile
saisissant,ADJ,,5.0,saisissant,striking
ardu,ADJ,,5.0,ardu,arduous
ressentiment,NOM,m,5.0,le ressentiment,resentment
terminus,NOM,m,5.0,le terminus,the terminus
libertin,NOM,m,5.0,le libertin,the libertine
boiserie,NOM,f,5.0,la boiserie,the woodwork
optimiste,ADJ,,5.0,optimiste,optimistic
nounou,NOM,f,5.0,la nounou,the nanny
détaler,VER,,5.0,détaler,run away
meurtri,ADJ,,5.0,meurtri,bruised
jalonner,VER,,5.0,jalonner,to mark
concurrence,NOM,f,5.0,la concurrence,competition
particularité,NOM,f,5.0,la particularité,the particularity
seringue,NOM,f,5.0,la seringue,the syringe
raccourci,NOM,m,5.0,le raccourci,the shortcut
porto,NOM,m,5.0,le porto,I bring them
incrédulité,NOM,f,5.0,la incrédulité,disbelief
incolore,ADJ,,5.0,incolore,colorless
geôlier,NOM,m,4.99,le geôlier,the jailer
impersonnel,ADJ,,4.99,impersonnel,impersonal
garanti,ADJ,,4.99,garanti,warranty
amortir,VER,,4.970000000000001,amortir,cushion
acculer,VER,,4.97,acculer,corner
croupir,VER,,4.96,croupir,to stagnate
escompter,VER,,4.95,escompter,to expect
dégrafer,VER,,4.95,dégrafer,unclip
tarir,VER,,4.95,tarir,dry up
secourir,VER,,4.95,secourir,rescue
limousin,NOM,m,4.95,le limousin,the limousine
méconnaître,VER,,4.95,méconnaître,to be unaware
fumeur,NOM,m,4.95,le fumeur,the smoker
glaner,VER,,4.95,glaner,glean
peler,VER,,4.95,peler,peel
offusquer,VER,,4.95,offusquer,to offend
écailler,VER,,4.94,écailler,to scale
gramme,NOM,m,4.94,le gramme,the gram
constituant,ADJ,,4.94,constituant,constituent
aspirine,NOM,f,4.94,la aspirine,aspirin
pourchasser,VER,,4.94,pourchasser,chase
vengeur,ADJ,,4.94,vengeur,avenger
sceau,NOM,m,4.94,le sceau,the seal
assigner,VER,,4.94,assigner,assign
enfourner,VER,,4.94,enfourner,bake
exclu,ADJ,,4.94,exclu,excluded
déplacé,ADJ,,4.94,déplacé,moved
statuette,NOM,f,4.94,la statuette,the statuette
avatar,NOM,m,4.94,le avatar,the avatar
rugissement,NOM,m,4.94,le rugissement,the roar
gosier,NOM,m,4.94,le gosier,the throat
catéchisme,NOM,m,4.94,le catéchisme,the catechism
coma,NOM,m,4.930000000000001,le coma,the coma
guibolle,NOM,f,4.930000000000001,la guibolle,the guibolle
canif,NOM,m,4.930000000000001,le canif,the penknife
trophée,NOM,m,4.93,le trophée,the trophy
émissaire,NOM,m,4.93,le émissaire,the emissary
complaisant,ADJ,,4.93,complaisant,complacent
noirci,ADJ,,4.93,noirci,blackened
grossesse,NOM,f,4.93,la grossesse,pregnancy
vaccin,NOM,m,4.93,le vaccin,the vaccine
brassard,NOM,m,4.93,le brassard,the armband
orangé,ADJ,,4.93,orangé,orange
monotonie,NOM,f,4.93,la monotonie,to monotony
compréhensif,ADJ,,4.93,compréhensif,understanding
immémorial,ADJ,,4.93,immémorial,immemorial
arc-en-ciel,NOM,m,4.93,le arc-en-ciel,the rainbow
cigale,NOM,f,4.93,la cigale,the cicada
abondamment,ADV,,4.93,abondamment,abundantly
sandwiche,NOM,m,4.93,le sandwiche,the sandwich
clope,NOM,f,4.93,la clope,the cigarette
val,NOM,m,4.93,le val,the valleys
moiteur,NOM,f,4.93,la moiteur,the humidity
dôme,NOM,m,4.93,le dôme,the dome
cieux,NOM,m,4.93,le cieux,the sky
gondole,NOM,f,4.93,la gondole,the gondola
pesamment,ADV,,4.93,pesamment,heavily
rivalité,NOM,f,4.93,la rivalité,the rivalry
allègre,ADJ,,4.93,allègre,cheerful
vermine,NOM,f,4.93,la vermine,vermin
gadoue,NOM,f,4.93,la gadoue,the mud
directive,NOM,f,4.93,la directive,the directive
prostré,ADJ,,4.93,prostré,prostrate
sacrement,NOM,m,4.93,le sacrement,the sacrament
délier,VER,,4.9,délier,untie
purifier,VER,,4.890000000000001,purifier,purifier
terrifier,VER,,4.890000000000001,terrifier,terrifier
amonceler,VER,,4.890000000000001,amonceler,pile up
susurrer,VER,,4.88,susurrer,whisper
abréger,VER,,4.88,abréger,shorten
énoncer,VER,,4.88,énoncer,state
hérissé,ADJ,,4.87,hérissé,bristling
cérémonial,NOM,m,4.87,le cérémonial,the ceremony
constatation,NOM,f,4.87,la constatation,the finding
traîne,NOM,f,4.87,la traîne,the drag
bottine,NOM,f,4.87,la bottine,the boot
apparat,NOM,m,4.87,le apparat,the apparatus
argot,NOM,m,4.87,le argot,the slang
piqué,ADJ,,4.87,piqué,pique
penaud,ADJ,,4.87,penaud,sheepish
funeste,ADJ,,4.87,funeste,fatal
rapetisser,VER,,4.87,rapetisser,rapetisser
perfide,ADJ,,4.87,perfide,perfidious
germanique,ADJ,,4.87,germanique,Germanic
sobriquet,NOM,m,4.87,le sobriquet,the nickname
baquet,NOM,m,4.87,le baquet,the bucket
cintre,NOM,m,4.87,le cintre,the hanger
obèse,ADJ,,4.87,obèse,obese
rasade,NOM,f,4.87,la rasade,the shot
apparenter,VER,,4.87,apparenter,to relate
fruste,ADJ,,4.87,fruste,whips
monarchie,NOM,f,4.87,la monarchie,the monarchy
obstruer,VER,,4.87,obstruer,obstruct
framboise,NOM,f,4.87,la framboise,the raspberry
crevasse,NOM,f,4.869999999999999,la crevasse,the crevasse
druide,NOM,m,4.869999999999999,le druide,the druid
sanction,NOM,f,4.869999999999999,la sanction,the sanction
préoccupé,ADJ,,4.86,préoccupé,concerned
au-dedans,ADV,,4.86,au-dedans,inside
quinte,NOM,f,4.86,la quinte,the fifth
représaille,NOM,f,4.86,la représaille,retaliation
tank,NOM,m,4.86,le tank,the tank
loterie,NOM,f,4.86,la loterie,at the lottery
momi,NOM,m,4.86,le momi,the pump
inflexion,NOM,f,4.86,la inflexion,the inflection
consciencieusement,ADV,,4.86,consciencieusement,conscientiously
antan,NOM,m,4.86,le antan,the olden days
invariablement,ADV,,4.86,invariablement,invariably
grand-peine,ADV,,4.86,grand-peine,great difficulty
orée,NOM,f,4.86,la orée,the edge
bu,ADJ,,4.86,bu,this
démuni,ADJ,,4.86,démuni,destitute
fixité,NOM,f,4.86,la fixité,fixity
détermination,NOM,f,4.859999999999999,la détermination,determination
délavé,ADJ,,4.859999999999999,délavé,faded
maléfique,ADJ,,4.859999999999999,maléfique,evil
seigneurie,NOM,f,4.859999999999999,la seigneurie,the lordship
adroit,ADJ,,4.859999999999999,adroit,adroit
étau,NOM,m,4.859999999999999,le étau,the vice
insoutenable,ADJ,,4.859999999999999,insoutenable,unbearable
voilier,NOM,m,4.859999999999999,le voilier,the sailing boat
saupoudrer,VER,,4.82,saupoudrer,sprinkle
capituler,VER,,4.82,capituler,capitulate
disloquer,VER,,4.82,disloquer,dislocate
vétérinaire,NOM,m,4.8100000000000005,le vétérinaire,the veterinarian
défendu,ADJ,,4.8100000000000005,défendu,defended
oppresser,VER,,4.8100000000000005,oppresser,oppressor
fiancer,VER,,4.81,fiancer,to engage
pagaille,NOM,f,4.800000000000001,la pagaille,the mess
ombrelle,NOM,f,4.800000000000001,la ombrelle,the umbrella
malchance,NOM,f,4.800000000000001,la malchance,bad luck
clandestinité,NOM,f,4.800000000000001,la clandestinité,the underground
requin,NOM,m,4.800000000000001,le requin,the shark
priorité,NOM,f,4.800000000000001,la priorité,priority
féminité,NOM,f,4.800000000000001,la féminité,femininity
puceau,NOM,m,4.8,le puceau,the virgin
effilé,ADJ,,4.8,effilé,tapered
remue-ménage,NOM,m,4.8,le remue-ménage,the commotion
amende,NOM,f,4.8,la amende,the fine
alimentaire,ADJ,,4.8,alimentaire,eating
renvoi,NOM,m,4.8,le renvoi,the return
pacifique,ADJ,,4.8,pacifique,peaceful
sournoisement,ADV,,4.8,sournoisement,slyly
détritus,NOM,m,4.8,le détritus,the rubbish
globuleux,ADJ,,4.8,globuleux,globular
parchemin,NOM,m,4.8,le parchemin,the parchment
rayonnant,ADJ,,4.8,rayonnant,radiant
compétition,NOM,f,4.8,la compétition,the competition
à-coup,NOM,m,4.8,le à-coup,the jolt
guêtre,NOM,f,4.8,la guêtre,the gaiter
solidaire,ADJ,,4.8,solidaire,solidarity
sapeur,NOM,m,4.8,le sapeur,the sapper
anarchie,NOM,f,4.8,la anarchie,anarchy
vacillant,ADJ,,4.8,vacillant,wavering
flair,NOM,m,4.8,le flair,the flair
tanière,NOM,f,4.8,la tanière,the den
savamment,ADV,,4.8,savamment,cleverly
infatigable,ADJ,,4.8,infatigable,tireless
roulotte,NOM,f,4.8,la roulotte,the caravan
ragot,NOM,m,4.8,le ragot,the gossip
continuellement,ADV,,4.8,continuellement,continually
obsèques,NOM,f,4.8,la obsèques,the funeral
lamentation,NOM,f,4.8,la lamentation,Lamentation
supplication,NOM,f,4.8,la supplication,la supplication
touffu,ADJ,,4.8,touffu,bushy
tarif,NOM,m,4.8,le tarif,the price
étendard,NOM,m,4.8,le étendard,the standard
tact,NOM,m,4.8,le tact,the tact
camelote,NOM,f,4.8,la camelote,the junk
gruyère,NOM,m,4.8,le gruyère,Gruyere cheese
géométrique,ADJ,,4.8,géométrique,geometric
câlin,ADJ,,4.8,câlin,cuddly
anatomie,NOM,f,4.8,la anatomie,in anatomy
bécane,NOM,f,4.8,la bécane,the bike
manqué,ADJ,,4.8,manqué,lack
demi-cercle,NOM,m,4.8,le demi-cercle,the semicircle
quotidiennement,ADV,,4.8,quotidiennement,daily
dénuer,VER,,4.8,dénuer,to deprive
inimaginable,ADJ,,4.8,inimaginable,unimaginable
salopard,NOM,m,4.8,le salopard,the bastard
jade,NOM,m,4.8,le jade,jade
tignasse,NOM,f,4.8,la tignasse,the hair
parachutiste,NOM,m,4.8,le parachutiste,the parachutist
yacht,NOM,m,4.79,le yacht,the yacht
adéquat,ADJ,,4.79,adéquat,adequate
bourrade,NOM,f,4.79,la bourrade,the shove
célébrité,NOM,f,4.79,la célébrité,the celebrity
embarcation,NOM,f,4.79,la embarcation,the boat
tisane,NOM,f,4.79,la tisane,the herbal tea
prosterner,VER,,4.7700000000000005,prosterner,prostrate
sucrer,VER,,4.76,sucrer,sweeten
troquer,VER,,4.75,troquer,to swap
métropolitain,ADJ,,4.74,métropolitain,metropolitan
débloquer,VER,,4.74,débloquer,unlock
flamand,NOM,m,4.74,le flamand,the Flemish
piailler,VER,,4.74,piailler,piailler
gommer,VER,,4.74,gommer,erase
auvergnat,NOM,m,4.74,le auvergnat,the auvergnat
escamoter,VER,,4.74,escamoter,to hide
émigré,NOM,m,4.74,le émigré,the emigrant
confidentiel,ADJ,,4.74,confidentiel,confidential
enculé,ADJ,,4.74,enculé,asshole
hétéroclite,ADJ,,4.73,hétéroclite,heterogeneous
gâté,ADJ,,4.73,gâté,spoiled
honnêtement,ADV,,4.73,honnêtement,honestly
leu,NOM,m,4.73,le leu,the sound
moribond,NOM,m,4.73,le moribond,the dying man
épopée,NOM,f,4.73,la épopée,the epic
décadence,NOM,f,4.73,la décadence,decadence
pernod,NOM,m,4.73,le pernod,the pernod
mirador,NOM,m,4.73,le mirador,the viewpoint
destiné,ADJ,,4.73,destiné,destined
candide,ADJ,,4.73,candide,candide
psychanalyse,NOM,f,4.73,la psychanalyse,psychoanalysis
icône,NOM,f,4.73,la icône,the icon
continuité,NOM,f,4.73,la continuité,continuity
hautement,ADV,,4.73,hautement,highly
bath,ADJ,,4.73,bath,bath
canton,NOM,m,4.73,le canton,the canton
intendant,NOM,m,4.73,le intendant,the steward
profusion,NOM,f,4.73,la profusion,the profusion
mousseline,NOM,f,4.73,la mousseline,muslin
truffe,NOM,f,4.73,la truffe,the scams
minutieusement,ADV,,4.73,minutieusement,meticulously
jacques,NOM,m,4.73,le jacques,the jacques
tresse,NOM,f,4.73,la tresse,the braid
onctueux,ADJ,,4.73,onctueux,smooth
yaourt,NOM,m,4.73,le yaourt,the yoghurt
ruée,NOM,f,4.73,la ruée,the rush
levée,NOM,f,4.73,la levée,the lifting
faction,NOM,f,4.73,la faction,the faction
recourir,VER,,4.73,recourir,to resort
admirablement,ADV,,4.73,admirablement,admirably
gouvernante,NOM,f,4.73,la gouvernante,the governess
rayonnage,NOM,m,4.73,le rayonnage,the shelving
morbide,ADJ,,4.73,morbide,soft
séculaire,ADJ,,4.73,séculaire,secular
pastis,NOM,m,4.73,le pastis,the pastis
volubile,ADJ,,4.73,volubile,fickle
antillais,NOM,m,4.73,le antillais,the West Indian
ho,ONO,,4.73,ho,to
grouillement,NOM,m,4.73,le grouillement,the swarming
eau-de-vie,NOM,f,4.73,la eau-de-vie,the brandy
ciné,NOM,m,4.73,le ciné,the cinema
denrée,NOM,f,4.73,la denrée,the commodity
rigoureusement,ADV,,4.73,rigoureusement,rigorously
pirogue,NOM,f,4.73,la pirogue,the canoe
malfrat,NOM,m,4.73,le malfrat,the crook
charcutier,NOM,m,4.73,le charcutier,the butcher
séquence,NOM,f,4.73,la séquence,the sequence
virgule,NOM,f,4.73,la virgule,the comma
panoplie,NOM,f,4.73,la panoplie,the panoply
mythologie,NOM,f,4.73,la mythologie,mythology
chenal,NOM,m,4.73,le chenal,the channel
désaffecté,ADJ,,4.73,désaffecté,disused
calotte,NOM,f,4.73,la calotte,the skullcap
maternité,NOM,f,4.73,la maternité,motherhood
lunaire,ADJ,,4.73,lunaire,lunar
nouille,NOM,f,4.73,la nouille,the noodle
administrateur,NOM,m,4.73,le administrateur,the administrator
incandescent,ADJ,,4.73,incandescent,incandescent
tors,ADJ,,4.73,tors,tors
came,NOM,f,4.73,la came,the meat
puissamment,ADV,,4.73,puissamment,powerfully
emprunt,NOM,m,4.73,le emprunt,the loan
alphabet,NOM,m,4.73,le alphabet,the alphabet
blâme,NOM,m,4.73,le blâme,the blame
austérité,NOM,f,4.73,la austérité,austerity
préalable,ADJ,,4.73,préalable,prior
frire,VER,,4.720000000000001,frire,fry
grouillant,ADJ,,4.72,grouillant,teeming
excepté,PRE,,4.72,excepté,except
ruser,VER,,4.71,ruser,drugs
instaurer,VER,,4.69,instaurer,to establish
gerber,VER,,4.69,gerber,gerber
picoler,VER,,4.69,picoler,picoler
resplendir,VER,,4.69,resplendir,to shine
enthousiasmer,VER,,4.69,enthousiasmer,to excite
dérouiller,VER,,4.69,dérouiller,to unrust
vénérer,VER,,4.680000000000001,vénérer,venerate
jauger,VER,,4.68,jauger,gauge
préposé,NOM,m,4.68,le préposé,the attendant
repriser,VER,,4.67,repriser,replays
démasquer,VER,,4.67,démasquer,unmask
fourrager,VER,,4.67,fourrager,forage
randonnée,NOM,f,4.67,la randonnée,the hiking
borné,ADJ,,4.67,borné,terminal
ventouse,NOM,f,4.67,la ventouse,the suction cup
bambin,NOM,m,4.67,le bambin,the little girls
collégien,NOM,m,4.67,le collégien,the schoolboy
reconnaissable,ADJ,,4.67,reconnaissable,recognizable
assiégé,ADJ,,4.67,assiégé,besieged
branlant,ADJ,,4.67,branlant,wobbly
masaï,NOM,m,4.67,le masaï,the masai
exigu,ADJ,,4.67,exigu,cramped
zigzaguer,VER,,4.67,zigzaguer,zigzaguer
savoyard,NOM,m,4.67,le savoyard,the savoyard
déferlement,NOM,m,4.67,le déferlement,the surge
buveur,NOM,m,4.67,le buveur,the drinker
tacite,ADJ,,4.67,tacite,tacit
attardé,ADJ,,4.67,attardé,delayed
vigilant,ADJ,,4.67,vigilant,vigilant
déchiqueté,ADJ,,4.67,déchiqueté,shredded
gueux,NOM,m,4.67,le gueux,the beggar
ingurgiter,VER,,4.67,ingurgiter,swallow
inquisition,NOM,f,4.67,la inquisition,the inquisition
dactylo,NOM,f,4.66,la dactylo,the typist
popeline,NOM,f,4.66,la popeline,poplin
saute,NOM,f,4.66,la saute,the jump
décès,NOM,m,4.66,le décès,death
solidité,NOM,f,4.66,la solidité,solidity
obtus,ADJ,,4.66,obtus,obtuse
cratère,NOM,m,4.66,le cratère,the crater
bonnement,ADV,,4.66,bonnement,good
inutilement,ADV,,4.66,inutilement,unnecessarily
amarre,NOM,f,4.66,la amarre,the mooring
sarcasme,NOM,m,4.66,le sarcasme,sarcasm
plonge,NOM,f,4.66,la plonge,the sink
emmerdement,NOM,m,4.66,le emmerdement,the annoyance
irrésistiblement,ADV,,4.66,irrésistiblement,irresistibly
antre,NOM,m,4.66,le antre,the cave
chevelu,ADJ,,4.66,chevelu,hairy
oral,NOM,m,4.66,le oral,the oral
encombré,ADJ,,4.66,encombré,cluttered
cohérent,ADJ,,4.66,cohérent,consistent
abattoir,NOM,m,4.66,le abattoir,the slaughterhouse
persécution,NOM,f,4.66,la persécution,persecution
acclamation,NOM,f,4.66,la acclamation,the cheer
chaton,NOM,m,4.66,le chaton,the kitten
outrager,VER,,4.66,outrager,outrager
tourisme,NOM,m,4.66,le tourisme,tourism
étain,NOM,m,4.66,le étain,the tin
vivace,ADJ,,4.66,vivace,lively
tac,NOM,m,4.66,le tac,the tac
fi,ONO,,4.66,fi,be
athée,NOM,m,4.66,le athée,the atheist
boussole,NOM,f,4.66,la boussole,the compass
chauve-souris,NOM,f,4.66,la chauve-souris,the bat (animal)
ostensiblement,ADV,,4.66,ostensiblement,ostentatiously
glande,NOM,f,4.66,la glande,the gland
piment,NOM,m,4.66,le piment,the pepper
bruissant,ADJ,,4.66,bruissant,rustling
prolongement,NOM,m,4.66,le prolongement,the extension
g,NOM,m,4.66,le g,and g
adaptation,NOM,f,4.66,la adaptation,the adaptation
débordant,ADJ,,4.66,débordant,overflowing
taupe,NOM,f,4.66,la taupe,the mole
perpétuellement,ADV,,4.66,perpétuellement,perpetually
sobre,ADJ,,4.66,sobre,on
grelot,NOM,m,4.66,le grelot,the bell
ring,NOM,m,4.66,le ring,the ring
langueur,NOM,f,4.66,la langueur,languor
bile,NOM,f,4.66,la bile,the bile
méditatif,ADJ,,4.65,méditatif,meditative
expirer,VER,,4.63,expirer,expire
engraisser,VER,,4.62,engraisser,to fatten
pécher,VER,,4.62,pécher,sin
pomper,VER,,4.62,pomper,pump
renfermer,VER,,4.62,renfermer,to enclose
réquisitionner,VER,,4.61,réquisitionner,requisition
mâchonner,VER,,4.61,mâchonner,to mash
chercheur,NOM,m,4.61,le chercheur,the researcher
ondulé,ADJ,,4.609999999999999,ondulé,corrugated
dormant,ADJ,,4.6000000000000005,dormant,dormant
incompréhension,NOM,f,4.6000000000000005,la incompréhension,the incomprehension
potager,NOM,m,4.6000000000000005,le potager,the vegetable garden
dévisser,VER,,4.6000000000000005,dévisser,unscrew
enchaînement,NOM,m,4.6000000000000005,le enchaînement,the chain
enjeu,NOM,m,4.6000000000000005,le enjeu,the stake
équatorial,ADJ,,4.6000000000000005,équatorial,equatorial
combe,NOM,f,4.6000000000000005,la combe,the valley
vendu,NOM,m,4.6000000000000005,le vendu,the sold
terroriser,VER,,4.6000000000000005,terroriser,terrorize
nageur,NOM,m,4.6000000000000005,le nageur,the swimmer
dérouter,VER,,4.6,dérouter,to confuse
archéologue,NOM,m,4.6,le archéologue,the archaeologist
pester,VER,,4.6,pester,pester
abonder,VER,,4.6,abonder,to abound
remplacement,NOM,m,4.6,le remplacement,the replacement
landau,NOM,m,4.6,le landau,the landau
bouilli,ADJ,,4.6,bouilli,boiled
décevant,ADJ,,4.6,décevant,disappointing
scout,ADJ,,4.6,scout,scout
traire,VER,,4.6,traire,feelings
amorce,NOM,f,4.6,la amorce,the primer
chimique,ADJ,,4.6,chimique,chemical
instance,NOM,f,4.6,la instance,the instance
funéraire,ADJ,,4.6,funéraire,funeral
enflammé,ADJ,,4.6,enflammé,inflamed
candeur,NOM,f,4.6,la candeur,candor
chromer,VER,,4.6,chromer,chromer
croiseur,NOM,m,4.6,le croiseur,the cruiser
modéré,ADJ,,4.6,modéré,moderate
écu,NOM,m,4.6,le écu,the shield
fâché,ADJ,,4.6,fâché,angry
dot,NOM,f,4.59,la dot,the dot
mutuellement,ADV,,4.59,mutuellement,mutually
apte,ADJ,,4.59,apte,apte
inflexible,ADJ,,4.59,inflexible,inflexible
flash,NOM,m,4.59,le flash,the flash
délabré,ADJ,,4.59,délabré,dilapidated
pénétrant,ADJ,,4.59,pénétrant,penetrating
patriarche,NOM,m,4.59,le patriarche,the patriarch
héréditaire,ADJ,,4.59,héréditaire,hereditary
lainage,NOM,m,4.59,le lainage,wool
prêcheur,NOM,m,4.59,le prêcheur,the preacher
cohésion,NOM,f,4.59,la cohésion,cohesion
grillon,NOM,m,4.59,le grillon,the cricket
fixé,ADJ,,4.59,fixé,fixed
führer,NOM,m,4.59,le führer,the leader
préau,NOM,m,4.59,le préau,the courtyard
séminaire,NOM,m,4.59,le séminaire,the seminar
caille,NOM,f,4.59,la caille,the quail
cambouis,NOM,m,4.59,le cambouis,the grease
rengaine,NOM,f,4.59,la rengaine,the refrain
demeuré,NOM,m,4.59,le demeuré,the retarded
vingt-sept,ADJ:num,,4.59,vingt-sept,twenty seven
présage,NOM,m,4.59,le présage,the omen
alcôve,NOM,f,4.59,la alcôve,the alcove
excursion,NOM,f,4.59,la excursion,the excursion
aptitude,NOM,f,4.59,la aptitude,the ability
liane,NOM,f,4.59,la liane,the liana
reléguer,VER,,4.5600000000000005,reléguer,relegate
converser,VER,,4.5600000000000005,converser,converse
cahoter,VER,,4.5600000000000005,cahoter,bump
humecter,VER,,4.55,humecter,moisten
tressauter,VER,,4.55,tressauter,tressauter
englober,VER,,4.55,englober,encompass
becter,VER,,4.55,becter,becter
fervent,ADJ,,4.54,fervent,fervent
chauvin,ADJ,,4.54,chauvin,chauvinist
désoeuvré,ADJ,,4.54,désoeuvré,idle
graisser,VER,,4.54,graisser,grease
mosaïque,NOM,f,4.53,la mosaïque,the mosaic
majuscule,NOM,f,4.53,la majuscule,in capital letters
macadam,NOM,m,4.53,le macadam,the tarmac
châtier,VER,,4.53,châtier,to punish
ruissellement,NOM,m,4.53,le ruissellement,the runoff
à l'improviste,ADV,,4.53,à l'improviste,unexpectedly
soufre,NOM,m,4.53,le soufre,sulfur
soixantaine,NOM,f,4.53,la soixantaine,sixties
institut,NOM,m,4.53,le institut,the institute
entassement,NOM,m,4.53,le entassement,the pileup
essaim,NOM,m,4.53,le essaim,the swarm
unisson,NOM,m,4.53,le unisson,the unison
profane,ADJ,,4.53,profane,profane
privation,NOM,f,4.53,la privation,deprivation
incroyablement,ADV,,4.53,incroyablement,incredibly
huitième,ADJ,,4.53,huitième,eighth
exagéré,ADJ,,4.53,exagéré,exaggerated
smoking,NOM,m,4.53,le smoking,le smoking
cohorte,NOM,f,4.53,la cohorte,the cohort
aumônier,NOM,m,4.53,le aumônier,the chaplain
moyennant,PRE,,4.53,moyennant,for
exploration,NOM,f,4.53,la exploration,the exploration
fébrilement,ADV,,4.53,fébrilement,feverishly
pâturage,NOM,m,4.53,le pâturage,the pasture
fidèlement,ADV,,4.53,fidèlement,faithfully
horriblement,ADV,,4.53,horriblement,horribly
éclaté,ADJ,,4.53,éclaté,burst
traîneau,NOM,m,4.53,le traîneau,the sleigh
miraculeusement,ADV,,4.53,miraculeusement,miraculously
généreusement,ADV,,4.53,généreusement,generously
varenne,NOM,f,4.53,la varenne,the varenne
rougeaud,ADJ,,4.53,rougeaud,red-haired
nourrisson,NOM,m,4.53,le nourrisson,the infant
sibérien,ADJ,,4.53,sibérien,Siberian
corrida,NOM,f,4.53,la corrida,the bullfight
vitreux,ADJ,,4.53,vitreux,glassy
impur,ADJ,,4.53,impur,impure
influencer,VER,,4.53,influencer,influencer
immortalité,NOM,f,4.53,la immortalité,immortality
abomination,NOM,f,4.53,la abomination,la abomination
franque,ADJ,,4.53,franque,frank
zef,NOM,m,4.53,le zef,and zef
rapiécer,VER,,4.53,rapiécer,patch up
condescendance,NOM,f,4.53,la condescendance,condescension
pub,NOM,f,4.53,la pub,the pub
formellement,ADV,,4.53,formellement,formally
cossu,ADJ,,4.53,cossu,whats up
consternation,NOM,f,4.53,la consternation,the dismay
plant,NOM,m,4.53,le plant,the plant
milliardaire,NOM,m,4.53,le milliardaire,the billionaire
funérailles,NOM,f,4.53,la funérailles,the funeral
naufragé,NOM,m,4.529999999999999,le naufragé,the castaway
doublure,NOM,f,4.529999999999999,la doublure,the lining
basse,NOM,f,4.529999999999999,la basse,the bass
doublement,ADV,,4.529999999999999,doublement,doubly
comptabilité,NOM,f,4.529999999999999,la comptabilité,accounting
portique,NOM,m,4.529999999999999,le portique,the portico
vaporeux,ADJ,,4.529999999999999,vaporeux,vaporous
atout,NOM,m,4.529999999999999,le atout,the asset
hargne,NOM,f,4.529999999999999,la hargne,the anger
originalité,NOM,f,4.529999999999999,la originalité,the originality
carrure,NOM,f,4.529999999999999,la carrure,the build
engrenage,NOM,m,4.5200000000000005,le engrenage,the gear
exode,NOM,m,4.5200000000000005,le exode,the exodus
scintillement,NOM,m,4.5200000000000005,le scintillement,the flicker
arabesque,NOM,f,4.52,la arabesque,the arabesque
stable,ADJ,,4.52,stable,stable
carrée,NOM,f,4.52,la carrée,the square
mandarine,NOM,f,4.52,la mandarine,mandarin orange
broc,NOM,m,4.52,le broc,the pitcher
dégrader,VER,,4.49,dégrader,degrade
empocher,VER,,4.49,empocher,pocket
râper,VER,,4.48,râper,grate
opiner,VER,,4.48,opiner,opinions
casqué,ADJ,,4.47,casqué,helmet
gisant,ADJ,,4.47,gisant,lying down
tabou,NOM,m,4.47,le tabou,the taboo
paître,VER,,4.47,paître,graze
voltiger,VER,,4.47,voltiger,to flutter
édenté,ADJ,,4.47,édenté,toothless
ragoût,NOM,m,4.46,le ragoût,the stew
cuillerée,NOM,f,4.46,la cuillerée,the spoonful
serpillière,NOM,f,4.46,la serpillière,the mop
ébène,NOM,f,4.46,la ébène,the ebony
escroc,NOM,m,4.46,le escroc,the crook
châssis,NOM,m,4.46,le châssis,the chassis
pessimiste,ADJ,,4.46,pessimiste,pessimistic
ledit,ADJ,,4.46,ledit,said
bicot,NOM,m,4.46,le bicot,the bicot
branchage,NOM,m,4.46,le branchage,the branching
civière,NOM,f,4.46,la civière,the stretcher
charbonneux,ADJ,,4.46,charbonneux,charcoal
indestructible,ADJ,,4.46,indestructible,indestructible
cuistot,NOM,m,4.46,le cuistot,the cook
jugé,NOM,m,4.46,le jugé,the judged
éloquence,NOM,f,4.46,la éloquence,eloquence
vote,NOM,m,4.46,le vote,the vote
guetteur,NOM,m,4.46,le guetteur,the lookout
significatif,ADJ,,4.46,significatif,significant
conteur,NOM,m,4.46,le conteur,the storyteller
trique,NOM,f,4.46,la trique,the stick
pluvieux,ADJ,,4.46,pluvieux,rainy
feignant,NOM,m,4.46,le feignant,the lazy one
aveuglement,NOM,m,4.46,le aveuglement,blindness
gobelet,NOM,m,4.46,le gobelet,the cup
guenille,NOM,f,4.46,la guenille,the rag
site,NOM,m,4.46,le site,the site
piteux,ADJ,,4.46,piteux,pitiful
porte-fenêtre,NOM,f,4.46,la porte-fenêtre,the French window
errance,NOM,f,4.46,la errance,the wandering
jeunot,NOM,m,4.46,le jeunot,the youngster
chuintement,NOM,m,4.46,le chuintement,the hiss
captivité,NOM,f,4.46,la captivité,captivity
jeûne,NOM,m,4.46,le jeûne,fasting
entraîneur,NOM,m,4.46,le entraîneur,the coach
affinité,NOM,f,4.46,la affinité,the affinity
aberration,NOM,f,4.46,la aberration,the aberration
archiduc,NOM,m,4.46,le archiduc,the archduke
raviver,VER,,4.46,raviver,revive
ecclésiastique,ADJ,,4.46,ecclésiastique,ecclesiastical
ineffable,ADJ,,4.46,ineffable,ineffable
projectile,NOM,m,4.46,le projectile,the projectiles
vitrer,VER,,4.46,vitrer,to glaze
exaspération,NOM,f,4.46,la exaspération,the exasperation
disgrâce,NOM,f,4.46,la disgrâce,disgrace
casse-croûte,NOM,m,4.46,le casse-croûte,the snack
menuisier,NOM,m,4.46,le menuisier,the carpenter
grenat,ADJ,,4.46,grenat,garnet
accomplissement,NOM,m,4.46,le accomplissement,the accomplishment
vermeil,NOM,m,4.46,le vermeil,the vermilion
fendu,ADJ,,4.46,fendu,doing
cruche,NOM,f,4.46,la cruche,the jug
soutenu,ADJ,,4.46,soutenu,supported
tracas,NOM,m,4.46,le tracas,the hassle
rétro,NOM,m,4.46,le rétro,the retro
irréprochable,ADJ,,4.46,irréprochable,irreproachable
archange,NOM,m,4.46,le archange,the archangel
ouïe,NOM,f,4.46,la ouïe,hearing
x,ADJ:num,,4.46,x,x
écoulement,NOM,m,4.46,le écoulement,the flow
croulant,ADJ,,4.46,croulant,crumbling
recréer,VER,,4.42,recréer,recreate
égaler,VER,,4.42,égaler,equal
égoutter,VER,,4.41,égoutter,drain
mutiler,VER,,4.41,mutiler,mutilate
peigner,VER,,4.41,peigner,comb
embrouille,NOM,f,4.4,la embrouille,the confusion
rasséréner,VER,,4.4,rasséréner,reassure
symptôme,NOM,m,4.4,le symptôme,the symptom
superstitieux,ADJ,,4.4,superstitieux,superstitious
arrogant,ADJ,,4.4,arrogant,arrogant
pétiller,VER,,4.4,pétiller,sparkle
fugace,ADJ,,4.4,fugace,fleeting
conventionnel,ADJ,,4.4,conventionnel,conventional
cardiaque,ADJ,,4.4,cardiaque,cardiac
vanner,VER,,4.4,vanner,waters
réputé,ADJ,,4.4,réputé,reputed
consteller,VER,,4.4,consteller,consteller
danois,NOM,m,4.4,le danois,Danish
vassal,NOM,m,4.4,le vassal,the vassal
mousqueton,NOM,m,4.4,le mousqueton,the carabiner
ouvrant,ADJ,,4.4,ouvrant,opening
fournisseur,NOM,m,4.4,le fournisseur,the supplier
avancée,NOM,f,4.390000000000001,la avancée,the advance
milice,NOM,f,4.390000000000001,la milice,the militia
bique,NOM,f,4.390000000000001,la bique,the goat
esquisse,NOM,f,4.390000000000001,la esquisse,the sketch
glaive,NOM,m,4.390000000000001,le glaive,the sword
toast,NOM,m,4.390000000000001,le toast,the toast
psaume,NOM,m,4.390000000000001,le psaume,the psalm
parloir,NOM,m,4.390000000000001,le parloir,the parlor
cahot,NOM,m,4.390000000000001,le cahot,le cahot
opulent,ADJ,,4.390000000000001,opulent,opulent
ressac,NOM,m,4.390000000000001,le ressac,the undertow
ordonné,ADJ,,4.390000000000001,ordonné,ordered
acceptation,NOM,f,4.390000000000001,la acceptation,the acceptance
enjoué,ADJ,,4.390000000000001,enjoué,playful
gin,NOM,m,4.390000000000001,le gin,the gins
contagieux,ADJ,,4.390000000000001,contagieux,contagious
fléau,NOM,m,4.390000000000001,le fléau,the scourge
frichti,NOM,m,4.390000000000001,le frichti,le frichti
sanatorium,NOM,m,4.390000000000001,le sanatorium,the sanatorium
irréparable,ADJ,,4.390000000000001,irréparable,irreparable
néfaste,ADJ,,4.390000000000001,néfaste,harmful
merdeux,NOM,m,4.390000000000001,le merdeux,the shit
déjouer,VER,,4.39,déjouer,foil
verset,NOM,m,4.39,le verset,the verse
maints,ADJ:ind,,4.39,maints,many
urbain,ADJ,,4.39,urbain,urban
villageois,NOM,m,4.39,le villageois,the villager
vautour,NOM,m,4.39,le vautour,the vulture
malicieux,ADJ,,4.39,malicieux,mischievous
paillasson,NOM,m,4.39,le paillasson,the door-mat
chômeur,NOM,m,4.39,le chômeur,the unemployed
magot,NOM,m,4.39,le magot,the loot
électronique,ADJ,,4.39,électronique,electronic
loquet,NOM,m,4.39,le loquet,the latch
déconcertant,ADJ,,4.39,déconcertant,disconcerting
initiation,NOM,f,4.39,la initiation,the initiation
considérablement,ADV,,4.39,considérablement,considerably
oxygène,NOM,m,4.39,le oxygène,oxygen
acceptable,ADJ,,4.39,acceptable,acceptable
électoral,ADJ,,4.39,électoral,electoral
forgeron,NOM,m,4.39,le forgeron,the blacksmith
cirage,NOM,m,4.39,le cirage,shoe polish
rivaliser,VER,,4.39,rivaliser,compete
sacristie,NOM,f,4.39,la sacristie,the sacristy
modestement,ADV,,4.39,modestement,modestly
ambre,NOM,m,4.39,le ambre,the amber
tolérance,NOM,f,4.39,la tolérance,tolerance
mobilisation,NOM,f,4.39,la mobilisation,mobilization
guitariste,NOM,m,4.39,le guitariste,the guitarist
vôtres,PRO:pos,,4.39,vôtres,yours
ridiculiser,VER,,4.36,ridiculiser,ridicule
avorter,VER,,4.36,avorter,abort
mastiquer,VER,,4.3500000000000005,mastiquer,chew
ceindre,VER,,4.35,ceindre,ceindre
teindre,VER,,4.35,teindre,to dye
frimer,VER,,4.34,frimer,show off
décarrer,VER,,4.34,décarrer,to unsquare
exiler,VER,,4.34,exiler,exile
rabâcher,VER,,4.34,rabâcher,to repeat
poudrer,VER,,4.34,poudrer,powder
remarier,VER,,4.34,remarier,remarry
matérialiser,VER,,4.34,matérialiser,materialize
éterniser,VER,,4.34,éterniser,to eternalize
ronchonner,VER,,4.34,ronchonner,ronchonner
contaminer,VER,,4.33,contaminer,contaminate
oseille,NOM,f,4.33,la oseille,sorrel
athlète,NOM,m,4.33,le athlète,the athlete
épousseter,VER,,4.33,épousseter,dust off
fluet,ADJ,,4.33,fluet,will flow
mutation,NOM,f,4.33,la mutation,the mutation
saturer,VER,,4.33,saturer,saturate
condoléance,NOM,f,4.33,la condoléance,condolence
charrue,NOM,f,4.33,la charrue,the plough
tassé,ADJ,,4.33,tassé,cup
brouillé,ADJ,,4.33,brouillé,scrambled
torride,ADJ,,4.33,torride,torrid
jargon,NOM,m,4.33,le jargon,the jargon
ingénieux,ADJ,,4.33,ingénieux,ingenious
mitard,NOM,m,4.33,le mitard,the solitary confinement
masure,NOM,f,4.33,la masure,the hovel
découragé,ADJ,,4.33,découragé,discouraged
brusquerie,NOM,f,4.33,la brusquerie,abruptness
surhumain,ADJ,,4.33,surhumain,superhuman
paralysie,NOM,f,4.33,la paralysie,paralysis
cavale,NOM,f,4.33,la cavale,the escape
émilien,NOM,m,4.33,le émilien,the emilian
aigreur,NOM,f,4.33,la aigreur,the bitterness
statistique,NOM,f,4.33,la statistique,statistics
cabosser,VER,,4.33,cabosser,dent
dépourvu,ADJ,,4.33,dépourvu,devoid
irradier,VER,,4.33,irradier,irradiate
intégrité,NOM,f,4.33,la intégrité,integrity
enhardir,VER,,4.33,enhardir,enhardir
alouette,NOM,f,4.32,la alouette,the lark
casbah,NOM,f,4.32,la casbah,the casbah
collectionneur,NOM,m,4.32,le collectionneur,the collector
là-dessous,ADV,,4.32,là-dessous,down there
humilié,ADJ,,4.32,humilié,humiliated
emblème,NOM,m,4.32,le emblème,the emblem
diagonale,NOM,f,4.32,la diagonale,the diagonal
dûment,ADV,,4.32,dûment,duly
adverse,ADJ,,4.32,adverse,adverse
saignant,ADJ,,4.32,saignant,bleeding
fossette,NOM,f,4.32,la fossette,the dimples
music-hall,NOM,m,4.32,le music-hall,le music-hall
déterminé,ADJ,,4.32,déterminé,determined
bastille,NOM,f,4.32,la bastille,the bastille
cuve,NOM,f,4.32,la cuve,the tank
paravent,NOM,m,4.32,le paravent,the screen
poterie,NOM,f,4.32,la poterie,pottery
christianisme,NOM,m,4.32,le christianisme,Christianity
posthume,ADJ,,4.32,posthume,posthumous
nuptial,ADJ,,4.32,nuptial,nuptial
fourreau,NOM,m,4.32,le fourreau,the sheath
laïque,ADJ,,4.32,laïque,secular
optique,NOM,f,4.32,la optique,the optics
a priori,ADV,,4.32,a priori,a priori
printanier,ADJ,,4.32,printanier,spring
serpe,NOM,f,4.32,la serpe,the snake
dispersé,ADJ,,4.32,dispersé,scattered
ciller,VER,,4.32,ciller,blink
aluminium,NOM,m,4.32,le aluminium,aluminum
hébreu,NOM,m,4.32,le hébreu,the hebrew
décent,ADJ,,4.32,décent,decent
inespéré,ADJ,,4.32,inespéré,unexpected
natif,ADJ,,4.32,natif,native
branle,NOM,m,4.32,le branle,the shake
insondable,ADJ,,4.32,insondable,fathomless
irritant,ADJ,,4.319999999999999,irritant,irritant
exaucer,VER,,4.29,exaucer,to grant
militer,VER,,4.29,militer,military
insérer,VER,,4.28,insérer,insert
déporter,VER,,4.28,déporter,deport
divertir,VER,,4.2700000000000005,divertir,have fun
gratifier,VER,,4.2700000000000005,gratifier,to reward
éventer,VER,,4.2700000000000005,éventer,annual
aviver,VER,,4.2700000000000005,aviver,to revive
tondre,VER,,4.2700000000000005,tondre,mow
exulter,VER,,4.2700000000000005,exulter,joyfully
mercier,NOM,m,4.2700000000000005,le mercier,the haberdasher
martial,ADJ,,4.27,martial,martial
consterner,VER,,4.27,consterner,consterner
mutuel,ADJ,,4.27,mutuel,mutual
torturé,ADJ,,4.27,torturé,torture
victuaille,NOM,f,4.260000000000001,la victuaille,the food
reich,NOM,m,4.26,le reich,le reich
campeur,NOM,m,4.26,le campeur,the camper
conformément,ADV,,4.26,conformément,in accordance with
promiscuité,NOM,f,4.26,la promiscuité,promiscuity
strier,VER,,4.26,strier,strier
enfermé,ADJ,,4.26,enfermé,locked up
chambranle,NOM,m,4.26,le chambranle,the doorframe
dénudé,ADJ,,4.26,dénudé,bare
bramer,VER,,4.26,bramer,bramer
gencive,NOM,f,4.26,la gencive,the gum
marmaille,NOM,f,4.26,la marmaille,the kids
vingtième,ADJ,,4.26,vingtième,twentieth
civilisé,ADJ,,4.26,civilisé,civilized
rétif,ADJ,,4.26,rétif,rebellious
zonard,NOM,m,4.26,le zonard,the zonard
ordinateur,NOM,m,4.26,le ordinateur,the computer
pompeux,ADJ,,4.26,pompeux,pompous
mouron,NOM,m,4.26,le mouron,the chickweed
pommeau,NOM,m,4.26,le pommeau,the knob
médiéval,ADJ,,4.26,médiéval,medieval
navré,ADJ,,4.26,navré,sorry [formal]
cargaison,NOM,f,4.26,la cargaison,the cargo
murette,NOM,f,4.26,la murette,the wall
convaincant,ADJ,,4.26,convaincant,convincing
déguisé,ADJ,,4.26,déguisé,disguised
intimement,ADV,,4.26,intimement,intimately
rance,ADJ,,4.26,rance,rance
modification,NOM,f,4.26,la modification,the modification
voyeur,NOM,m,4.26,le voyeur,the voyeur
utilisation,NOM,f,4.26,la utilisation,the use
glycine,NOM,f,4.26,la glycine,la glycine
apothéose,NOM,f,4.26,la apothéose,the apotheosis
châtelain,NOM,m,4.26,le châtelain,the lord of the castle
légionnaire,NOM,m,4.26,le légionnaire,the legionnaire
déférence,NOM,f,4.26,la déférence,deference
éternuer,VER,,4.26,éternuer,sneeze
incursion,NOM,f,4.26,la incursion,the incursion
microbe,NOM,m,4.26,le microbe,the microbe
divaguer,VER,,4.26,divaguer,to wander
respectivement,ADV,,4.26,respectivement,respectively
glissade,NOM,f,4.26,la glissade,the slide
grand-oncle,NOM,m,4.26,le grand-oncle,the great uncle
méthodiquement,ADV,,4.26,méthodiquement,methodically
bénit,ADJ,,4.26,bénit,blessed
régisseur,NOM,m,4.26,le régisseur,the director
mésaventure,NOM,f,4.26,la mésaventure,the mishap
aérodrome,NOM,m,4.26,le aérodrome,the aerodrome
livrée,NOM,f,4.26,la livrée,the livery
caviar,NOM,m,4.26,le caviar,the caviar
puni,ADJ,,4.26,puni,around
caressant,ADJ,,4.25,caressant,caressing
spacieux,ADJ,,4.25,spacieux,spacious
fumet,NOM,m,4.25,le fumet,the aroma
spongieux,ADJ,,4.25,spongieux,spongy
énervé,ADJ,,4.25,énervé,irritated
plaquette,NOM,f,4.25,la plaquette,the plate
encrier,NOM,m,4.25,le encrier,the inkwell
canadien,ADJ,,4.25,canadien,canadian
oeuvrer,VER,,4.25,oeuvrer,to work
sous-off,NOM,m,4.25,le sous-off,the non-commissioned officer
rebut,NOM,m,4.25,le rebut,the waste
injonction,NOM,f,4.25,la injonction,the injunction
bienfait,NOM,m,4.25,le bienfait,the benefit
huileux,ADJ,,4.25,huileux,oily
dignitaire,NOM,m,4.25,le dignitaire,the dignitary
liqueur,NOM,f,4.25,la liqueur,the liquor
ensanglanté,ADJ,,4.25,ensanglanté,bloodied
cramoisi,ADJ,,4.25,cramoisi,crimson
dialectique,NOM,f,4.25,la dialectique,the dialectic
complaire,VER,,4.220000000000001,complaire,to please
moduler,VER,,4.22,moduler,modules
amenuiser,VER,,4.22,amenuiser,to diminish
savonner,VER,,4.22,savonner,soap
redemander,VER,,4.22,redemander,ask again
supputer,VER,,4.21,supputer,to guess
hypnotiser,VER,,4.21,hypnotiser,hypnotize
dépeindre,VER,,4.21,dépeindre,depict
engoncer,VER,,4.21,engoncer,to squeeze
prévenu,NOM,m,4.2,le prévenu,the accused
accoster,VER,,4.2,accoster,to dock
départir,VER,,4.2,départir,to leave
darder,VER,,4.2,darder,darder
affilé,ADJ,,4.2,affilé,sharp
déblayer,VER,,4.2,déblayer,clear
agaçant,ADJ,,4.2,agaçant,annoying
consolider,VER,,4.2,consolider,consolidate
navrer,VER,,4.2,navrer,navrer
annexe,NOM,f,4.199999999999999,la annexe,the annex
graffiti,NOM,m,4.19,le graffiti,the graffiti
bandoulière,NOM,f,4.19,la bandoulière,the shoulder strap
vorace,ADJ,,4.19,vorace,voracious
invite,NOM,f,4.19,la invite,the invite
dispersion,NOM,f,4.19,la dispersion,The scatter
califourchon,ADV,,4.19,califourchon,straddle
inlassable,ADJ,,4.19,inlassable,tireless
corbillard,NOM,m,4.19,le corbillard,the hearse
alimentation,NOM,f,4.19,la alimentation,the power supply
différemment,ADV,,4.19,différemment,differently
exceptionnellement,ADV,,4.19,exceptionnellement,exceptionally
merle,NOM,m,4.19,le merle,the blackbird
embarquement,NOM,m,4.19,le embarquement,the boarding
remiser,VER,,4.19,remiser,to put away
comblé,ADJ,,4.19,comblé,filled
métèque,NOM,m,4.19,le métèque,the foreigner
ennuyé,ADJ,,4.19,ennuyé,annoyed
démesurément,ADV,,4.19,démesurément,excessively
irrémédiablement,ADV,,4.19,irrémédiablement,irremediably
ouragan,NOM,m,4.19,le ouragan,the hurricane
disposé,ADJ,,4.19,disposé,arranged
théologie,NOM,f,4.19,la théologie,theology
mordant,ADJ,,4.19,mordant,mordant
persécuter,VER,,4.19,persécuter,persecute
gentleman,NOM,m,4.19,le gentleman,and gentleman
reconstruction,NOM,f,4.19,la reconstruction,la reconstruction
improvisé,ADJ,,4.19,improvisé,improvised
systématiquement,ADV,,4.19,systématiquement,systematically
réalisation,NOM,f,4.19,la réalisation,the realization
piètre,ADJ,,4.19,piètre,poor
coiffé,ADJ,,4.19,coiffé,cap
clébard,NOM,m,4.19,le clébard,the mutt
infortune,NOM,f,4.19,la infortune,misfortune
proclamation,NOM,f,4.19,la proclamation,the proclamation
belote,NOM,f,4.19,la belote,belote
proverbe,NOM,m,4.19,le proverbe,the proverb
motocyclette,NOM,f,4.19,la motocyclette,the motorcycle
banderole,NOM,f,4.19,la banderole,the banner
auditoire,NOM,m,4.19,le auditoire,the audience
boudeur,ADJ,,4.19,boudeur,sulky
carcan,NOM,m,4.19,le carcan,the straitjacket
dominant,ADJ,,4.19,dominant,dominant
philosophique,ADJ,,4.19,philosophique,philosophical
impudeur,NOM,f,4.19,la impudeur,shamelessness
phoque,NOM,m,4.19,le phoque,the seal
caste,NOM,f,4.19,la caste,to caste
secte,NOM,f,4.19,la secte,the sect
turbin,NOM,m,4.19,le turbin,the turbines
illumination,NOM,f,4.19,la illumination,la illumination
buffle,NOM,m,4.19,le buffle,the buffalo
effigie,NOM,f,4.19,la effigie,the effigy
bâillement,NOM,m,4.19,le bâillement,yawning
mythique,ADJ,,4.19,mythique,mythical
encoignure,NOM,f,4.19,la encoignure,the corner
exsangue,ADJ,,4.19,exsangue,bloodless
rubis,NOM,m,4.19,le rubis,the ruby
éprouvé,ADJ,,4.19,éprouvé,proven
inexorable,ADJ,,4.19,inexorable,inexorable
performance,NOM,f,4.19,la performance,the performance
écouteur,NOM,m,4.19,le écouteur,the listener
chevauchée,NOM,f,4.19,la chevauchée,the ride
pastel,ADJ,,4.19,pastel,pastel
opérette,NOM,f,4.19,la opérette,the operetta
biblique,ADJ,,4.19,biblique,biblical
angoissant,ADJ,,4.19,angoissant,distressing
reconnu,ADJ,,4.180000000000001,reconnu,recognized
langouste,NOM,f,4.18,la langouste,lobster
ravagé,ADJ,,4.18,ravagé,ravaged
pulsation,NOM,f,4.18,la pulsation,the pulsation
pelotonner,VER,,4.16,pelotonner,platoon
corrompre,VER,,4.15,corrompre,corrupt
piloter,VER,,4.15,piloter,to drive
aérer,VER,,4.15,aérer,to air
maltraiter,VER,,4.140000000000001,maltraiter,mistreat
nécessiter,VER,,4.140000000000001,nécessiter,require
emmitoufler,VER,,4.140000000000001,emmitoufler,wrap up
captiver,VER,,4.140000000000001,captiver,captivate
dévaster,VER,,4.14,dévaster,devastate
moufter,VER,,4.13,moufter,gloves
farfouiller,VER,,4.13,farfouiller,rummage
échassier,NOM,m,4.13,le échassier,the wader
flinguer,VER,,4.13,flinguer,shoot
décoratif,ADJ,,4.13,décoratif,decorative
cuite,NOM,f,4.13,la cuite,the cooking
découler,VER,,4.13,découler,to flow
magicien,NOM,m,4.13,le magicien,the magician
floraison,NOM,f,4.13,la floraison,the flowering
nationaliste,ADJ,,4.13,nationaliste,nationalist
matou,NOM,m,4.13,le matou,ours
affectionner,VER,,4.13,affectionner,to like
pique-nique,NOM,m,4.13,le pique-nique,the picnic
enchanteur,NOM,m,4.13,le enchanteur,the enchanter
géranium,NOM,m,4.13,le géranium,geranium
métis,NOM,m,4.13,le métis,the half-breed
bridge,NOM,m,4.13,le bridge,the bridge
immigré,NOM,m,4.13,le immigré,the immigrant
bavure,NOM,f,4.12,la bavure,the burr
chemisette,NOM,f,4.12,la chemisette,the shirt
lerche,ADV,,4.12,lerche,lark
bonhomie,NOM,f,4.12,la bonhomie,good nature
quatre-vingt-dix,ADJ:num,,4.12,quatre-vingt-dix,ninety
remémorer,VER,,4.12,remémorer,remember
galaxie,NOM,f,4.12,la galaxie,the galaxy
hilarité,NOM,f,4.12,la hilarité,hilarity
durci,ADJ,,4.12,durci,hardened
insidieux,ADJ,,4.12,insidieux,insidious
raidillon,NOM,m,4.12,le raidillon,the steep slope
ramure,NOM,f,4.12,la ramure,the antlers
discourir,VER,,4.12,discourir,to speak
contrarié,ADJ,,4.12,contrarié,upset
treillis,NOM,m,4.12,le treillis,the lattice
bananier,NOM,m,4.12,le bananier,the banana tree
rieux,ADJ,,4.12,rieux,laughing
atome,NOM,m,4.12,le atome,the atom
terroriste,NOM,m,4.12,le terroriste,the terrorist
allocution,NOM,f,4.12,la allocution,the speech
neigeux,ADJ,,4.12,neigeux,snowy
betterave,NOM,f,4.12,la betterave,beetroot
gravats,NOM,m,4.12,le gravats,the rubble
embuscade,NOM,f,4.12,la embuscade,the ambush
faisan,NOM,m,4.12,le faisan,the pheasant
amicalement,ADV,,4.12,amicalement,friendly
hygiénique,ADJ,,4.12,hygiénique,hygienic
bouché,ADJ,,4.12,bouché,mouth
acrobate,NOM,m,4.12,le acrobate,the acrobat
escalade,NOM,f,4.12,la escalade,the climbing
brodequin,NOM,m,4.12,le brodequin,the boot
tornade,NOM,f,4.12,la tornade,to tornadoes
concombre,NOM,m,4.12,le concombre,the cucumber
arrière-grand-père,NOM,m,4.12,le arrière-grand-père,the great-grandfather
concentrique,ADJ,,4.12,concentrique,concentric
punk,NOM,m,4.12,le punk,the punk
amont,NOM,m,4.12,le amont,the upstream
chandelier,NOM,m,4.12,le chandelier,the candlestick
récipient,NOM,m,4.12,le récipient,the container
clignotant,NOM,m,4.12,le clignotant,the indicator
reliure,NOM,f,4.12,la reliure,the binding
proprio,NOM,m,4.12,le proprio,the very
corail,NOM,m,4.12,le corail,coral
édifiant,ADJ,,4.11,édifiant,uplifting
orageux,ADJ,,4.11,orageux,stormy
annuel,ADJ,,4.11,annuel,annual
fastidieux,ADJ,,4.109999999999999,fastidieux,tedious
décocher,VER,,4.08,décocher,uncheck
exterminer,VER,,4.08,exterminer,exterminate
stimuler,VER,,4.08,stimuler,stimulate
toulousain,NOM,m,4.07,le toulousain,the toulousain
étayer,VER,,4.07,étayer,support
retaper,VER,,4.07,retaper,retype
distiller,VER,,4.07,distiller,distiller
choper,VER,,4.07,choper,to catch
brusquer,VER,,4.07,brusquer,to rush
reluire,VER,,4.07,reluire,shine
lacérer,VER,,4.07,lacérer,lacerate
repêcher,VER,,4.07,repêcher,to fish out
colon,NOM,m,4.0600000000000005,le colon,the colon
apéro,NOM,m,4.0600000000000005,le apéro,the aperitif
balancier,NOM,m,4.0600000000000005,le balancier,the pendulum
plongeon,NOM,m,4.0600000000000005,le plongeon,the dive
tirade,NOM,f,4.0600000000000005,la tirade,count
carrosse,NOM,m,4.0600000000000005,le carrosse,the carriage
mécano,NOM,m,4.0600000000000005,le mécano,the mechanic
intendance,NOM,f,4.0600000000000005,la intendance,the stewardship
répression,NOM,f,4.0600000000000005,la répression,repression
importun,ADJ,,4.0600000000000005,importun,importun
prodigue,ADJ,,4.0600000000000005,prodigue,prodigal
grenadier,NOM,m,4.0600000000000005,le grenadier,the pomegranate tree
ambiant,ADJ,,4.06,ambiant,ambient
insipide,ADJ,,4.06,insipide,tasteless
ininterrompu,ADJ,,4.06,ininterrompu,uninterrupted
pseudonyme,NOM,m,4.06,le pseudonyme,the pseudonym
entretenu,ADJ,,4.06,entretenu,maintained
stature,NOM,f,4.06,la stature,the height
éther,NOM,m,4.06,le éther,the ether
foireux,ADJ,,4.06,foireux,lousy
inculquer,VER,,4.06,inculquer,to instill
monocle,NOM,m,4.06,le monocle,the monocle
bouleau,NOM,m,4.06,le bouleau,the birch
bienfaisant,ADJ,,4.06,bienfaisant,beneficial
galopin,NOM,m,4.06,le galopin,the rascal
friandise,NOM,f,4.06,la friandise,the treat
assorti,ADJ,,4.06,assorti,assorted
idéologie,NOM,f,4.050000000000001,la idéologie,the ideology
agresseur,NOM,m,4.050000000000001,le agresseur,the aggressor
portemanteau,NOM,m,4.050000000000001,le portemanteau,the coat rack
affrontement,NOM,m,4.050000000000001,le affrontement,the clash
altesse,NOM,f,4.050000000000001,la altesse,the highness
orifice,NOM,m,4.050000000000001,le orifice,orifices
guéri,ADJ,,4.050000000000001,guéri,cured
cache,NOM,f,4.050000000000001,la cache,the cache
parure,NOM,f,4.050000000000001,la parure,the adornment
aboutissement,NOM,m,4.05,le aboutissement,the outcome
hébétude,NOM,f,4.05,la hébétude,the daze
box,NOM,m,4.05,le box,the box
somnolent,ADJ,,4.05,somnolent,sleepy
vergogne,NOM,f,4.05,la vergogne,shame
cotte,NOM,f,4.05,la cotte,the cooked
farouchement,ADV,,4.05,farouchement,fiercely
dénouement,NOM,m,4.05,le dénouement,the outcome
dictée,NOM,f,4.05,la dictée,the dictation
pompiste,NOM,m,4.05,le pompiste,the gas station attendant
studieux,ADJ,,4.05,studieux,studious
grès,NOM,m,4.05,le grès,sandstone
prestement,ADV,,4.05,prestement,quickly
uniformément,ADV,,4.05,uniformément,uniformly
clodo,NOM,m,4.05,le clodo,the tramp
marxiste,ADJ,,4.05,marxiste,Marxist
érection,NOM,f,4.05,la érection,the erection
glas,NOM,m,4.05,le glas,the bell
cochonnerie,NOM,f,4.05,la cochonnerie,the filth
répandu,ADJ,,4.05,répandu,widespread
centenaire,ADJ,,4.05,centenaire,centenary
outre-mer,ADV,,4.05,outre-mer,overseas
mécontentement,NOM,m,4.05,le mécontentement,discontent
pimpant,ADJ,,4.05,pimpant,dapper
moignon,NOM,m,4.05,le moignon,the stump
novice,NOM,m,4.05,le novice,The Novice
jointure,NOM,f,4.05,la jointure,the joint
rouage,NOM,m,4.05,le rouage,the cog
fatidique,ADJ,,4.05,fatidique,fateful
désapprouver,VER,,4.03,désapprouver,disapprove
bâcler,VER,,4.0200000000000005,bâcler,botch
converger,VER,,4.01,converger,converge
rider,VER,,4.0,rider,rider
recharger,VER,,4.0,recharger,reload
soufflé,ADJ,,4.0,soufflé,soufflé
accaparer,VER,,4.0,accaparer,to monopolize
brochure,NOM,f,3.99,la brochure,the brochure
enfanter,VER,,3.99,enfanter,to give birth
bourgade,NOM,f,3.99,la bourgade,the village
contrariété,NOM,f,3.99,la contrariété,the annoyance
dorure,NOM,f,3.99,la dorure,gilding
caca,ADJ,,3.99,caca,gambling
dock,NOM,m,3.99,le dock,the dock
siamois,NOM,m,3.99,le siamois,the Siamese
centième,ADJ,,3.99,centième,hundredth
comprimer,VER,,3.99,comprimer,compress
lampion,NOM,m,3.99,le lampion,the lantern
maigreur,NOM,f,3.99,la maigreur,thinness
surin,NOM,m,3.99,le surin,the shiv
servi,ADJ,,3.99,servi,served
instantané,ADJ,,3.99,instantané,instant
rapace,NOM,m,3.99,le rapace,the bird of prey
pôle,NOM,m,3.99,le pôle,the pole
percée,NOM,f,3.99,la percée,the breakthrough
plombier,NOM,m,3.99,le plombier,the plumber
dégoulinant,ADJ,,3.99,dégoulinant,dripping
aval,NOM,m,3.99,le aval,the aval
daller,VER,,3.99,daller,dallas
argenter,VER,,3.99,argenter,silversmith
éboulis,NOM,m,3.99,le éboulis,the scree
suffrage,NOM,m,3.99,le suffrage,the suffrage
romance,NOM,f,3.99,la romance,romance
grenadine,NOM,f,3.99,la grenadine,grenadine
cidre,NOM,m,3.99,le cidre,the cider
tréteau,NOM,m,3.99,le tréteau,the trestle
caniche,NOM,m,3.99,le caniche,the poodle
dévot,NOM,m,3.99,le dévot,the devotee
bibine,NOM,f,3.99,la bibine,be there
patelin,NOM,m,3.99,le patelin,the village
livreur,NOM,m,3.99,le livreur,the delivery man
cloquer,VER,,3.99,cloquer,bell tower
brochet,NOM,m,3.99,le brochet,the pike
brocart,NOM,m,3.99,le brocart,brocade
dépens,NOM,m,3.99,le dépens,the costs
veilleur,NOM,m,3.99,le veilleur,the watchman
hérédité,NOM,f,3.99,la hérédité,heredity
vasque,NOM,f,3.99,la vasque,the basin
attirail,NOM,m,3.99,le attirail,the gear
speaker,NOM,m,3.99,le speaker,the speaker
savate,NOM,f,3.99,la savate,the slipper
batteur,NOM,m,3.99,le batteur,the drummer
incapacité,NOM,f,3.99,la incapacité,the inability
étonnamment,ADV,,3.99,étonnamment,surprisingly
attendrissant,ADJ,,3.99,attendrissant,touching
tendon,NOM,m,3.99,le tendon,the tendon
tronçon,NOM,m,3.99,le tronçon,the section
interstice,NOM,m,3.99,le interstice,the gap
croissance,NOM,f,3.99,la croissance,growth
insignifiance,NOM,f,3.99,la insignifiance,the insignificance
suffisance,NOM,f,3.99,la suffisance,sufficiency
étranglé,ADJ,,3.99,étranglé,strangled
indicateur,NOM,m,3.99,le indicateur,the indicator
excrément,NOM,m,3.99,le excrément,the excrement
bélier,NOM,m,3.99,le bélier,the ram
argenterie,NOM,f,3.99,la argenterie,the silverware
exubérance,NOM,f,3.99,la exubérance,the exuberance
ponton,NOM,m,3.98,le ponton,the pontoon
irrépressible,ADJ,,3.98,irrépressible,irrepressible
augmentation,NOM,f,3.98,la augmentation,the increase
boniment,NOM,m,3.98,le boniment,the spiel
appréciation,NOM,f,3.98,la appréciation,the appreciation
clergé,NOM,m,3.98,le clergé,the clergy
bave,NOM,f,3.98,la bave,I left.
frappé,ADJ,,3.98,frappé,struck
râpé,ADJ,,3.98,râpé,grated
lancée,NOM,f,3.98,la lancée,the launch
embouchure,NOM,f,3.98,la embouchure,the mouthpiece
contremaître,NOM,m,3.98,le contremaître,the foreman
resurgir,VER,,3.95,resurgir,resurface
écumer,VER,,3.95,écumer,to skim
rechigner,VER,,3.95,rechigner,to balk
vociférer,VER,,3.94,vociférer,to shout
intimer,VER,,3.93,intimer,more intimate
cordonnier,NOM,m,3.93,le cordonnier,the shoemaker
neiger,VER,,3.93,neiger,snow
singer,VER,,3.93,singer,singer
recoudre,VER,,3.93,recoudre,to sew
carnassier,NOM,m,3.93,le carnassier,the carnivore
tenailler,VER,,3.93,tenailler,to pinch
sablonneux,ADJ,,3.93,sablonneux,sandy
sacristain,NOM,m,3.93,le sacristain,the sacristan
penseur,NOM,m,3.93,le penseur,the thinker
assaillant,NOM,m,3.93,le assaillant,the assailant
saisi,ADJ,,3.92,saisi,would get
coffre-fort,NOM,m,3.92,le coffre-fort,the safe
réticent,ADJ,,3.92,réticent,reluctant
plausible,ADJ,,3.92,plausible,plausible
blasé,ADJ,,3.92,blasé,blasé
accouchement,NOM,m,3.92,le accouchement,childbirth
ruiné,ADJ,,3.92,ruiné,ruin
damnation,NOM,f,3.92,la damnation,damnation
abreuvoir,NOM,m,3.92,le abreuvoir,the watering hole
appât,NOM,m,3.92,le appât,the bait
exclusion,NOM,f,3.92,la exclusion,exclusion
surréaliste,ADJ,,3.92,surréaliste,surrealist
losange,NOM,m,3.92,le losange,the diamond
abject,ADJ,,3.92,abject,abject
bouffi,ADJ,,3.92,bouffi,puffy
brancardier,NOM,m,3.92,le brancardier,the stretcher-bearer
andalou,ADJ,,3.92,andalou,Andalusian
autoritaire,ADJ,,3.92,autoritaire,authoritarian
éperdre,VER,,3.92,éperdre,to lose
crispation,NOM,f,3.92,la crispation,the tension
boudoir,NOM,m,3.92,le boudoir,the boudoir
regorger,VER,,3.92,regorger,to overflow
pompon,NOM,m,3.92,le pompon,the pompom
muguet,NOM,m,3.92,le muguet,lily of the valley
gigot,NOM,m,3.92,le gigot,the leg of lamb
réminiscence,NOM,f,3.92,la réminiscence,the reminiscence
harnais,NOM,m,3.92,le harnais,the harness
méduse,NOM,f,3.92,la méduse,the jellyfish
chasteté,NOM,f,3.92,la chasteté,chastity
savonnette,NOM,f,3.92,la savonnette,the soap
illimité,ADJ,,3.92,illimité,unlimited
rejeton,NOM,m,3.92,le rejeton,the offspring
symétrique,ADJ,,3.92,symétrique,symmetrical
fécond,ADJ,,3.92,fécond,fruitful
introuvable,ADJ,,3.92,introuvable,not found
chiche,ADJ,,3.92,chiche,dare
fournil,NOM,m,3.92,le fournil,the bakery
conversion,NOM,f,3.92,la conversion,The conversion
étouffement,NOM,m,3.92,le étouffement,the suffocation
tourelle,NOM,f,3.92,la tourelle,the turret
gazelle,NOM,f,3.92,la gazelle,the gazelle
maquette,NOM,f,3.92,la maquette,the model
spéculation,NOM,f,3.92,la spéculation,speculation
calomnie,NOM,f,3.92,la calomnie,to slander
dénuement,NOM,m,3.92,le dénuement,destitution
toupie,NOM,f,3.92,la toupie,the spinning top
der,NOM,m,3.92,le der,the last
passionnel,ADJ,,3.92,passionnel,passionate
fine,NOM,f,3.92,la fine,the end
inexorablement,ADV,,3.92,inexorablement,inexorably
aristocrate,NOM,m,3.92,le aristocrate,the aristocrat
larve,NOM,f,3.92,la larve,the larva
pincement,NOM,m,3.92,le pincement,the pinch
avènement,NOM,m,3.92,le avènement,the advent
perpétuer,VER,,3.92,perpétuer,perpetuate
môle,NOM,m,3.92,le môle,the mole
poissonnière,NOM,f,3.92,la poissonnière,the fishmonger
aristocratie,NOM,f,3.92,la aristocratie,the aristocracy
poker,NOM,m,3.92,le poker,poker
entaille,NOM,f,3.92,la entaille,the notch
frissonnant,ADJ,,3.92,frissonnant,shivering
frondaison,NOM,f,3.92,la frondaison,the foliage
décalage,NOM,m,3.92,le décalage,the shift
incognito,ADV,,3.92,incognito,incognito
efflanqué,ADJ,,3.92,efflanqué,I fled
jarre,NOM,f,3.92,la jarre,the jar
vigoureusement,ADV,,3.92,vigoureusement,vigorously
nurse,NOM,f,3.92,la nurse,the nurse
jarret,NOM,m,3.92,le jarret,the shank
virée,NOM,f,3.92,la virée,the trip
régional,ADJ,,3.92,régional,regional
lascar,NOM,m,3.92,le lascar,the rascal
marxisme,NOM,m,3.92,le marxisme,Marxism
détective,NOM,m,3.91,le détective,the detective
velléité,NOM,f,3.91,la velléité,the desire
cor,NOM,m,3.91,le cor,the horn
épauler,VER,,3.88,épauler,support
fignoler,VER,,3.88,fignoler,to refine
révélateur,ADJ,,3.87,révélateur,developer
tirailler,VER,,3.87,tirailler,to pull
exhumer,VER,,3.87,exhumer,exhume
tempérer,VER,,3.87,tempérer,temper
chahuter,VER,,3.87,chahuter,to heckle
truffer,VER,,3.87,truffer,truffer
évaporer,VER,,3.87,évaporer,evaporate
droguer,VER,,3.87,droguer,drug
déprimer,VER,,3.87,déprimer,depress
ravitailler,VER,,3.87,ravitailler,refuel
trouvé,ADJ,,3.86,trouvé,find
renouveau,NOM,m,3.86,le renouveau,the renewal
camembert,NOM,m,3.86,le camembert,Camembert
trogne,NOM,f,3.86,la trogne,to the trogne
bachot,NOM,m,3.86,le bachot,the boat
évêché,NOM,m,3.86,le évêché,the bishopric
attroupement,NOM,m,3.86,le attroupement,the crowd
couiner,VER,,3.86,couiner,squeal
romantisme,NOM,m,3.86,le romantisme,romanticism
bouilloire,NOM,f,3.86,la bouilloire,the kettle
décimer,VER,,3.86,décimer,decimate
férocité,NOM,f,3.86,la férocité,ferocity
mitrailler,VER,,3.86,mitrailler,machine-gun
hostie,NOM,f,3.86,la hostie,the host
raffoler,VER,,3.86,raffoler,to love
malveillance,NOM,f,3.86,la malveillance,malice
récepteur,NOM,m,3.86,le récepteur,the receiver
systématique,ADJ,,3.86,systématique,systematic
interrompu,ADJ,,3.86,interrompu,interrupted
quadriller,VER,,3.86,quadriller,to grid
râpeux,ADJ,,3.86,râpeux,rough
habité,ADJ,,3.86,habité,reside
articulé,ADJ,,3.86,articulé,articulated
déchu,ADJ,,3.86,déchu,fallen
filial,ADJ,,3.86,filial,filial
jongler,VER,,3.86,jongler,juggle
bohème,NOM,f,3.86,la bohème,bohemian
crapule,NOM,f,3.86,la crapule,the scoundrel
entrecouper,VER,,3.86,entrecouper,intersect
masqué,ADJ,,3.86,masqué,mask
sanguin,ADJ,,3.86,sanguin,blood
rongeur,NOM,m,3.85,le rongeur,the rodent
rouquemoute,NOM,f,3.85,la rouquemoute,the rouquemoute
à jeun,ADV,,3.85,à jeun,on an empty stomach
aimablement,ADV,,3.85,aimablement,kindly
frustration,NOM,f,3.85,la frustration,frustration
bagne,NOM,m,3.85,le bagne,the penal colony
enlèvement,NOM,m,3.85,le enlèvement,the kidnapping
basse-cour,NOM,f,3.85,la basse-cour,the farmyard
gâchis,NOM,m,3.85,le gâchis,the waste
automatiquement,ADV,,3.85,automatiquement,automatically
gang,NOM,m,3.85,le gang,laugh once
gynécologue,NOM,m,3.85,le gynécologue,the gynecologist
rébellion,NOM,f,3.85,la rébellion,the rebellion
pentecôte,NOM,f,3.85,la pentecôte,Pentecost
trépigner,VER,,3.85,trépigner,stamp
plombé,ADJ,,3.85,plombé,leaded
cordage,NOM,m,3.85,le cordage,the rope
archipel,NOM,m,3.85,le archipel,the archipelago
cèdre,NOM,m,3.85,le cèdre,the cedar
innommable,ADJ,,3.85,innommable,unspeakable
affront,NOM,m,3.85,le affront,the affront
jactance,NOM,f,3.85,la jactance,the boast
bivouac,NOM,m,3.85,le bivouac,the bivouac
psy,NOM,m,3.85,le psy,the shrink
organisateur,NOM,m,3.85,le organisateur,the organizer
bistre,ADJ,,3.85,bistre,clear
hospitalité,NOM,f,3.85,la hospitalité,hospitality
pierraille,NOM,f,3.85,la pierraille,the rubble
échéant,ADJ,,3.85,échéant,due
arrogance,NOM,f,3.85,la arrogance,the arrogance
soixante-quinze,ADJ:num,,3.85,soixante-quinze,seventy five
alias,ADV,,3.85,alias,alias
rétablissement,NOM,m,3.85,le rétablissement,the recovery
respectueusement,ADV,,3.85,respectueusement,respectfully
carpe,NOM,f,3.85,la carpe,the carp
éminence,NOM,f,3.85,la éminence,the eminence
docilité,NOM,f,3.85,la docilité,docility
recrue,NOM,f,3.85,la recrue,the recruit
transi,ADJ,,3.85,transi,transi
attirant,ADJ,,3.85,attirant,attractive
vantail,NOM,m,3.85,le vantail,the leaf
transfert,NOM,m,3.85,le transfert,the transfer
vasistas,NOM,m,3.85,le vasistas,the vasistas
intouchable,ADJ,,3.85,intouchable,untouchable
sédentaire,ADJ,,3.85,sédentaire,sedentary
épouvanté,ADJ,,3.85,épouvanté,terrified
intarissable,ADJ,,3.85,intarissable,inexhaustible
insuffisance,NOM,f,3.85,la insuffisance,the insufficiency
lardu,NOM,m,3.85,le lardu,the lard
confondu,ADJ,,3.85,confondu,confused
effervescence,NOM,f,3.85,la effervescence,the effervescence
conciliant,ADJ,,3.85,conciliant,conciliatory
grésillement,NOM,m,3.85,le grésillement,the sizzle
subalterne,ADJ,,3.85,subalterne,subordinate
gaine,NOM,f,3.85,la gaine,the sheath
compère,NOM,m,3.85,le compère,the friend
gamberge,NOM,f,3.85,la gamberge,the shrimp
potin,NOM,m,3.85,le potin,the gossip
diagnostic,NOM,m,3.85,le diagnostic,le diagnostic
hélice,NOM,f,3.85,la hélice,the propeller
gaze,NOM,f,3.85,la gaze,to gas
bicoque,NOM,f,3.85,la bicoque,the shack
tressaillement,NOM,m,3.85,le tressaillement,the thrill
loggia,NOM,f,3.85,la loggia,the lodge
diversité,NOM,f,3.85,la diversité,diversity
fondu,ADJ,,3.84,fondu,fund
référer,VER,,3.82,référer,refer
concerter,VER,,3.81,concerter,to concert
ouïr,VER,,3.81,ouïr,hear
bafouer,VER,,3.81,bafouer,to flout
damner,VER,,3.81,damner,damn
délibérer,VER,,3.81,délibérer,deliberate
trafiquer,VER,,3.8,trafiquer,to traffic
astreindre,VER,,3.8,astreindre,to compel
damer,VER,,3.8,damer,ladies
initié,NOM,m,3.8,le initié,the initiate
parvenu,ADJ,,3.8,parvenu,reached
miser,VER,,3.8,miser,miser
étoiler,VER,,3.8,étoiler,star
recueilli,ADJ,,3.79,recueilli,collected
rizière,NOM,f,3.79,la rizière,the rice field
grinçant,ADJ,,3.79,grinçant,creaky
inscrit,NOM,m,3.79,le inscrit,the registered
cerné,ADJ,,3.79,cerné,surrounded
écrin,NOM,m,3.79,le écrin,the case
éduquer,VER,,3.79,éduquer,educate
norme,NOM,f,3.79,la norme,the standard
aumône,NOM,f,3.79,la aumône,alms
terreau,NOM,m,3.79,le terreau,the soil
alternance,NOM,f,3.79,la alternance,the alternation
poulain,NOM,m,3.79,le poulain,the foal
affable,ADJ,,3.79,affable,affable
vertueux,ADJ,,3.79,vertueux,virtuous
merlan,NOM,m,3.79,le merlan,whiting
ossement,NOM,m,3.79,le ossement,the bone
qualifié,ADJ,,3.79,qualifié,qualified
reculé,ADJ,,3.79,reculé,backed away
plumer,VER,,3.79,plumer,to pluck
enchevêtrement,NOM,m,3.79,le enchevêtrement,the tangle
humiliant,ADJ,,3.79,humiliant,humiliating
rhumatisme,NOM,m,3.79,le rhumatisme,rheumatism
acquisition,NOM,f,3.79,la acquisition,the acquisition
porte-plume,NOM,m,3.79,le porte-plume,the pen holder
accumulation,NOM,f,3.79,la accumulation,the accumulation
possesseur,NOM,m,3.79,le possesseur,the owner
moisissure,NOM,f,3.79,la moisissure,mold
mortifier,VER,,3.79,mortifier,mortifier
germe,NOM,m,3.79,le germe,the germ
j,NOM,m,3.79,le j,the j
automobiliste,NOM,m,3.79,le automobiliste,the motorist
confetti,NOM,m,3.79,le confetti,the confetti
barbiche,NOM,f,3.79,la barbiche,the goatee
étriqué,ADJ,,3.79,étriqué,narrow
turquoise,ADJ,,3.79,turquoise,turquoise
révision,NOM,f,3.79,la révision,the revision
exceller,VER,,3.79,exceller,excel
entortiller,VER,,3.79,entortiller,twister
hamac,NOM,m,3.79,le hamac,the hammock
orient,NOM,m,3.79,le orient,the east
étuve,NOM,f,3.79,la étuve,the oven
seoir,VER,,3.79,seoir,sir
folklore,NOM,m,3.79,le folklore,the folklore
croûton,NOM,m,3.78,le croûton,the crouton
perchoir,NOM,m,3.78,le perchoir,the perch
obscénité,NOM,f,3.78,la obscénité,obscenity
photographique,ADJ,,3.78,photographique,photographic
titubant,ADJ,,3.78,titubant,staggering
indélébile,ADJ,,3.78,indélébile,indelible
monticule,NOM,m,3.78,le monticule,the mound
friture,NOM,f,3.78,la friture,frying
estafette,NOM,f,3.78,la estafette,the courier
improvisation,NOM,f,3.78,la improvisation,improvisation
bidoche,NOM,f,3.78,la bidoche,start over
lutteur,NOM,m,3.78,le lutteur,the wrestler
charitable,ADJ,,3.78,charitable,charitable
fondement,NOM,m,3.78,le fondement,the foundation
écusson,NOM,m,3.78,le écusson,the shield
suffocant,ADJ,,3.78,suffocant,suffocate
blaireau,NOM,m,3.78,le blaireau,the badger
haillon,NOM,m,3.78,le haillon,the rag
samovar,NOM,m,3.78,le samovar,the samovar
cancre,NOM,m,3.78,le cancre,the dunce
sangle,NOM,f,3.78,la sangle,the strap
cassure,NOM,f,3.78,la cassure,the break
western,NOM,m,3.78,le western,the westerns
inondation,NOM,f,3.78,la inondation,the flood
annuaire,NOM,m,3.78,le annuaire,the directory
rente,NOM,f,3.78,la rente,the annuity
recueil,NOM,m,3.78,le recueil,the collection
scrupuleux,ADJ,,3.78,scrupuleux,scrupulous
extravagance,NOM,f,3.78,la extravagance,the extravagance
intermittence,NOM,f,3.78,la intermittence,the intermittence
sensationnel,ADJ,,3.78,sensationnel,sensational
intrusion,NOM,f,3.78,la intrusion,The intrusion
intrépide,ADJ,,3.78,intrépide,intrepid
clouté,ADJ,,3.78,clouté,studded
malingre,ADJ,,3.78,malingre,puny
justicier,NOM,m,3.78,le justicier,the vigilante
commère,NOM,f,3.78,la commère,the gossip
trapèze,NOM,m,3.78,le trapèze,the trapeze
liège,NOM,m,3.78,le liège,cork
négligé,ADJ,,3.78,négligé,neglected
abbaye,NOM,f,3.78,la abbaye,the abbey
paradoxalement,ADV,,3.78,paradoxalement,paradoxically
do,NOM,m,3.78,le do,the do
to,NOM,m,3.78,le to,this is
indirect,ADJ,,3.78,indirect,indirect
battue,NOM,f,3.78,la battue,the hunt
séparément,ADV,,3.78,séparément,separately
donnant,ADJ,,3.78,donnant,giving
sultane,NOM,f,3.78,la sultane,the sultana
navigateur,NOM,m,3.78,le navigateur,the browser
revendication,NOM,f,3.78,la revendication,the claim
unanimité,NOM,f,3.78,la unanimité,unanimity
essor,NOM,m,3.78,le essor,the boom
présentement,ADV,,3.78,présentement,presently
k,NOM,m,3.78,le k,the k
débordement,NOM,m,3.78,le débordement,the overflow
bravement,ADV,,3.78,bravement,bravely
soigneux,ADJ,,3.78,soigneux,careful
réviser,VER,,3.75,réviser,revise
curer,VER,,3.75,curer,to clean
déglinguer,VER,,3.74,déglinguer,wreck
équivaloir,VER,,3.74,équivaloir,equal
scandinave,ADJ,,3.73,scandinave,Scandinavian
dissuader,VER,,3.73,dissuader,deter
pneumatique,ADJ,,3.73,pneumatique,pneumatic
verrouiller,VER,,3.73,verrouiller,lock
dépassé,ADJ,,3.73,dépassé,exceeds
vocal,ADJ,,3.73,vocal,vocal
tatouer,VER,,3.73,tatouer,tattoo
languir,VER,,3.73,languir,languish
démener,VER,,3.73,démener,to move
transparaître,VER,,3.73,transparaître,to show through
garant,NOM,m,3.73,le garant,the guarantor
receler,VER,,3.73,receler,to conceal
tranché,ADJ,,3.73,tranché,slice
affamer,VER,,3.73,affamer,starve
solder,VER,,3.73,solder,solder
douzième,ADJ,,3.72,douzième,twelfth
recroquevillé,ADJ,,3.72,recroquevillé,curled up
sauvetage,NOM,m,3.72,le sauvetage,the rescue
concourir,VER,,3.72,concourir,to compete
passablement,ADV,,3.72,passablement,quite a bit
laquer,VER,,3.72,laquer,lacquer
cordelette,NOM,f,3.72,la cordelette,the cord
fantasque,ADJ,,3.72,fantasque,whimsical
psychologue,NOM,m,3.72,le psychologue,the psychologist
avant-poste,NOM,m,3.72,le avant-poste,the outpost
contagion,NOM,f,3.72,la contagion,the contagion
remis,ADJ,,3.72,remis,handed over
neveux,NOM,m,3.72,le neveux,the nephew
gardé,ADJ,,3.72,gardé,guard
malmener,VER,,3.72,malmener,to mistreat
byzantin,ADJ,,3.72,byzantin,Byzantine
inébranlable,ADJ,,3.72,inébranlable,unwavering
précautionneusement,ADV,,3.72,précautionneusement,carefully
clac,ONO,,3.72,clac,clac
méandre,NOM,m,3.72,le méandre,the meander
à_tue-tête,ADV,,3.72,à_tue-tête,at_the_top_of_your_mouth
stand,NOM,m,3.72,le stand,I stand them
ciao,ONO,,3.72,ciao,HI
drôlerie,NOM,f,3.72,la drôlerie,the funny
embryon,NOM,m,3.72,le embryon,the embryo
maniement,NOM,m,3.72,le maniement,handling
attenant,ADJ,,3.72,attenant,adjoining
ouate,NOM,f,3.72,la ouate,cotton wool
absoudre,VER,,3.72,absoudre,absolve
logeur,NOM,m,3.72,le logeur,the landlord
charnier,NOM,m,3.72,le charnier,the mass grave
barbarie,NOM,f,3.72,la barbarie,barbarism
écheveau,NOM,m,3.72,le écheveau,the skein
pareillement,ADV,,3.72,pareillement,similarly
ignominie,NOM,f,3.72,la ignominie,the ignominy
cravache,NOM,f,3.72,la cravache,the whip
écoeuré,ADJ,,3.72,écoeuré,disgusted
babouchka,NOM,f,3.72,la babouchka,the babushka
accablement,NOM,m,3.72,le accablement,the overwhelm
persan,ADJ,,3.72,persan,Persian
fondateur,NOM,m,3.72,le fondateur,the founder
orge,NOM,f,3.72,la orge,the barley
absurdement,ADV,,3.72,absurdement,absurdement
immatériel,ADJ,,3.72,immatériel,intangible
crochu,ADJ,,3.72,crochu,hooked
élysée,NOM,m,3.72,le élysée,the elysee
féerie,NOM,f,3.72,la féerie,the magic
rapproché,ADJ,,3.72,rapproché,close
biceps,NOM,m,3.72,le biceps,le biceps
console,NOM,f,3.72,la console,the console
alcoolique,ADJ,,3.72,alcoolique,alcoholic
magistral,ADJ,,3.72,magistral,highway
gloussement,NOM,m,3.72,le gloussement,the chuckle
épanouissement,NOM,m,3.72,le épanouissement,the blossoming
caramel,NOM,m,3.72,le caramel,caramel
canari,NOM,m,3.72,le canari,the canary
chargeur,NOM,m,3.72,le chargeur,the charger
larbin,NOM,m,3.72,le larbin,the minion
fusain,NOM,m,3.72,le fusain,charcoal
encombrement,NOM,m,3.72,le encombrement,the clutter
absorbé,ADJ,,3.72,absorbé,absorbed
calepin,NOM,m,3.72,le calepin,the notebook
nénette,NOM,f,3.72,la nénette,the chick
disparate,ADJ,,3.72,disparate,disparate
délié,NOM,m,3.72,le délié,the untied
halètement,NOM,m,3.72,le halètement,the panting
collet,NOM,m,3.72,le collet,the collar
nonne,NOM,f,3.72,la nonne,the grandmother
infamie,NOM,f,3.72,la infamie,the infamy
avenant,ADJ,,3.72,avenant,amendment
ganter,VER,,3.71,ganter,gander
glacier,NOM,m,3.71,le glacier,the glacier
hélicoptère,NOM,m,3.71,le hélicoptère,the helicopter
orgie,NOM,f,3.71,la orgie,the orgy
calèche,NOM,f,3.71,la calèche,the carriage
pinède,NOM,f,3.71,la pinède,the pine forest
accalmie,NOM,f,3.71,la accalmie,the lull
souhaitable,ADJ,,3.71,souhaitable,desirable
engageant,ADJ,,3.71,engageant,engaging
matrone,NOM,f,3.71,la matrone,the matron
séminariste,NOM,m,3.71,le séminariste,the seminarian
da,ONO,,3.71,da,and
mamelle,NOM,f,3.71,la mamelle,the breast
nestorien,NOM,m,3.71,le nestorien,the nestorian
catastrophique,ADJ,,3.71,catastrophique,catastrophic
new,ADJ,,3.71,new,new
résumé,NOM,m,3.71,le résumé,the summary
insurrection,NOM,f,3.71,la insurrection,the insurrection
écrasement,NOM,m,3.71,le écrasement,the crushing
brigand,NOM,m,3.71,le brigand,the bandit
bêche,NOM,f,3.71,la bêche,the spade
alezan,ADJ,,3.71,alezan,chestnut
perception,NOM,f,3.71,la perception,The perception
cavalcade,NOM,f,3.71,la cavalcade,the cavalcade
crachat,NOM,m,3.71,le crachat,spitting
bas-fond,NOM,m,3.71,le bas-fond,the shallows
panser,VER,,3.67,panser,hood
pavoiser,VER,,3.67,pavoiser,to strut
sauvegarder,VER,,3.67,sauvegarder,to save/protect
réputer,VER,,3.67,réputer,to count
affûter,VER,,3.67,affûter,sharpen
glorifier,VER,,3.66,glorifier,glorify
hospitalier,ADJ,,3.66,hospitalier,hospital
enraciner,VER,,3.66,enraciner,root
gagnant,NOM,m,3.66,le gagnant,the winner
franger,VER,,3.66,franger,fringe
dégueuler,VER,,3.66,dégueuler,puke
attiser,VER,,3.66,attiser,to stir up
arriéré,NOM,m,3.66,le arriéré,the backlog
intercepter,VER,,3.66,intercepter,intercept
béer,VER,,3.66,béer,bear
accélérateur,NOM,m,3.66,le accélérateur,the accelerator
couillon,NOM,m,3.66,le couillon,the idiot
ratatiner,VER,,3.66,ratatiner,lazy
morveux,NOM,m,3.66,le morveux,the brat
déformé,ADJ,,3.65,déformé,deformed
médaillon,NOM,m,3.65,le médaillon,the medallion
perfidie,NOM,f,3.65,la perfidie,perfidy
boutonnière,NOM,f,3.65,la boutonnière,the buttonhole
flirt,NOM,m,3.65,le flirt,flirting
cellier,NOM,m,3.65,le cellier,the cellar
convocation,NOM,f,3.65,la convocation,the summons
appelé,NOM,m,3.65,le appelé,the called
baume,NOM,m,3.65,le baume,the balm
greffier,NOM,m,3.65,le greffier,the clerk
aplati,ADJ,,3.65,aplati,flattened
lime,NOM,f,3.65,la lime,the lime
contrefort,NOM,m,3.65,le contrefort,the buttress
napperon,NOM,m,3.65,le napperon,the placemat
gala,NOM,m,3.65,le gala,the gala
palpitation,NOM,f,3.65,la palpitation,palpitation
emprise,NOM,f,3.65,la emprise,the grip
synagogue,NOM,f,3.65,la synagogue,the synagogue
avant-veille,NOM,f,3.65,la avant-veille,the day before yesterday
pruneau,NOM,m,3.65,le pruneau,the prune
bassesse,NOM,f,3.65,la bassesse,baseness
aventureux,ADJ,,3.65,aventureux,adventurous
lèpre,NOM,f,3.65,la lèpre,leprosy
galopade,NOM,f,3.65,la galopade,the galopa
frappant,ADJ,,3.65,frappant,striking
paragraphe,NOM,m,3.65,le paragraphe,the paragraph
navette,NOM,f,3.65,la navette,the shuttle
oisiveté,NOM,f,3.65,la oisiveté,idleness
radicalement,ADV,,3.65,radicalement,radically
garçonnet,NOM,m,3.65,le garçonnet,the little boy
prodigieusement,ADV,,3.65,prodigieusement,prodigiously
prolétariat,NOM,m,3.65,le prolétariat,the proletariat
sus,ADV,,3.65,sus,their
tondu,ADJ,,3.65,tondu,round
approximatif,ADJ,,3.65,approximatif,approximate
fantomatique,ADJ,,3.65,fantomatique,ghostly
pisse,NOM,f,3.65,la pisse,piss
écriteau,NOM,m,3.65,le écriteau,the sign
plain-pied,NOM,m,3.65,le plain-pied,the ground floor
dynastie,NOM,f,3.65,la dynastie,the dynasty
ébréché,ADJ,,3.65,ébréché,broken
servile,ADJ,,3.65,servile,servile
gong,NOM,m,3.65,le gong,le gong
inexistant,ADJ,,3.65,inexistant,non-existent
cordialité,NOM,f,3.65,la cordialité,cordiality
mécaniquement,ADV,,3.65,mécaniquement,mechanically
patriotisme,NOM,m,3.65,le patriotisme,patriotism
inversion,NOM,f,3.65,la inversion,The inversion
corolle,NOM,f,3.65,la corolle,the corolla
factice,ADJ,,3.65,factice,dummy
ci,ADV,,3.65,ci,There
psychiatrique,ADJ,,3.65,psychiatrique,psychiatric
grand-route,NOM,f,3.65,la grand-route,the main road
intermittent,ADJ,,3.65,intermittent,intermittent
poirier,NOM,m,3.65,le poirier,the pear tree
extinction,NOM,f,3.65,la extinction,the extinction
présumer,VER,,3.65,présumer,presume
martèlement,NOM,m,3.65,le martèlement,the hammering
mousquetaire,NOM,m,3.65,le mousquetaire,the musketeer
rudesse,NOM,f,3.65,la rudesse,the roughness
négation,NOM,f,3.65,la négation,the negation
humblement,ADV,,3.65,humblement,humbly
oraison,NOM,f,3.65,la oraison,the prayer
cécité,NOM,f,3.65,la cécité,blindness
giclée,NOM,f,3.65,la giclée,the squirt
équipée,NOM,f,3.65,la équipée,the equipped
rénovation,NOM,f,3.65,la rénovation,the renovation
adjectif,NOM,m,3.65,le adjectif,the adjective
affairé,ADJ,,3.65,affairé,affair
énergiquement,ADV,,3.65,énergiquement,energetically
inaudible,ADJ,,3.65,inaudible,inaudible
agréablement,ADV,,3.65,agréablement,pleasantly
égarement,NOM,m,3.65,le égarement,the misguidance
capitalisme,NOM,m,3.65,le capitalisme,capitalism
blanchisseur,NOM,m,3.64,le blanchisseur,the launderer
princier,ADJ,,3.64,princier,princely
express,NOM,m,3.64,le express,the express
échevelé,ADJ,,3.64,échevelé,disheveled
travée,NOM,f,3.64,la travée,the span
slave,ADJ,,3.64,slave,slave
insurger,VER,,3.62,insurger,insurgent
assécher,VER,,3.61,assécher,dry up
renchérir,VER,,3.61,renchérir,to bid
confisquer,VER,,3.61,confisquer,confiscate
domestiquer,VER,,3.61,domestiquer,domesticate
délecter,VER,,3.61,délecter,to delight
décolorer,VER,,3.6,décolorer,discolor
embusquer,VER,,3.6,embusquer,ambush
retracer,VER,,3.6,retracer,trace
parader,VER,,3.6,parader,parades
octroyer,VER,,3.6,octroyer,grant
dévider,VER,,3.6,dévider,unwind
picorer,VER,,3.6,picorer,to peck
ausculter,VER,,3.6,ausculter,to listen
consciencieux,ADJ,,3.6,consciencieux,conscientious
mitron,NOM,m,3.5900000000000003,le mitron,the friend
minutie,NOM,f,3.5900000000000003,la minutie,the meticulousness
corruption,NOM,f,3.5900000000000003,la corruption,corruption
somnolence,NOM,f,3.5900000000000003,la somnolence,drowsiness
proviseur,NOM,m,3.5900000000000003,le proviseur,the headmaster
rassasier,VER,,3.5900000000000003,rassasier,to satiate
deviser,VER,,3.5900000000000003,deviser,motto
chicot,NOM,m,3.5900000000000003,le chicot,the stump
vérole,NOM,f,3.5900000000000003,la vérole,pox
amadouer,VER,,3.5900000000000003,amadouer,to coax
coi,ADJ,,3.5900000000000003,coi,watch
cadastre,NOM,m,3.5900000000000003,le cadastre,the land registry
délaissé,ADJ,,3.59,délaissé,abandoned
explorateur,NOM,m,3.59,le explorateur,the explorer
obsédé,NOM,m,3.59,le obsédé,the obsessed
enterré,ADJ,,3.59,enterré,buried
constat,NOM,m,3.59,le constat,the observation
désiré,ADJ,,3.59,désiré,desired
chewing-gum,NOM,m,3.59,le chewing-gum,le chewing-gum
frétiller,VER,,3.59,frétiller,fretteller
étager,VER,,3.59,étager,to stage
blinder,VER,,3.59,blinder,blinder
fêlé,ADJ,,3.59,fêlé,cracked
bagatelle,NOM,f,3.59,la bagatelle,the trifle
disponibilité,NOM,f,3.59,la disponibilité,availability
hétérosexuel,ADJ,,3.59,hétérosexuel,heterosexual
rural,ADJ,,3.59,rural,rural
sensiblement,ADV,,3.58,sensiblement,noticeably
soixante-cinq,ADJ:num,,3.58,soixante-cinq,sixty five
corsaire,NOM,m,3.58,le corsaire,the corsair
enfantillage,NOM,m,3.58,le enfantillage,childishness
merder,VER,,3.58,merder,cages
consterné,ADJ,,3.58,consterné,dismayed
cacahuète,NOM,f,3.58,la cacahuète,the peanut
parachute,NOM,m,3.58,le parachute,the parachute
station-service,NOM,f,3.58,la station-service,the gas station
municipalité,NOM,f,3.58,la municipalité,the municipality
mauresque,ADJ,,3.58,mauresque,Moorish
brame,NOM,m,3.58,le brame,the bellow
démodé,ADJ,,3.58,démodé,unfashionable
retombée,NOM,f,3.58,la retombée,the fallout
provençal,ADJ,,3.58,provençal,provençal
fainéant,ADJ,,3.58,fainéant,lazy
figuier,NOM,m,3.58,le figuier,the fig tree
canicule,NOM,f,3.58,la canicule,the heat wave
sucrerie,NOM,f,3.58,la sucrerie,the candy
figue,NOM,f,3.58,la figue,the fig
rotation,NOM,f,3.58,la rotation,the rotation
bis,ADJ,,3.58,bis,until
mitan,NOM,m,3.58,le mitan,in the middle
enfoncé,ADJ,,3.58,enfoncé,sunken
chiffonnier,NOM,m,3.58,le chiffonnier,the ragpicker
sonné,ADJ,,3.58,sonné,stunned
camaraderie,NOM,f,3.58,la camaraderie,camaraderie
brevet,NOM,m,3.58,le brevet,the patent
caractériser,VER,,3.58,caractériser,characterize
orme,NOM,m,3.58,le orme,the footprints
cosmique,ADJ,,3.58,cosmique,cosmic
iode,NOM,m,3.58,le iode,iodine
arrosoir,NOM,m,3.58,le arrosoir,the watering can
procédure,NOM,f,3.58,la procédure,the procedure
peureux,ADJ,,3.58,peureux,fearful
clarinette,NOM,f,3.58,la clarinette,the clarinet
perturber,VER,,3.58,perturber,disturb
théorique,ADJ,,3.58,théorique,theoretical
rebiffer,VER,,3.58,rebiffer,rebiffer
reposant,ADJ,,3.58,reposant,restful
bandé,ADJ,,3.58,bandé,band
glacis,NOM,m,3.58,le glacis,the glaze
avachi,ADJ,,3.58,avachi,who are you
clavier,NOM,m,3.58,le clavier,the keyboard
venelle,NOM,f,3.58,la venelle,the alley
baisse,NOM,f,3.58,la baisse,the decline
zombi,NOM,m,3.58,le zombi,the zombie
baffe,NOM,f,3.58,la baffe,the slap
aigrelet,ADJ,,3.58,aigrelet,aigrelet
embrasse,NOM,f,3.58,la embrasse,kiss her
incessamment,ADV,,3.58,incessamment,incessantly
friand,ADJ,,3.58,friand,fond
petit-bourgeois,NOM,m,3.58,le petit-bourgeois,the petty bourgeois
conciliabule,NOM,m,3.58,le conciliabule,the conciliabule
crue,NOM,f,3.58,la crue,the flood
négligent,ADJ,,3.58,négligent,negligent
énervement,NOM,m,3.58,le énervement,the annoyance
lisible,ADJ,,3.58,lisible,legible
poussif,ADJ,,3.58,poussif,wheezy
aboi,NOM,m,3.58,le aboi,I swear by them.
débutant,NOM,m,3.58,le débutant,the beginner
désigné,ADJ,,3.58,désigné,designated
trente-deux,ADJ:num,,3.58,trente-deux,thirty two
abnégation,NOM,f,3.58,la abnégation,self-denial
inutilité,NOM,f,3.58,la inutilité,the uselessness
vogue,NOM,f,3.58,la vogue,the vogue
virginité,NOM,f,3.58,la virginité,virginity
déterrer,VER,,3.54,déterrer,dig up
décerner,VER,,3.54,décerner,award
ameuter,VER,,3.54,ameuter,to stir up
exhorter,VER,,3.54,exhorter,urge
corner,VER,,3.54,corner,corner
calfeutrer,VER,,3.53,calfeutrer,calfeutrer
cambrer,VER,,3.53,cambrer,waiter
modérer,VER,,3.53,modérer,moderate
transcrire,VER,,3.53,transcrire,transcribe
rougeoyer,VER,,3.53,rougeoyer,glow
tempêter,VER,,3.53,tempêter,to storm
démanger,VER,,3.53,démanger,itch
inclure,VER,,3.53,inclure,include
mélopée,NOM,f,3.52,la mélopée,the melody
emmerde,NOM,f,3.52,la emmerde,the shit
dominicain,NOM,m,3.52,le dominicain,the dominican
cyclone,NOM,m,3.52,le cyclone,the cyclone
cérébral,ADJ,,3.52,cérébral,cerebral
renfoncement,NOM,m,3.52,le renfoncement,the recess
aspirateur,NOM,m,3.52,le aspirateur,the vacuum cleaner
traducteur,NOM,m,3.52,le traducteur,the translator
saillir,VER,,3.52,saillir,to protrude
harmonium,NOM,m,3.52,le harmonium,le harmonium
transatlantique,NOM,m,3.52,le transatlantique,the transatlantic
charbonnier,NOM,m,3.52,le charbonnier,the coalman
lave,NOM,f,3.52,la lave,lava
espionner,VER,,3.52,espionner,spy
rossignol,NOM,m,3.52,le rossignol,the nightingale
crucifié,NOM,m,3.52,le crucifié,the crucified
chaudière,NOM,f,3.52,la chaudière,the boiler
fourbi,NOM,m,3.52,le fourbi,the mess
professer,VER,,3.52,professer,professor
cohérence,NOM,f,3.52,la cohérence,consistency
rosir,VER,,3.52,rosir,rose
chassé,ADJ,,3.52,chassé,hunting
galeux,ADJ,,3.52,galeux,mangy
criant,ADJ,,3.52,criant,shouting
meneur,NOM,m,3.52,le meneur,the leader
pelisse,NOM,f,3.52,la pelisse,the fur coat
dandy,NOM,m,3.52,le dandy,the dandy
rital,NOM,m,3.52,le rital,the rital
tonnelle,NOM,f,3.52,la tonnelle,the arbor
fanion,NOM,m,3.52,le fanion,the pennant
culasse,NOM,f,3.52,la culasse,the breech
défini,ADJ,,3.52,défini,defined
boulon,NOM,m,3.52,le boulon,the bolt
cerisier,NOM,m,3.52,le cerisier,the cherry tree
