English,French,Clue,Duration
it annoys me,ça m’énerve,"Frodo winces as Sam does some minor dentristy on him, and says ""Sam - a nerve! It annoys me""",1.886000008
the Sunday,le dimanche,"from Latin 'dies Dominicus', 'Day of the Lord'",1.667774600465468
the sun,le soleil,,1.7023055149202175
the stomach,l'estomac,,1.6764736481388751
the leek,le poireau,Someone has been murderd with a leek. They call in Poirot to solve the crime.,3.3147706088195754
the ladder,l'échelle,"picture a novelty ladder in the form of a giant sea-shell, with the rungs as the radiating lines. It's the biggest shell in the world so it's the A-shell",2.164213219815199
the judge,le juge,,1.7632926212763804
the tip (monetary),le pourboire,for drink,2.0574156838006594
the drawer,le tiroir,"open the drawer to get a tea-spoon and its guarded by a tiny lion, a tea-roar",2.314903591203857
the shoulder,l'épaule,There's half a dozen chimps sitting on my shoulders so I've got ape all over me,1.8881613111586504
to have a lie in,faire la grasse matinée,do a big morning,2.472986574175551
the waiter,le serveur,,2.040399894
the mastery,la maîtrise,the way to master kung-fu is in the practice Matrices,2.3505488874991185
the tile,la tuile,,1.7602649331319171
the saucers,les soucoupes,,2.010443751269124
the kitten,le chaton,"the kitten is the king of Persia, but because he is so rich and can eat a lot he has got very fat and heavy - he is a Shah-tonne",2.089839994
the fishing boat,le bateau de pêche,,2.629278313004015
already,déjà,,2.210555025456706
the window,la fenêtre,,2.4831979024579263
the Monday,le lundi,,2.177885410814582
welcoming,chaleureux,"the hostess is a bit over-enthusiastic, and we all wonder, shall 'er err on the side of being too welcoming?",2.577948816152898
the toad,le crapaud,"Someone shows me their pet toad. ""What do you think of my pet?"" ""I think it's crap….ow!"" I say, as the indignant toad splats me in the eye with it's tongue",2.474556986208191
to manage,gérer,"In the Good Life, Jerry managed his company while Tom was gardening",2.314657833785197
the hand,la main,,2.502957190040658
silk,la soie,think of the sound silk makes - very swashy,1.958237631605143
the bolts (for nuts),les boulons,"The crowd at the Sydney cricket look on in horror as the harbour bridge starts to collapse. A passing fitter fixes it with a bolt, and says ""Bowl on!""",1.823878971257324
to bewitch,ensorceler,"the witch provides me with some poisoned ketchup, and warns me ""in sauce, ill!""",1.8465247759246013
the grape,le raisin,,1.9780878890118
the swings,les balançoires,picture trying to balance on the top-bar of some swings,2.167436111954888
the newspaper,le journal,,2.6336806690697325
the pavement,le trottoir,Imagine a long-standing argument about whether horses are allowed on the pavement as long as they run slowly - a 'trot-war',1.716425545148112
the dressing gown,le peignoir de chambre,"In the hotel the dressing gown doesn't come with the room, I have to pay the film-noir type bell-hop for it (pay-noir)",4.270111872760702
the fireplace,la cheminee,imagine Becky sitting on the mantlepiece - she mini!,1.9725770508065592
naive,naïf,,2.78003605917816
the butcher,le boucher,,1.7932934600775825
the honey,le miel,It's a bee's meal,1.7490531427364775
the market,le marché,,1.810030003424224
the clothes-peg,la pince a linge,picture fencing on a tight-rope (or a washing line) with an acrobat armed with pincers - he does a pincer-lunge,1.9562493814688315
available,disponible,"when the spoonful of soup has grown cool enough to be tasted, we can say it is de-spoonable",1.938025270620253
the food,la nourriture,,2.738828835618277
the beach,la plage,,1.598128388847724
the shell,la coquille,the barnacle shells under the keel of the ship think they are helping because they are a co-keel,2.4293800813187256
the day after tomorrow,après-demain,,2.7590823387086623
wicked,méchant,The merchant who sold me the duff flying carpet was wicked,2.174419254
the plane,l'avion,,2.0343585176430667
sensational,sensass,,1.7374790161046685
the broom,le balai,Think of a magician's apprentice-style situation with brooms doing ballet,4.068382888178281
to wrap-up [an object],emballer,"picture an ancient egyptian Pharoah being embalmed, but he is wrapped up with layer after layer of gift wrapping, until he is a giant paper ball",1.7867809063598223
the teacher,l'enseignant,the teacher is so busy she is running around like an insane ant,2.699128634846666
shy,timide,,1.688158438985867
the top hat,le chapeau haut,,1.999514444748942
the whistle,le sifflet,the note my whistle makes is C-flat,2.0287880523514805
the circus,le cirque,,1.948464863853312
the pipe,le tuyau,"I've got a job carrying pipes. The foreman gives me an extra one to carry. I say ""Two? Yow!""",2.027792732905314
the calf,le veau,"The calf is only young so he can't yet vote, he can only vo",4.748507781316461
to last (persist),durer,,1.7783384718939483
the towel,la serviette,,2.5862038959550646
the crane,la grue,"Imagine a river-barge, with the crew made up entirely of cranes",3.7412121066273634
the sky,le ciel,,1.769400927448934
the mushroom,le champignon,,1.929525828719645
somewhere,quelque part,,2.5099693271311034
the restraint/withholding,la retenue,The Hollywood star's retinue are the only restraint on his outrageous behaviour,2.276067716113959
to pick up,ramasser,picture an Egyptian pharaoh (Ramases) going round his bedroom picking up his socks,2.712091783854641
sunny,ensoleillé,"In Spain on holiday, it's super sunny, I get to the restaurant and see we're having fish, and say ""we're dining on sole, eh? Yay!""",1.7273495822465004
take off [aeroplane],décoller,"The plane is towed on take-off by bats at night, and during the day by a very strong dog, the day-colly",2.855910778374001
the kennel,le chenil,combine the start of 'chien' with the end of 'kennel',3.447669576417766
the purse,le porte-monnaie,,2.3915940175186585
the front,le devant,Devon is the front of England,2.640671233484144
the apple,la pomme,,1.646159986
the liver,le foie,foie-gras. Mmmmm,1.88755992284729
to see again,revoir,,2.6133828338083904
pouring with rain,pleut à verse,"the poet's poems are so sad, when he says a verse people cry so much it's like it's raining",2.199060370156331
the right,la droite,,2.07989018494949
the accountant,le comptable,The accountant is replaced with a computer table like the one out of James Bond,2.2595498783270265
the chairlift,le télésiège,"Picture a siege for the telly generation, who need to be carried to the top of the castle walls by chairlift",2.079438909078923
to plug-in,brancher,"Picture a highly dangerous arrangement of extension cables where via plugging in extra extensions, one socket has branched out into dozens",4.251745658505113
the trade show,la foire d’exposition,think of Basil Exposition showing off his time-travelling mini at a fair,5.719757196522352
to hinder,gêner,"As the Red Viper is about to fight the Mountain, Tyrion offers him a drink. He replies ""Gin? Nay! 'twould hinder me in the performance of my duties""",3.5788825557260746
the oyster,l’huître (f),"for the sea-side folk of Brittany, their version of wheat fields is oyster-beds",2.635561634280734
the bicycle,la bicyclette,,2.2029036871449974
the switch,l'interrupteur,every time my friend starts to talk I interrupt him by switching off the light,2.2771024945935054
the waterfall,la cascade,,2.571239543083888
at the end,au bout,"just as you get to the end of the ghost train and think you're in the clear, another skeleton leans over and says ""Oh boo!""",2.238936421212253
the cockerel,le coquelet,the hen who's posing as a rooster laughs at her clever plan before laying a secret egg - cackle-lay,1.5555665927745903
the sun loungers,les chaises longues,,2.3009064930766345
the policeman,le policier,,1.5864840221849568
old (feminine),vieille,,1.525231573410924
the cheek,la joue,"I'm boxing but I get hit on the cheek, so I say ""I don't want to play/joue""",3.622008462070245
a rain-shower,une averse,"while we're sheltering from the rain-shower, I entertain my companions with a verse of my own poetry",1.7047871700695394
the teeth,les dents,,1.753318951101685
the aunt,la tante,,1.7523069095591766
the file,le fichier,"I work at EA in the filing department, which consists of a big ball-pool filled with files, and retrieving one consist of doing a 'fish-EA'",2.4424064375016274
whole,entier,,1.818089579
the tortoise,la tortue,"I ask the tortoise why he is being so slow at writing his letter. He replies ""I already tore two""",1.5616076635306395
the concrete,le béton,the concrete of the pier is what I put my bait on while I'm fishing,3.656608564073025
the signpost,le panneau,"Pa is a bit short-sighted, so doesn't see the sign-post saying ""Cliff Ahead"" - we all shout ""Pa, no!""",1.959268450053833
to borrow,emprunter,"Imagine an Emperor, but of a very small Empire - he is the Emp-runt. He is always borrowing because he is so poor, but you always lend because he's an emperor",2.4995210488191653
the butterfly,le papillon,,1.9598806374231608
the bed,le lit,,1.884752300974284
the drum,la batterie,,2.025745053294881
the chest of drawers,la commode,"I'm a secret spy; when I need to contact base, I go into my bedroom & open my chest of drawers to reveal a radio-set as it goes into Com-Mode",4.100952043642786
the car-boot,le coffre,The guy accidentally locked in the boot coughs politely to alert the driver - he is the cougher,2.1035423475760107
the coal,Le charbon,The Shah of Iran is so fond of hydrocarbons that for sweets he has bits of coal - a Shah-bon-bon,1.8166388468859456
the snake,le serpent,,2.5542207835410973
disappointed/disillusioned,déçu,"they sue, because they are disappointed",2.188473118724406
the blind,le volet,"I tell my inept blind friend that I got a new thing for my living room. He touches the blind, and says ""aha! It's a pet vole, eh?""",6.058372373961956
the path,le chemin,,3.274147857226969
out of breath,hors d’haleine,"Imagine Alan Partridge struggling towards the end of a fun-run, and complaing ""I'm all out of Alan""",2.0271446240053304
the handkerchief,le mouchoir,"the dandy waves his handkerchief at the dog-sled team and says ""Mush!"", then ""Wah!"" as they accelerate and he falls off the back",2.430434213497246
the play (in theatre),la pièce,,2.262866732
the target,la cible,I'm staring into the distance to try & spot the target but I can just see-bleu (french for blue),5.426749853717692
the feather,la plume,,2.3792688847841523
the bottom,le fond,,1.8023524858390985
the tax,le impôt,"the King wants to spend some money, so he goes to the tax jar and says ""what's in the in-pot?""",2.6785017465537595
to deliver,livrer,the invitation from the duchess is delivered by a footman in livery,2.7468645018466256
the strawberry,la fraise,,1.858218770549588
the syringe,la seringue,"to distract me from the seringue, the doctor gives me a meringue",2.147167120120172
distant,lointain,a distant mountain,2.035999949
the tasting/sampling,la dégustation,picture a Spanish food stall with multiple different stations from different cuisines of Spain; the overall stall is called Dago Station,2.216804339889811
to window shop,faire du lèche-vitrine,lick shop-windows,4.1248868662399865
nowhere,nulle part,,1.744553692239385
the poodle,le caniche,"As the Queen is walking in her garden at Balmoral, she sees a poodle terrorising her corgis. ""Whose poodle is that?"" she asks. ""It'sh Kenny'sh"", says the gardener.",2.2258372838133367
the fisherman,le pêcheur,"I go up to a fisherman on the docks and ask if he's got any fish: ""Peche?""  ""Sure!""",2.286888017003933
to belong,appartenir,"I'm working at the railway lost-and-found alongside a monkey. Someone says ""Does this metal thing belong to you?"" I shout ""Ape! Our tin ear!""",2.255237642237508
the scarf,l'écharpe,"I put on the scarf and ask my friend how I'm looking. ""Hey, sharp!""",2.169344599124512
the fountain pen,le stylo,,1.888740633934597
the August,le Août,,2.4928177944495538
the oar,la rame,I picked what looked like the sturdiest oar but it turned out to be a battering-ram,1.8884461666577828
the nappy,la couche-culotte,"after changing the nappy, how to get the baby to sleep? Don't use a cosh, just coo-a-lot",3.16945021203882
the pepper,le poivre,a pepper is a true pear (poire-vrai),2.043875337014568
the road,la route,,2.05652700246346
the fridge,le frigo,,2.6630785158501515
the seagull,la mouette,"I'm taking my cow to market. It says ""moo"" -- and then it is et by a thieving voracious seagull",2.6037225482999093
the twin,le jumeau,"the twins understand each other so well they don't even need a single word to communicate - they say ""shoo mot!"" to the word",1.9720950430272488
the sleigh,le traîneau,"I'm in Lapland, and Father Christmas turns up at the station to pick me up. ""I thought we were going by rail?"". ""The train? No!""",2.091827045763448
the apron,le tablier,picture a barmaid in a pretty apron….all the drunks at the bar ask for their tab then leer,2.2682282683810766
the oil,l'huile,,1.6175603740540634
ill,malade,,1.6618706560126784
the paint pot,le pot de peinture,,2.6066495429522853
to fly,voler,if you kick a ball as a volley you kick it while it is flying,2.067266905744507
to skate,patiner,,2.3502345859712825
disgusting,dégoûtant,"I think it's disgusting when someone mocks spanish people with a ""Dago!"" taunt",2.527136281909107
recently,récemment,,2.254089391666577
the uncle,l'oncle,,1.5477022967223444
the leaf,la feuille,a folio is made up of leaves,2.358182561814982
the January,le Janvier,,1.6373953148737204
the April,le Avril,,2.2703991064546534
narrow,étroit,so narrow even a trout would struggle to get through,1.610512376500746
the pea,le pois,,1.6335864960991244
capable/skilled,habile,if you can get a peel off an orange in one go you are very skilled,2.168952985517046
the parrot,le perroquet,"debt collector comes to my door….it's Rocky with a  parrot on his shoulder….the parrot shouts ""Pay Rocky!""",2.1825332122273307
to share,partager,the students share a joint by tearing it in two - they part-a-J,2.0621198113887127
abroad,à l'étranger,,2.4553049758628567
the bean,le haricot,,1.908776001237183
old (masculine),vieux,,2.6972700725213348
the June,le Juin,,1.9785238461550287
the fingernail,l'ongle,when I can log in to my VPN using just my fingernail it will be like a non-digital dongle - an ongle,2.5652402339047327
the carbon dioxide,Le gaz carbonique,,2.206900738
the lunch,le déjeuner,,2.399374889071289
the paintbrush,le pinceau,"imagine painting a tiny picture on a tiny easel with a tiny paintbrush, held using pincers",4.801729723259255
the cabbage,le chou,,2.359864302269626
the yoghurt,le yaourt,"I'm eating a spoonful of the new super-organic yoghurt, when I bite a wood-chip - I say ""Yow - wood!""",1.575799037868381
the caterpillar,la chenille,"a yoga teacher is demonstrating how to move like a caterpillar; the first step is, she kneel",2.035903055672608
the sawdust,la sciure,"I go into the pub. There is literally sawdust on the floor. I say ""I see you're not gentrified yet then"".",1.756899785425605
funny,marrant,"At the comedy workshop Kelly did, ma rant was very funny",2.5543543762630887
the cobweb,la toile d'araignée,toil of spider,2.383820894568173
I like that,ça me plaît,"I like that, I simply like that",1.95411614437378
inexpensive,bon marché ,,2.7910258442120592
the Friday,le vendredi,,2.3833080514452627
well equipped,bien équipé,,1.961684624354045
the apricot,l'abricot,,1.8642066363195395
the bench,le banc,,2.6724456681145567
the ticket machine,l'horodateur,I turn up to a date and the person I'm meeting is a ticket machine. She is a horror-dater.,3.662519728478313
the receipt,le reçu,past participle of receive,2.031811945090061
the chopsticks,les baguettes,,1.942480021
stingy,avare ,"the stingy man never, ever buys his round",1.980482544915514
the paddle,la palette,"I lose my paddle going down a rapid, but manage to grab a palette off an artist painting by the side of the river",3.7413375091932326
the prawn/shrimp,la crevette,Imagine wearing a beautiful paisley-style cravatte covered in pictures of prawns,2.684235535507161
overloaded,surchargé,"I thought I could manage my hotel bill, but when the surcharge came in as well I realised I was overloaded",2.0561519022341126
the carpet,la moquette,I take off my shoes when I walk on the new carpet so I don't mark it,2.2623612897646894
the thigh,la cuisse,As I sit in the chair waiting for the interview I look down at my thigh and am reassured to see the crease in my smartly ironed trousers,1.8548139911562087
the tyre,le pneu,pneu-matic,2.021361178706828
the rush hour,la heure de pointe,picture the peak (point) on the graph of when people travel,2.023999913
the seal,le phoque,"Imagine a hard-bitten Pembrokeshire sailor, looking fearfully out to sea on a misty day, saying ""They come out of the fog…""",1.9715395277402523
the french-windows,la porte-fenetre,,2.9392730659908715
the session/sitting/performance,la séance,picture a whole audience of ghosts politely watching a séance,2.391479400764567
the waistcoat,le gilet,,2.523522414198812
the drill,la perceuse,"The mechanic comes into his garage of broken-down cars with his drill, and announces to them ""I'm going to perk youse up!""",1.872418972
the shopkeeper/trader,le commerçant,a shopkeeper can be thought of as a commerce-ant,2.6108708783498806
the bee,l'abeille,"I wonder why so many tourists want to go to Bath, then I find out the abbey has been replaced with a giant humming bee",1.7720553825317384
the vegetables,les légumes,"I'm at a table full of vegetarians eating only vegetables, and I start carving a chicken and ask ""Leg - whom?"". No-one wants it.",1.707508654629042
elderly,âgé,,1.808410855
"the mist (light, v > 1km)",la brume,"Far off in the moonlit valley, skimming just above the mist, I see the witch flying on her broom",2.5572759719554443
the ball,le ballon,,2.0
the fruit juice,le jus de fruit,,2.02212228953532
full,plein,picture being in a RyanAir plane that is extremely full,1.913839719974264
the rowing,l'aviron,"rowers are very tough, they 'ave iron in their arms",1.8017995500891235
curly,bouclé,"the curly-haired art student is always worried about things sticking in her hair, so when she sees they're doing ceramics today, she says ""Boo! Clay!""",1.9873891921105733
to clean,nettoyer,"The house-owner is trying to incentivize his cleaner, and so has an array of nerdy toys, and says, ""If you get it reeeeally clean, you could net toy A""",2.5037055434943305
the screwdriver,le tournevis,"I'm screwing something with a screwdriver but I need to do loads of turns. I say, ""It's a bit turn-heavy!""",2.2462836106618247
the plaster cast,le plâtre,"after removing the plaster cast from my broken leg, the (male) nurse brings it out on a platter for me",1.97972307658332
the ceiling,le plafond,Wendy can't think of any happy thoughts so can't fly. Peter Pan suggests she make-believe being fond (play fond) and she floats up to the ceiling. ,2.437468166085816
the grass (not necessarily a lawn),l’herbe,,2.575320580250488
the shelf (in a house),l’étagère (f),"My room-mate says he needs the only shelf to himself for now. I hopefully say ""But later share?""",2.3846750259399414
the budgerigar,la perruche,"the budgie in Iljana's house is biting my finger, and muttering ""Pay! Rush!""",1.9108049074808757
the nursery school,la maternelle,,2.117633944485034
the belt,la ceinture,"I realize I've left my belt at home, but my colleague has brought a spare one. I shout ""A saint you are!""",3.247658355117391
the soap opera,le feuilleton,"Grant & Phil Mitchell start a punch-up and everyone gathers round and says ""Foight on!""",4.1895107783136485
the fly,la mouche,when a fly hits the windscreen it becomes mush,1.9060180717044404
the lorry,le camion,"Imagine Iain Todd can disguise himself as a lorry because he is a chameon (chameleon, geddit?)",2.807809375441124
" last, final",dernier ,,1.939570863024536
the moon,la lune,"the moon makes people crazy, i.e. it turns them into a loon",1.977551537930298
the saucepan,la casserole,,2.094968957484741
the clay,l'argile,"Picture Rob Roy shouting ""Argyle!"" as he pelts him with a handful of clay off the potters wheel, while fighting his way out of the castle",2.583834307920856
the tightrope walker,le funambule,"it's all fun, until the ambulance",2.672628805961138
the castle,le château,,2.832456187480388
the rainbow,l'arc-en-ciel,,1.966484414206611
the book-case,la bibliotheque,,2.069620052973429
even though,bien que,"I found Eastenders boring, even though it had Bianca in it",2.879246394871611
to attack/abuse,brutaliser,,2.2101286648894045
the day off,le congé,on my day off I go to the Chinese restaurant and eat congee,2.0
the nut (for bolts),l'écrou,"I'm putting together a fence, but I have run out of nuts for the last bolt, so I find a crow & persuade him to hold it with his beak",2.6626705414345704
the ostrich,l'autruche,the ostriches are in the pen; they spot a hole in the fence and they all out-rush,1.904351698335707
alike,pareil,"Once the soldiers are in uniform, Para-A is much like Para-B",1.93280002
the cabin crew,le personnel de cabine,,3.5504643711043
the party,la fête,,2.100260275381583
the freezer,le congelateur,"open the freezer and it's full of frozen racing-cyclists, because it can congeal-a-tour",3.148223621542743
the bone,l'os,pr: loss (i.e. don't drop the s),2.06679640620588
the cherry,la cerise,,2.5055271322736408
vague,flou,someone who is very vague about their aims just goes with the flow,2.4085086319421385
the badger,le blaireau,"a group of Tories are waiting to hunt Tony Blair; they hear a sound in the undergrowth and are disappointed when it's just a badger: ""It's Blair!...oh.""",1.9655607792432657
the axe,la hache,"I'm trying to chop logs with an axe; Neil comes out & says ""you're making a real hash of that""",1.590571599769796
the pony,le poney,,2.5281578056054856
the hat,le chapeau,"I'm on sentry duty in the Peninsula War, when I see the distinctive hat of Major Sharp. I shout ""Sharp-oh!""",2.370097320235189
the bead,le bourrelet,"Walter Raleigh lands in America with some beads to trade, and is looking around when an Indian jumps out at him and says ""Boo Raleigh!""",1.803999975
the toaster,le grille-pain,,1.956568840005832
the test,l’épreuve (f),"the lisping ape says ""the ape rurrrrve the test""",2.0534867702626545
the arrow,la flèche,"I complain to the battle-field doctor that I've been wounded. He looks at the arrow stuck in me, and quips ""It's just a fleche-wound""",2.23598120156935
the sailor,le marin,"think of a French navy ship manned entirely by marines in red jackets, carrying muskets as they climb the rigging",2.074180793293823
the nostril,la narine,"Think of a marine who whenever he's asked to do something, he gets angry, his nostrils flare, and he says ""Nah!"". So he's called the Nah-rine.",1.8826426607260336
the hay,le foin,imagine having fun in the hay in Cinder Hill's loft,2.357335268008789
the plank,la planche,,1.8747696861274408
the tin opener,l’ouvre-boîte (m),open-box,2.5208189800773337
fascinating/enthralling,passionnant,,2.763305914573093
the garden fork,la fourche de jardin,,2.6428438496618654
the widow,la veuve,"in spite of being a widow, she is very stylish - she has a lot of verve",1.960617457
the bathroom,la salle de bain,,4.063199313801165
the bridegroom,l'époux,"The bantering father-in-law introduces the groom by saying ""This is the ape who wants to marry my daughter""",2.8149601190495623
the sponge,l'éponge,,1.6259266498335052
the smoking,le tabagisme,the tabernacle-schism between catholicism & orthodoxy wasn't about theology; it was because the catholics wanted to start smoking,2.2997083995478653
the cooker,la cuisiniere,,2.344984632221557
the fence,la barrière,,1.956000005
the mashed potato,la pomme de terre en purée,,2.8232828762327067
to be sleepy,avoir sommeil,"""Have some May"" the sleep-fairy says, throwing blossom-petals in my face, and making me magically fall asleep",3.207829081451172
the sandpaper,le papier de verre,Picture trying to get a super-fine polish on a french table using a glass,4.252515916471128
again,de nouveau,,2.115225950876872
to deny,démentir,"when unwanted guests arrive at the Duchess's house, the servants deny she is here by saying ""Dame in't 'ere""",1.6437865108351235
the May,le Mai,,1.599809825386149
the ham,le jambon,,1.6652782842633058
the slope,la pente,"On the cross-country run, we get to the bottom of the slope, and the trainer says ""Right it's up the slope, so a chance to release all your pent-up energy""",2.0302791725793456
the hippopotamus,l'hippopotame,,2.014529084536296
the log,la bûche,"picture hitting someone with a log and making the sound effect yourself: ""Boosh!""",2.01555234554336
the counter/bar,le comptoir,,2.0
the job application,la demande d’emploi,a job application is a demand to be employed,4.171352690335165
the downstairs,le bas,,2.2580678840678305
the scarecrow,l'épouvantail,"the farmer has come up with an odd scarecrow - it's a gorilla dressed as Dr Who in a floppy hat & scarf (Ape Who), hanging off the back of a van (Van Tail)",2.121451861
at the same time,en même temps,,2.143862611448771
the ribbon,le ruban,Imagine a Rubin model wearing a ribbon in her hair,1.707825897280192
the spanner,la clé,,2.3760693245601328
the leg,la jambe,I'm wading through a giant pot of jam which completely covers my legs,2.288674537736869
awful,affreux,"that's an awful affro, I say to my 70's friend",1.7815957722084554
the bedside table,la table de chevet,as I get up the bedside table is in my way so I shove it,2.1327395816585693
the bungalow,la maison de plein pied,"the beautiful secretary can afford a 2-story house, but the plain PA can only afford a bungalow",3.405414558960372
tasty,savoureux,something you can really savour,2.402800086
the rain,la pluie,"I look outside & it's raining, so I say, ""Ah, pluey!""",2.339509721875407
to criss-cross,sillonner,I criss-cross C&A trying to find the ideal clothes,2.177971077098931
the nurse,l'infirmière,,2.092564344387329
the camera,l'appareil photo,apparatus photo,2.229408014319865
the traineeship,le stage,,2.936671186376501
the deck-chair,le transat,someone has no deck-chair so he drives his transit van onto the lawn & sits in that,2.3494631979200578
the purchase,le achat,"if your purchase is a pig-in-a-poke, what you actually bought is a chat",2.0339002027118145
the workshop,l'atelier,"The old man in the work-shop is always telling stories, beginning with ""I tell ya…""",3.400658254270201
raw,cru,the officers get cooked meat; the crew get raw fish,2.646366406
the duster,le plumeau,,2.3935837291843263
average,moyen,"The city aristocrats are dominating the fancy chicken contest…the yokel has to admit to himself ""Moi 'en is just average""",2.042681482
the toe,le doigt de pied,,2.2136261990375163
the ice skating,le patinage sur glace,"We play a game on the ice-rink where you have to pat-an-age, collecting someone of each age to win",3.1749028806333186
the ear,l'oreille,I'm at a football match and someone shouts 'urray! Right in my ear,2.2821359057161863
the sock,la chaussette,Someone invents some magic socks which always find their pair - they are a sure set,2.62306968744576
the minimum wage,le SMIC,some-money-in-cash,2.402026397
to complain,se plaindre,"Dr Dre is complaining that the house we're getting in for holiday is very small. I say "" 's a plane, Dre…""",1.9495522714139584
the wallet,le portefeuille,"we're freezing in the snowstorm and have nothing to burn, but Loadzamoney gets out his wallet and burns all the notes, and says ""I have a porta-fire""",4.932569543207195
the shark,le requin,"I taunt the shark by saying he can't get in the sea on a cold day. He tip-toes in, and says ""You see? I - brrrr - can""",2.283354311857813
paramount,primordial,"Assume the Lost World, about primordial wildlife, was made by Paramount",2.9741449955528787
the plum,la prune,,2.0640510265358074
the tanker,le pétrolier,"the Chips guys have had their bikes confiscated for being too maverick, now they are patrollers in a tanker to refuel the other cops en-route",2.418523550112589
the shoe,la chaussure,"To keep noise down on the submarine I give the men special shoes, which I announce will do the trick. The Captain (Sean Connery) asks ""How can you be so sure?""",3.1163899364178698
the sugar,le sucre,,2.10465491678989
to score (a goal),marquer (un but),I kick the ball so hard into the goal that it marks a boot on the ball,2.247564779548909
the owl,le hibou,picture an owl very courteously bowing,2.2985229818174644
the living room,le salon,,2.0784160423177536
to fail,échouer,"the failed detective spots a foot-print, and says ""Aha!"" ""What does it tell you?"" asks someone. ""A shoe, eh!"" says the detective.",2.525178451895435
the fishing rod,la canne à pêche,"You can either get tuna from a can of fish, or a canne a peche",2.055999966
the pig,le cochon,"An animal is being beaten up by the pigs on Animal Farm, and says ""Ow! Please stop"". Napoleon barks ""Cosh on!""",3.2168899220335825
the rocking horse,le cheval à bascule,"It is Christmas time in North-West Spain, and a child has been bought a rocking horse to celebrate Basque Yule",3.3099408300570112
to catch up,rattraper,"I'm in a rat-catching contest with a cat, and obviously miles behind, so to catch up I resort to using a rat-trap",1.9644416173299155
the crossing,le passage,,1.866422977083028
the arm,le bras,"Picture a bunch of South African rugby players comparing biceps going ""Bra! Look at my arm!""",1.955896157224772
the raspberry,la framboise,Just think of the McSherry children (Fran's boys) blowing raspberries,2.753088002573367
the slide,la glissière,I am scared to go down the slide in case I crash & damage my glass ear,2.092614724115967
tan,bronzé,,1.989366256521688
indeed / even,voire,"imagine the noise a light-saber makes (vwoire!!!) and Darth Vader saying ""You have constructed a new light-saber…indeed you have even changed the colour""",4.2804257090706015
the trainer (i.e. teacher),le formateur,"The trainer growls at the start of the program to the new recruits ""I'm gonna format yer""",1.919999923
the rubbish (polite),les déchets (m),"Sean Connery is clearing out his garden, and throws away a flower. I protest, and he says ""It's just a daishy""",1.9940739815038653
the rib,la côte,People on the cote d'azure are so fashionably thin that you can see their ribs,1.916907352745972
half,moitié,"On the SAS selection course I only do half as well as the others. The sergeant asks what regiment I come from, and I say ""Moi? T.A.""",1.9067653995750329
the hairbrush,la brosse à cheveux,,2.631897065901254
the cauliflower,le chou-fleur,,1.7909762501349895
to relieve,soulager,I have a terrible hangover - I would sue lager if it would relieve the pain,2.049294317441976
the rudeness,la impolitesse,,2.29837336166626
the screen,le écran,I spend all Sunday slumped in front of the screen - I ache because I ran on Saturday,2.85230936840526
bitter,amer,"When paying for my goods I start to say ""American Express ok?"", but only get as far as ""Amer…"" before the bitter realization that I left my card at home",2.0072045442111546
the pond,l'étang,"I'm visiting McSherry's garden and he gives me a bit of the pond to drink. ""It's got a bit of a tang"" I say. He says it's because it's full of whiskey.",1.78209036673272
the dormitory,le dortoir,the family have so many dortoirs (daughters) they need a dormitory,2.236261363382693
the toyshop,le magasin de jouets,,2.235991673783412
to invade/take over,envahir,the invaders invaded because they were really jealous of us for a whole year - an envy-year,2.160816340148519
selfish,égoïste,,2.053524816785685
the earthquake,Le tremblement de terre,"In the earthquake, the mountain turns into a tremble-mount",1.928000006
the fox cub,le renardeau,it is the raw material that foxes are made out of - renard-dough,2.250954998864068
the felt-tip pens,les feutres,picture a giant whose felt-tips are fir-trees,2.2096918027821046
to overflow,déborder,"during the night the school is mostly empty, but during the day it overflows with day-boarders",2.37942886352539
the saw,la scie,Picture Moses sawing the red sea before he can divide it,2.0283531239323747
the lorry driver,le chauffeur de camion,,2.1848789850870767
hardly/barely/scarcely,à peine,Il peut à peine lire sans ses lunettes,2.193258723409872
the hedgehog,le hérisson,"Prince Harry has a son, but there are fears it is illegitimate, as it is a hedgehog",1.8637541717931725
the climbing,l'escalade,"For the keen ones there is a wall to climb, for the lazy there is an escalator next to it",1.9288064108954528
the task,la tâche,General Melchett's main task is to care for his 'tache,1.9629910117677136
the checkout,la caisse,I go in & stand by the check-out because I want to case the joint,2.572345586809037
to water (plants),arroser,"the garderner's apprentice is getting instruction in plant recognition as he waters - picture him replying ""that's a rose, eh?""",2.426777644226639
the wheelbarrow,la brouette,I'm operating a mobile micro-brewery in a wheel-barrow. It's so small it could be considered a brew-ette,2.599717075895512
the screw,la vis,mentally connect a screw with a vice,2.2091029485066733
the farmer,l'agriculteur,,2.311377896202936
the peach,la pêche,,2.3472041462205406
ginger (colour),roux,Picture a ginger kangaroo,2.038047549934489
the buckle,la boucle,,2.499024329362092
the worry,le souci,"The fisherman calls his lawyer and says he wants to sue the sea. ""Sue sea?"" says the lawyer. ""I have some concerns about whether that would work…""",1.93560002
the grass,le gazon,,1.9703666
to save/protect,sauvegarder,,2.1980139012991944
the singer,le chanteur,,2.8334265749706624
to lend,prêter,"""Prey take it""",3.7217018221631455
the Saturday,le samedi,"from ""Sabbath day""",1.5435316298775634
the dog-lead,la laisse du chien,leash of dog,2.404191107986821
the bunkbeds,les lits superposés,"the new bunkbeds are pretty flash, in fact they are super-posey",3.6679917502793375
the bath,le bain,Picture Bane washing his hair in the bath,2.229160699607951
the rock,la roche,,3.1198660262178954
the square,la place,,2.577758551078789
freezing,gèle,,1.9255204059347328
the canal lock,l'écluse du canal,"I can't figure out how the canal works, until I study les clues (the clues)",2.294185496513184
scroll up/down,défiler vers le haut/le bas,"My Deaf Eel can't hear my instructions about where the correct paragraph is, so he just swims up or down the screen until he finds it",2.0
in a bad mood,de mauvaise humeur,"movie critic's wife says to him ""The movies you murder, are the ones you've watched when in a bad mood""",2.38660688369873
the star (of the show),la vedette,"Al Capone gets a liking for AmDram, but gets cast in a small part - he wants to be the star of the show, so he starts a vendetta against the other actors",2.198793682241482
the gym,le gymnase,,1.546867044
the dolphin,le dauphin,,1.7131319592978922
the toy soldiers,les soldats de plomb,,2.101895593218486
the bride,la mariée,,2.371416250864665
angry,fâché,a Fascist is an angry-ist,1.7695249323439537
the shed,le hangar,picture parking a B52 in Mum & Dad's shed,3.1606100229937986
the sweet shop,la confiserie,"whenever I fall for one of the Great Brain's cons, I have to buy him sweets as a fee, so the sweetshop is the con-fee-serry",3.642970544320566
the left,la gauche,,2.348390419863281
confident,assuré,,1.94461789990153
sad,triste,,1.8900094150309243
the plate,la plaque,,3.873556793855523
the windmill,le moulin,,2.00836032264856
the map,la carte,,2.153496502591078
the tadpole,le têtard,"On the downside tea is tardy; on the plus side, it is full of tadpoles",6.7113095575701225
alone,seul,"Imagine Godzilla has killed everyone in Seoul, so I am alone there",2.101794039398871
the doll,la poupée,think of my first doll…no not Bagwash or Passionflower,2.199963496149394
the baker,le boulanger,,1.989604576950764
the pencil,le crayon,,2.2338687846483563
the desk,le bureau,,1.68495974399058
the March (month),le Mars,,2.2050794428652343
the day before yesterday,avant-hier,,2.700606336318907
the teapot,la théière,The french host asks if I'd like tea by holding up the tea-pot. Tea? Yeah!,2.813651854216946
it doesn't appeal to me,ça ne me dit rien,,2.2832952870262995
the squirrel,l'écureuil,Ache-you're-A,2.3903165522425334
the cowshed,l'étable,the cow shed is full of animals that are eatable,2.294183333714803
the kidney,le rein,"If the heart is the king of the organs, the kidney is the queen (the heart is a bigamous king…)",2.1892096072825926
the wasp,la guêpe,"The wasp lands on my jar of jam, but has to do battle with the animal I've set to guard it - a tiny, jam-loving gorilla called a goo-ape",2.8258384393574083
the milk,le lait,,2.675997332362897
the jaw,la machoire,"When I break my little brother's toy with my mighty jaws and he starts crying, it goes something like this: MASH. Wah!!",1.9827924217492403
the toothbrush,la brosse à dents,,3.697634220123291
the packaging,L’emballage (m),"When Morgan Freeman is let out of prison he works packing groceries at a supermarket, but he doesn't mind - he has reached a humble-age",2.2317286332448325
the shirt,la chemise,"The wife wears her absent husbands shirt, because she miss him",2.290349946590861
the clothes,les vetements,,1.8533443944388488
the tail,la queue,,3.2306088696863475
the season,la saison,,1.872018656435032
the candy floss,les barbe à papa,,2.17228670791036
the bait,l'appât,the poor fisherman has to use a cow-pat (a pat) for bait,3.931845435389766
the toll,le péage,"When you're a school-child you can go over Clifton Suspension Bridge for free, but when you're an adult you've reached the pay-age",4.917815086838162
to weigh,peser,"I get on the speak-your-weight machine; it says ""Pay!"", I give it 10p and tell it ""Say!""",2.2248205001287844
cloudy,nuageux,,2.541355701413676
confused,désorienté,,2.0196914278607854
to tidy,ranger,"picture Aragorn ranging around the northern wastelands, tidying up",2.4308098509469267
the night,la nuit,,1.676780588272366
the bay window,la baie vitree,,2.10367974801709
the furniture,le meuble,"I can't see the furniture in the hippy's house, because there's too much smoke from the incense - all I can see is myrrh-blur",4.63986530965357
the hot-air balloon,la montgolfière,,1.880303839377509
to seem/appear,paraître,the parrot standing on the great-dane's shoulders with an overcoat on them appears to be human,3.313185240566212
the writer,l’écrivain (m),the writers unreliable income gives him constant money worries about his camper - he has an ache re van,1.5698144049789768
dark (colour),foncé,Fonzy always wears a dark leather jacket and dark glasses,1.803636868794759
annoying/irritating,embêtant,camping gets irritating when an ember lands on your tent and it catches fire,2.188391102684869
lonely,solitaire,"You play solitaire when you have no-one else to play games with, so you feel lonely",1.751792669
sometimes,parfois,"when it gets really cold, sometimes I slip on the path - wah! (the wah is the sound I make as I slip)",2.3162285628556183
the ladybird,la coccinelle,"I've got a girls football team, called the Ladybirds. It's coaching hell.",2.3994026481084187
the handbag,le sac a main,,1.8814875721856013
previously,auparavant,"The cooks make sure to bring the food quickly at the German Parachute Regiment dinner, because previously when they were slow the paras sang ""Oh Para Vant!""",2.177363331
the haystack,la botte de foin,picture a hay-stack created by filling up a giant water-butt and then tipping it over like a sand-castle,2.671114207906657
not yet,pas encore,,2.410602541188287
thunder,le tonnerre,Thunder is caused by torn air,1.9687315812272133
suddenly,soudain,"I was in the Sudan innocently extending the Empire, when suddenly the Mahdi Army marched over a sand-dune",1.8424638843234595
to turn/switch off,éteindre,"After the raclette, my friend reminds me ""so, we've ate, annnnd…?"" ""right"", I say, ""need to switch off the raclette now""",2.114228128914591
the wheel,la roue,picture an australian car with 'roos instead of wheels,2.064959554614095
one way,sens unique,"I'm driving a speeder with ObiWan and there's no signs but he says ""I sense this road allows only a unique way…""",2.333509584043498
the rogue/thug,le voyou,"the Welsh policeman grabs the thug by the ear and says ""Come on now boyo""",2.0568358368343778
the kettle,la bouilloire,"the kettle says 'you're it'. But I'm hiding behind it….I jump out and say ""Boo! You are"".",2.457628016227702
the racquet,la raquette,,2.1011272372391088
the hairdresser,le coiffeur,,2.270592979413045
together,ensemble,,2.1382702896606447
the kid (child),le gosse,Picture a very blond kid that looks like one of the Goss brothers from Bros,2.534277464641398
the fire engine,le camion de pompier,,2.0
food/diet,l’alimentation (f),"I'm hungry, so I'm buying illicit imported polos from the Alley Mint Asian",1.8088061946358645
the pancake,la galette,"the waitress who serves the pancake is so girly, she is like a gal-ette",3.101914172953817
the iron,le fer à repasser,imagine falling asleep (having a repast) while the iron burns a hole in my shirt,3.32803578682214
the wooden spoon,la cuillère en bois,"We taste the dubious stew with a spoon. I'm about to ask if the other guy is now feeling queasy, when he cuts in: ""Quea…? Yeah!""",2.990934398439195
the sprinkler,l'arroseur,"the manor house doesn't have a general archery evening, it just has the arrow-sir practicing. Luckily he doesn't need someone to water the grass as he has a sprinkler.",3.157290034823948
the jacket,la veste,"I turn up at the athletics meeting in France having told them I need a vest to run in, and have to run in a massive parka",2.986229746430009
the drink,la boisson,,2.9312961807957403
the weather,la météo,meteorology,1.8270236904049684
the warning,l’avertissement (m),sort of like an advertisement….but the opposite,2.132291082844971
the sticks,les bâtons,,2.3318947124576823
to print out,imprimer,"After Theresa May revolutionised the Tory party's relationship with technology, people stopped printing out. One old hand still does - people say ""him pre-May""",2.295681482028157
the playground,le terrain de jeu,,1.8846752991700235
in a hurry,pressé,"the best kind of lift has a button marked ""A"", and a sign saying ""If you're in a hurry, press A""",2.903182267080851
the wall,le mur,,2.695423909167179
the son,le fils,,2.6634307785495337
the poster,l'affiche,"I put up a poster for the new fish & chip shop - it is just a fish, stuck to the wall",3.087028680024324
the chin,le menton,picture balancing a mint on your chin,2.000730551730754
used/old,usagé,,4.060699490189765
the cricket,le grillon,"I go to a chinese barbecue and they've got a bunch of crickets on the table, and they've already go the grill on",2.253261110110575
eldest/oldest/older,aîné,the ainu are the eldest of the Japanese people,1.7090548646704509
the jigsaw,le puzzle,,2.075113997717163
the windsurfing,la planche à voile,"Eliza Doolittle is learning to pronounce her vowels correctly by balancing on a windsurfer then shouting ""Aaaaaaargh!"" every time she falls in",2.337174548043145
the lawn mower,la tondeuse à gazon,"Tony Blair is switching on his lawn-mower, and says to himself ""Tone does a gas-on!""",3.656602705593948
the spade,la bêche,"As I hit David Beckham over the head with the spade I say ""Besh!"" - a cross between ""Becks!"" & ""Bash!""",2.5816719355406588
the hole,le trou,,2.026664538564318
the cycling,le cyclisme,,1.733278811278076
the spinach,les épinards,Ape-innards. (Because gorillas are vegetarian),2.0890886886100395
the ice skate,le patin à glace,ice-skating exercise where you have to skate along then lean down & pat on your skates,2.0
stormy,orageux,"We look at the thunder & lightning around the spooky old castle, and comment ""It's a real horror-show""",3.020991664455565
the suitcase,la valise,"Imagine Richard P turning up on his first day at work with a yokel haircut and a suitcase, because he's just come from the Valleys",2.123232375758762
the sum,la somme,,1.7502625629658883
sweet,doux,"""Shall I put in several more sugar-cubes?"" ""Do.""",1.83786332078064
the teddy bear,l'ours en peluche,"if you pay, you get it more lush (pay-lush)",2.683540279103028
the winter,l'hiver,,2.267528266251384
the fish,le poisson,,3.866761015806465
the elbow,le coude,"Someone asks if I want to play tennis, but I've got tennis elbow, so I answer ""I wish I could""",1.850002712673611
the February,le Février,,1.639119937
the ticket office,le guichet,"At the stage-coach ticket-office, the cowboy outside says ""Don't be shy, just go i' and shay you wan' a ticket""",2.315013807047215
to be wrong/incorrect,avoir tort,,3.376414079234433
the frost,le givre,"The frost is not Good for my lIVER. (Neither is drinking whiskey, which is a masculine thing to do)",1.848542054494222
competition,le concours,"picture an airplane competition, with Concorde competing against a bunch of biplanes",1.893828945
the DIY,le bricolage,"""You're going to build a wall yourself?"" ""Yup, I'm going to brick a large wall""",2.2330318422958984
the moth,la mite,,2.1845568438146565
the locker,le casier,,2.5354516556103515
the cucumber,le concombre,,2.0548339730539955
the rent,le loyer,if you don't pay your rent they will take you to court & you'll need a lawyer,3.2393099731869164
since (causal),puisque,,1.808626663877699
the building,le bâtiment,think battlement,4.373673450225293
the glove,le gant,"Going into the project review meeting, I draw the project gant chart on my glove",2.248017741963216
to evince,faire preuve de,to make proof of,2.273528202210002
the pillow,l'oreiller,at a nice hotel instead of a mint they leave an oreo on the pillow,2.526063917660613
scary/frightening,effrayant,"a soldier ant, a.k.a. a fray ant, is very frightening for a termite",1.840927913259481
the attic,le grenier,"the soldier searching an uncooperative peasant village puts his head up in the attic & calls out ""Grain 'ere!""",2.0147408763751904
the calendar,le calendrier,,1.826866130222304
friendly,amical,"Some friendly Irish people meet, and say ""Ah you're a Michael - I'm a Michael too!""",2.0100678644794105
the lawn,la pelouse,At St Pauls carnival some enterprising soul let's people use his lawn as pay-loos,2.4884294242674656
to warn,avertir,"the warning is the place where, if you're going to avert disaster anywhere, you will avert 'ere",1.856133902399048
the foot,le pied,,2.096610898957723
boring,ennuyeux,"I announce we're going to go on with the activity, but it's so boring I can't remember what it is: ""On we….er….""",2.461498205
the rope,la corde,,1.8480880490819296
light (in weight),léger,the best kind of light is a laser,2.326385471555921
the bull,le taureau,,1.7601431162814667
to rent/hire,louer,"The toilet rental place is down to its last 2. The proprietor says ""You can hire Loo A. But I need to keep Loo B for myself""",2.083904156
the sailing boat,le voilier,"Picture Eliza Doolittle practicing her vowels with the ""Vowelier"" device - a sailing ship that she has to propel by aspirating",3.2490421313701225
ugly (informal),moche,After you've been battered about in the mosh pit you look quite ugly,2.8655752871728786
the car wash,le lavage de voiture,,2.2320390629881457
the postman,le facteur,"I ask the Post Office how my package got damaged, and they say, ""Well, there were a lot of factors involved…""",2.4468573861634524
to move in,emménager,"some ancient yogis are moving into the house - I describe them to the others as ""Om-men, agé""",3.358502988849555
the summer,l'été,,2.150462965248956
the advert,la publicité,,2.603187169556546
the worm,le ver,picture a worm in a wine-glass,1.777827594458903
the bathtub,la baignoire,Ben needs to have a bath because he's so dirty he's black: Ben-noir,2.026218564304484
the ruler,la règle,,3.1869926496153163
the street,la rue,,2.170652740922208
the trailer (movie),la bande-annonce,"A band have been paid to announce upcoming movies at their gig, and have to act out the trailers",2.3253165351019964
the egg,l'œuf,,1.9339004070419312
the rollercoaster,les montagnes russes,Russian (rushin') Mountains,2.647851591118322
the leather,le cuir,"Imagine Herr Flic in his leather jacket, and I say 'Where's the small gestapo guy?', and he peers out from behind Herr Flic and says ""Coo! 'Ere!""",2.746438837614877
nervous,nerveux,,1.721811707649536
the pedestrian,le piéton,"the pedestrian is on-foot, or as they would say in French, pied-on",2.838473770353529
the workbench,le plan de travail,,2.57037165429857
empty,vide,"The little bird says ""I'm empty so feed me!""",1.889683096
the tie,la cravate,,2.463665136
the nose,le nez,,1.925372050072876
the vending machine/cash point,le distributeur automatique,automatic distributor,2.4046926498413086
the water skiing,le ski nautique,,2.05892754205249
to show,montrer,"I tell my guests I want to show them something, and come out with an empty tray. They say ""What did you want to show us?"" I say ""Well…mon tray!""",2.216426134109497
the camel,le chameau,"I agree to let the arab car-wash clean my car. I'm just asking them to use a chammy leather when the camel spits on my windscreen. ""How about a cham…oh.""",1.9620050296293536
the diver,le plongeur,the plunger,2.4326352369665933
the eyelash,le cil,"""Can I help you?"" I ask the damsel in distress. ""Oh don't be so silly!"" she says, fluttering her eyelashes",2.563331723213196
the frog,la grenouille,"The eel fisherman has seen a frog for the first time, and describes it as a 'green, new eel'",2.52094298335022
the school bus,le car de ramassage,the car of picking-up,2.9324530289421724
the horse,le cheval,,1.844663382341716
to make a mistake,se tromper,"In the orchestra, the room goes silent as the conductor raises his batton and counts us in. I trump my trumpet a bar too early. Everyone looks at me, and I say ""I made a mistake ok??!""",1.8660077872834704
to entrust,confier,"I finally entrust my valuable documents to a Swiss bank, and breathe a big sigh of relief - the banker says ""It's comfy, eh?""",1.8103784452415184
the rake,le râteau,"I'm raking up the leaves in the garden so I can find the elusive rodent, all the time calling out ""rat-oh!""",2.098505524814604
the barrel,le baril,,2.448107917646145
the island,l'Ile,,2.3630831517236963
anyway,d'ailleurs,"In Aliens, imagine Hicks saying ""we've got to try to contact the ship"" and Hudson saying ""why bother? We're going to die 'ere anyway""",2.5480687971468328
to chat,bavarder,"the father comes home and can hear his children chatting and splashing, and says to his wife ""they're in the bath, are they?""",1.917726202178304
the motorboat,le bateau à moteur,,2.173402030569594
the door-mat,le paillasson,"When the visiting doctor fails to wipe his feet on the door-mat, the mother of the sick boy goes pale as son",2.026336789131165
the tummy-button,le nombril,"In the future scientists invent a way to eat a delicious meal then remove it via your tummy button to avoid getting fat. So you can go ""Nom. Brill!""",2.037167955
worried,inquiet,,2.549883771403198
the tins,les moules,tins carry small provisions just like mules carry large provisions,1.897690428648112
the cupboard,le placard,get the marmite out of the cupboard; as I close it there is a protestor with a placard chanting 'down with marmite!',1.695526704760376
the staircase,l'escalier,,2.5
the petrol,l'essence,,1.7582971517654082
the wrist,le poignet,like a door-handle,2.148025256932034
the riffraff/scum,la racaille,"The constable brings the criminal before the Judge, and says ""What about this scum? Shall we give him the rack?"" ""Aye!"" answers the judge.",2.424722018065276
to lie,mentir,Do men tear? (i.e. cry). No! That is a lie.,1.993051837991785
the monkey,le singe,,2.2838391950924346
(coming) from,en provenance de,,2.362353645118777
the stable,l'écurie,"I ask why the stable is glowing green. I'm told ""that's not a stable…that's a Curie laboratory shed""",2.047438245897722
the slipper,la pantoufle,"As the dog walks up carrying my slippers, I hear pant, the 'oof' as he drops them, then 'leeeeeeagh' as he tries to get the taste out of his mouth",2.603816873907689
the oven,le four,the oven is like a really strong thaw,2.3833086991358625
the rug,le tapis,,2.4234810486791765
the cup,la tasse,,2.043447193249756
the roof,le toit,"The chimney sweep up on the roof has a strong cockney twang. I start to comment on it but get as far as ""He's got a pronounced twa…"" before getting elbowed in the ribs",2.352107642610311
the lady,la dame,,2.325670569952732
the dress,la robe,,2.2219723003304988
the railway carriage,le transport ferroviaire,Riding on top of the railway carriage you feel like the Pharaoh of the air,2.8638468186798995
thirst,la soif,"think of the guy in the beer advert - even though he's got to go back across the desert and is really thirsty, he's still super-suave",2.405802567799886
the thumb,le pouce,if you have green thumbs you could say your thumb is peuce,2.9013076187660047
the chalk,la craie,Imagine if your teacher was Ronnie Cray,2.323352361796549
the bus station,la gare routière,the National Express station is the station where they are rude-to-ya (remember Dave & my experience in London),4.340057318388594
the juggler,le jongleur,,1.6625228011352948
the upstairs,à l'étage,"think ""at the stage""",2.212279139201009
the lift,l'ascenseur,,1.984000004
the husband,le mari,,2.5993496172614337
the shape,la forme,,1.878639250118039
the fire (blaze),L’incendie (m),"Jack Dee goes round committing arson, but when he is caught he gets let off by the jury because he is such an 'andsome Dee",2.4856215486510824
to guess/work out,deviner,"easy, just think of divining rods",1.797345926417541
the sales (i.e. reductions),les soldes (m),"picture the shop-owner shouting ""And that's sold! And that's sold! And that's sold!""",1.8227441711173773
the farm,la ferme,,2.404928684234619
the box,la boîte,,2.380274449275553
the eagle,l'aigle,,4.409515924832031
the shower,la douche,,2.429562488846916
bad,mauvais,,2.3282099299960666
to set off,(se) mettre en route,"""I haven't got a newspaper"" my friend says. ""Never mind"" I say ""let's set off anyway - you can grab a metro en route""",3.749190899494832
it happens,il se passe,,4.462330478612074
the autumn,l'automne,,2.0602758764673257
the smoke,la fumée,,3.2678618254484952
the wind,le vent,the wind is the weather venting its feelings,2.150768144254313
to care for/treat/tend,soigner,"Picture nurses dressed as angels, with giant swan wings, caring for the sick",1.87962277730306
the curtain,le rideau,"I come in to see my new curtains; they are no satisfactory, so I just shout ""Re-do!""",3.272505887503956
frankly,franchement,,1.701154540453898
scared,effrayé,"A fight breaks out, so I am scared the affray",1.600631900783488
the rule,le règlement,"the snakes are forever breaking the rules, so they all get thrown out of Eden, so many of them that it makes a wriggler-mount",2.01130735611396
everywhere,partout,"the first film was mildly successful, but Part 2 is just everywhere!",2.0645857652028403
to damage/harm,endommager,"Although the vandals have smashed my honda, I just press the 'Honda Magic' button, and it's instantly fixed again",1.9306401040522256
lively (m/f),vif/vivante,"think of a very lively thief, stepping-in-time across the living room on his way to cracking the safe",1.702016167
the dustpan,la pelle à poussière,"picture a failed Brazilian footballer who's now working sweeping up, but he's kind of bitter about it, and says ""Pele? A pussy, yeah!""",2.525585644286121
the TV,la tele,,2.1427917413368327
the accomodation,le logement,My humourous flat-mate has left a giant inflatable polo - a large mint - in the bathroom as a joke,2.360870229007267
the rocket,la fusée,"In the NASA control room they start the ignition sequence by saying ""Ignite Fuse A!""",2.331325580296961
the scholarship,la bourse,bursary,2.6530529210593894
enough/sufficient,suffisamment,,1.818449709150526
the skirt,la jupe,,1.7240693865451389
the rice,le riz,,1.86568710747994
the cloud,le nuage,"I'm meditating with some Californians. We float up into the clouds. I say, ""Wow, a New Age really has begun""",2.041514926
the waiting room,la salle d'attente,Picture a doctors waiting room with a tent in the middle of it,2.3399646282196045
the comic book,la bande dessinée,"We're deciding on album covers and go for the one that's a comic strip of the band. The manager says ""the band want Design A""",3.016330426187197
the penknife,le canif,"I can open the can, if I have a pen-knife",2.651044683943726
the drug addict,le/la toxicomane,he fools people that he's not a drug-addict by dressing extremely sharply - he is a tuxedo-man,5.856994134159568
the flower bed,le parterre de fleurs,"the flower-bed keeps the flowers apart and stops them all being in one place, so it is the parter of flowers",2.8434452439354416
the bottles,les bouteilles,,1.985420724049588
to overtake,doubler,"I don't want to overtake because I think it sounds like a dangerous game, but my passenger says ""oh do play!""",3.378314565729213
the tablecloth,la nappe,picture the waiter having a nap in the middle of the table,1.8835529078120248
the candle,la bougie,"Picture shrek picking a giant bogie out of his nose, putting one of his ear-hairs in it, and lighting it",2.164529141277963
the penguin,le pingouin,,1.842785144416368
the keyboard,le clavier,"my dog can woof on command, but my friend's dog can play Mozart on the piano keyboard, so his dog is cleverer",2.338533798853556
the flipper (swimming),la palme,"I go to Egypt to go scuba-diving, and one of the local boys wants to join in, so improvises his equipment, including tying palm leaves to his feet for flippers",1.904890931529134
the tights,les collants,"I tell someone I've given things up for Lent. She says she will join me, and do a co-lent, by giving up tights even thought it's still quite cold outside",1.7671973355614017
delighted,ravi,"The waitress puts the pasta in front of me and asks ""Delighted, Oli?"", which in French is ""Ravi, Oli?""",2.0
the calf (of the leg),le mollet,think of a Victorian music-hall performer called Molly who is scandalously revealing her calves,2.2039087803870308
the painter,le peintre,,1.9243391865381536
fair,juste,,2.0053266009189907
to spoil,gâter,a gator will really ruin your garden party,1.971520022
the orchard,le verger,picture an orchard on the verge of the road,2.066069077764644
the eraser,la gomme,,2.053962735655789
the actress,l'actrice,,2.418486545527442
athletic,sportif,,1.920022257336144
the bank holiday,le jour férié,"Imagine your alarm goes off, and at that moment your fairy godmother appears to grant a wish - you wish it was a Bank Holiday (a fairy day)",2.5362095508157787
the (fruit) stallholder,le marchand (de fruit),"the fruit-stall holder is shouting ""it's March annnnnnnd, get your lovely spring greens""",2.19930855589049
the bus driver,le chauffeur de bus,,4.0073635287082086
the battery,la pile,a battery is like a pill for a robot that is feeling a bit run-down,1.7529102684032924
the toast,le toast,,2.5869419515868763
the field,le champ,,1.939817011935968
the lightning,l'éclair,I take one of Dad's eclairs from the glove compartment and he strikes me with lightning. Turns out he is Zeus!,2.170916651
to land [aeroplane],atterrir,"The hijacker leaves it too late in the day. Just as he jumps up with his gun, a passenger gets as far as shouting ""A terror-"" …and the plane lands",2.211651086807251
to cancel,annuler,,2.407261673650852
the survey,le sondage,the sounding of public opinion,1.750702213357996
the trousers,le pantalon,,2.796281762652552
the sausage,la saucisse,,2.0956562797403566
the birthday,l'anniversaire,,1.9901246646421031
renewable,renouvelable,,2.012290283926335
the sleeping bag,le sac de couchage,the bag of sleepage,2.6338673387130127
dirty,sale,"think of a raggy-doll, called Dirty Sal",2.269077694
the bowls,les bols,,1.9093008508109
addicted,accro,when dealing with junkies there's always a lot of aggro,5.124388736023627
the underpants,le slip,,1.984168153602544
the make-up,le maquillage,"the little boys are playing make-up by putting mud all over their faces, and their mothers says ""they're at a mucky age""",2.628557814365641
"great, terrific",super,,1.882674511589342
the coffee table,la table basse,,3.303951148633604
the shop,la boutique,,2.364139031991153
the basement,le sous-sol,"In spite of paying our taxes to the sun, those of us who live in a basement get no sunlight whatsoever, so we are going to sue Sol",2.361192654214402
hard-working,travailleur,I'm very hard-working during work-hour (travaille-hour),2.982884798305747
to devote/dedicate,consacrer,consecrate….but not holy,1.9631360901726616
the bosom,le sein,The Seine river is the bosom of France,2.152322109976061
the backpack,le sac à dos,,2.181589721
the bridesmaid,la demoiselle d'honneur,,2.1142077445983887
the seesaw,la bascule,like a big rocking horse,2.0576119635823567
the wood-burner,le poele,It's an Edgar Allan Poe-Hell - resembles the real thing but is smaller and contained,1.8448629284722085
the earring,la boucle d’oreille,"picture the fussy arts student who finds out her new earrings are made of porcelain, and she says ""boo! Clay!""",2.2965685710798747
the button,le bouton,,1.8803781073927808
the knee,le genou,genuflect = flex/bend the knee,1.7248165418557129
the countryside,la campagne,,3.621608942044353
the mirror,le miroir,,2.661255347854908
the Tuesday,le mardi,,1.743241740384996
the stone,la pierre,,3.447561507218099
the bush,la brousse,In the African bush there are quite a lot of obnoxious animals - picture a buffalo being quite brusque when I ask the way to the watering-hole,2.0289414674340414
the tummy,le ventre,"The tummy is where wind grows, so it could be thought of as the vent-tree",2.3657410050982666
the book,le livre,,2.195396145184835
the eye,l'oeil,"picture painting an eye, in oils (pr: oy-yu, with the yu being very light)",2.373249223955282
the July,le Juillet,,1.5150374555782289
the daughter,la fille,,2.079948245826172
the flag,le drapeau,"The old French soldier looks up at the flag, and has a tear in his eye - a drap of eau",4.193548567325217
surrounded,entouré,"The pop-groups tour bus is surrounded by crazed fans. The manager shakes his head ruefully and comments ""On tour, eh!""",3.665419373627726
the shelf,le rayon,the shelf is what the fish-monger puts his ray on,2.986466275321112
dark (light level),sombre,,2.595643731647217
the rope ladder,l'échelle de corde,,3.5657184632208527
to throw (away),jeter,"I throw it away, down the chuté",2.157838899
the hill,la colline,"If we both climb the hill, we will get co-lean",2.181165243396759
"the fog (dense, v < 1km)",le brouillard,I can't see anything in the courtyard of the brewery (the brew-yard) because the fogging from the vats is so thick,3.0241053490318226
annoyed,ennuyé,"I'm about suggest we continue with the activity when someone does something that really annoys me & I object to: ""On we…hey!""",3.7725176405395824
the pebble,le caillou,"The Wily Coyote is chasing Road-Runner, and gets to a door where you have to identify what type of animal you are. He gets as far as ""Coyo.."" before a pebble falls on his head. kai-yo (kai as in pie)",2.073633586633504
the throat,la gorge,As Jonah is going down the whale's throat it seems like he is falling into a gorge,1.974672966402832
the ironing board,la planche à repasser,imagine falling asleep (having a repast) while the iron burns a hole in my shirt,2.1367458502451577
the annoyance,le casse-pieds,"a broken foot - like a pain in the neck, but at the opposite end",3.967225445641412
the chairs,les chaises,,2.008000075
the lizard,le lézard,like a lizard but lazy,1.5063267205588449
the pain,la douleur,from this painful experience I hope you do learn something,2.0
to park,(se) garer,"for Sports Relief, Sir Gary Lineker parks the cars of all the audience members who turn up",2.5438176941603063
the tide,la marée,"After having an illicit affair with King Canute's daughter, he buries me up to my neck in the sand while the tide comes in, until I agree to marry her",1.8977580864841792
the disadvantage,l’inconvénient,,2.471162794768962
the wolf,le loup,wolves don't run they lope,1.7263091227644178
the archery,le tir a l'arc,Noah's kids practice archery after the flood by shooting at an old tyre that they lean against the ark - the tyre at the ark,2.129452278175537
the vacuum cleaner,l'aspirateur,,2.136798637884634
the floor,le plancher,picture d'Artagnan's servant Planchet sleeping on the floor,2.020529826482137
the roundabout,le rond-point,picture in the middle of the intersection there is a round point painted on the ground,1.829797294404772
the riding,la équitation,,2.834950259434154
the forest,la forêt,,1.690720798
the mole,la taupe,"If you make a mountain out of a molehill, you will never reach the top",3.4919825895179124
the bird,l'oiseau,A bird is a wazack that comes from Italy - a wazo,2.489358878515544
to beef-up,étoffer,the cow was so beefed up by all the hay that she was as large as a dining-room table; so I ate off 'er,2.702150594229573
the door handle,la poignée de porte,picture a door handle shaped like a pony with the neck of a swan - a pwany,2.0647145948717243
drunk,ivre,Turns out God didn't throw them out of the Garden of Eden because of the apple - it was because Eve got drunk,5.478190972513668
the wool,la laine,"Have you any wool? …and one for the little boy, who lives down la laine",2.003494549378764
the crossword,les mots croisés (m),"I'm not doing the cryptic crossword, I'm doing the quick one, so it's a quasi-crossword",2.4835238456726074
the horn,la corne,"Think of little boy blue in the corn, playing on his horn",1.5184036810865749
the house-wife,la femme au foyer,picture a house-wife waiting for her husband at the foyer,2.8315021314957165
the sheep,le mouton,,2.611122911655097
the ground floor,le rez-de-chaussée,the ground-floor of school is Infant 1…the sort of thing you do here is Show-and-say,2.356404931331652
the necklace,le collier,think of a coal-miner (a collier) wearing a beautiful diamond necklace,1.7124383891621908
the customs (at a border),la douane,"Picture Dwayne Dibley as the customs guard, searching through bags in a pair of ridiculous gloves",2.1927666388756104
comical,rigolo,"the new colleague turns up dressed as a clown. I say ""what's this rig - 'ello!""",1.8672318006153563
the half-time,la mi-temps,at half-time the players get to spend a little bit of me-time,2.524800104
the petrol pump,la pompe à essence,,2.1046084318485923
the bat (animal),la chauve-souris,picture a Transylvanian mouse (so obviously with wings & fangs) that hates foreigners; it is a chauvinist-mouse,1.9549988739086688
alive,vivant,,1.595975551280133
the bottle opener,le tire-bouchon,"I'm trying so hard to open the bottle with my eye-socket that I get a tear, but I push on",3.228356738017212
the wave,la vague,when you are being vague you are hand-waving,1.8256299022321367
the advert [old word],la réclame,the advert for the pearl shows a slightly-open clam with a ray of light coming out of it,2.181480407714844
the hoop,le cerceau,picture Cersei from GoT playing with a hoop,3.3915331805193865
to taste,goûter,"I taste the maple syrup, and my Canadian host says ""Good, eh?""",2.2707139465403725
(me) neither,(moi) non plus,,1.9740667729422607
it is about,il s’agit de,"The ask Stephen Spielberg, ""Jaws - what is it about?"" He starts to describe the film, with it's first scene: ""Eels agitate the surface of the water…""",2.007594011133932
the watering can,l'arrosoir,watering the village green is made more tricky because I'm doing it on the weekly archery evening (arrow-soir),2.507921575930176
the wing,l'aile,You feel like you can fly after you've had an ale,2.1087555487950644
the goose,l'oie,"The child gets his finger bitten by a goose, so says ""Wah""",2.3293888801125804
the garlic,l’ail (m),"""this is a pearl that I bought for you"" I say to the vampire as I pass him the garlic. ""That's a lie!"" he shrieks as he takes it and bursts into flame.",1.8059447239307047
to relax,(se) détendre,the relaxation of hostilities between England and France was détente,2.180720030031557
the railway track,la voie ferrée,"Looking at the SNCF rail-track, one rail enthusiast says, ""It's pretty good isn't it?"". The other replies ""Phwoar! Very!""",4.978056625083641
the travel agency,l’agence de voyages (f),"picture a very romantic view of a travel agency, with a line of 18th century sailing ships lined up behind the shop from which you can choose your voyage",2.069199979
the grapefruit,le pamplemousse,,2.8822076845064744
meanwhile,en attendant,in waiting…,2.637307816501275
the paw,la patte,picture giving a dog a pat on the head…while wearing a fake paw…,2.257105202426283
the fried egg,l'œuf frit,,2.3752057552337646
the course (of studies),la formation,,2.383877277374268
retired,à la retraite,,1.7784254681784173
the train driver,le conducteur du train,,2.092000072
the frying pan,la poêle,,2.022070196403768
the exhaust fumes,le gaz d’échappement,"in escaping the exhaust fumes through hill-walking, I don't so much have an ace up my sleeve, as an ace-up-mount",3.0891422381623195
the jam,la confiture,I eat jam & crumpets while sitting in the comfy chair,2.0275493802489417
the basin,le lavabo,think of a woman dreamily cleaning her bathroom basin while she thinks about how she love-a-beau,2.646625661757039
the money box,la boîte de l'argent,,2.808919889627415
depressed,déprimée,It's easy to feel depressed right up to late spring - in fact on every day pre-May,2.100301474596232
the dustbin,la poubelle,,2.035144567489624
the police station,le commissariat,"I go into the Soviet WW2 police station, and say to the desk sergeant ""the commisar, he at….?"" and point down the hall",2.261246862031101
the comb,le peigne,just imagine the pain of combing out a really tough tangle,2.129779064081285
the traffic light,le feu rouge,when I get stopped by the traffic light I get so angry it's like I'm consumed by red fire,2.422795676506144
the sandpit,le bac à sable,"a dump-truck is delivering the sand for the sand-pit, and I'm guiding him in, saying ""Back…back…back…""",2.587029324637519
the lighthouse,le phare,,2.000283299418945
the bucket,le seau,Picture Henry fixing the bucket by sewing it,2.284012734235481
the pet,l'animal de compagnie,,2.2247287015323667
the pram,la poussette,"I ask how to drive a pram, and I'm just told ""Push it!""",5.008133374194119
the model (fashion),le mannequin,,3.795721530914306
the factory,l'usine,"I go to audit a dodgy factory. The manager opens the door very quickly, then shuts it and says ""right, you seen!""",2.372417467338144
the greenhouse,la serre,"I go into the greenhouse and say, ""Wow, it's hot in here - you can relly feel the sear""",2.207460530978516
the diving,la plongée sous-marine,plunging under the sea,2.2946823769191487
the glue,la colle,The collie cheats at one-man-and-his-dog by gluing all the sheep together,2.349241178868508
the nut,la noix,"I'm watching a film noir at a 1930's cinema - because it's so retro it doesn't provide pop-corn, just pea-nuts",2.3183556188314207
the rubbish,les ordures,"Aristocrat looking at a mob says to his friend ""What rubbish they are!"", then turns to the mob and shouts ""A horde you are!""",2.7873084427397927
open,ouvert,,1.7933552850827816
the toilet,les toilettes,,2.049472695700695
the duckling,le caneton,a duckling has gone off the rails & started smoking lots of weed - he can cane-a-tonne,2.008064985275269
the loss,la perte,"in the slightly odd card-game, all my cards were paired, so it was a loss",2.5224469952960207
the knowledge,la connaissance,,2.2755211146769208
the finger,le doigt,"I hit my finger with a hammer and say ""Dwat!""",2.012067543863444
the hose,le tuyau d'arrosage,"the arrow-sage doesn't need his garden watering for him while practicing archery, as he is wise enough to do it himself with a hose",2.00491222764445
the cliff,la falaise,"it's very easy to fall off, i.e. there is a high level of fall-ease",1.848591829
the crutch,la béquille,"The wizard as a favour lets the cripple fly like a bird - he points his wand at the cripple's crutch and says ""Be quill!"", and it turns into wings",1.859478768611993
typical,typique ,,1.6946163179993896
the rowing boat,le bateau d'aviron,,1.89621016714308
to develop (a building),aménager,the architect has completed developing the building with a topiary bush in the form of a lion - a mane 'edge,2.5894849128985595
the hot chocolate,le chocolat chaud,,2.0346751301136154
the face paints,les peintures pour le visage,,2.2637767409100946
the dish-washer,le lave-vaisselle,open the dishwasher & there is a cheesy game-show host from the love-boat inviting me to come and try the love-vessel,2.317716360092163
the mop,la vadrouille,"Newby storm-trooper gets told to do a better job of mopping or Darth Vader will hear about it. Replies - ""Vader? 'Oo 'ee?""",3.129671978799036
wet,mouillé,"The car drives through the puddle, just as a cow walks between me and the road, so it splashes all over the cow & I'm fine. Cow says ""Moo!"" and I say ""Yay!""",2.1719046249106704
the runway,la piste,,1.9961887118949788
the canoe,le canot,,2.582568832
the car bonnet,le capot de voiture,picture driving around all the time with a mafia boss sitting menacingly on your car bonnet,2.093199975
the wardrobe,l'armoire,,2.5855994754367413
the fire,le feu,,1.87762421910909
the carpenter,le charpentier,"a carpenter has to keep his tools sharp…if he has nothing else, he will freeze a tear, then sharpen the tear",1.6355722086175943
the reindeer,le renne,"I ask a frenchman to paint me a Christmas card, a winter scene with a wren in it. He paints me a reindeer.",1.9588765032412376
the beaver,le castor,a beaver is happily fly-fishing by the river - he is a caster,1.8569668094105225
the door,la porte,,1.813472270965576
the lip,la lèvre,"A greek gets captured by the Egyptians and forced to convert, so he says ""I love Ra"" but it's just lip-service (pr: Lev as in 'left', re is just a roll of the tongue)",2.5096514484901937
the birthday card,la carte d'anniversaire,,2.452479863960978
the turkey,la dinde,At Christmas I have it dinned into me that the appropriate dish to eat is turkey,1.843162347
the sheet,le drap,"I'm being hanged, but as I fall through the drop, I am caught in a sheet by my friends",2.0587631852316624
the guest,l'invité,"""Come in for tea!""",1.9065904692282991
the journey,le voyage,,2.043025898654492
however,toutefois,"the trumpet player decides he's going to knuckle down and practice, however when a pretty girl walks past he gets as far as: tooot - phwoar!",1.870104020067003
grateful,reconnaissant,"The ship captain who's narrowly avoided running aground on Mont St Michel says ""I'm grateful we didn't wreck on a saint"" (saint pronounced the french way)",2.526183425839966
the hob,les plaques,"picture how grimy my hob gets, kind of like teeth get plaque",3.256710708947591
to meet (up),(se) rencontrer,"whenever I meet up with my friend Ron, he does the cups-and-balls game with me on a tray and I always lose. It's a con - a Ron-con-tray",2.5679527102749424
sorry [formal],navré,"The WW2 bomber crew phone up base & say ""Hey, we're lost - you switched off the radio nav-ray!"". ""Sorry…"" say Base.",1.8993311075510928
the traffic jam,l’embouteillage (m),"I'm in a traffic jam, meditating, when Taylor Swift knocks on my window and says boo. In my shock I drive off the bridge: Ommmm. Boo! Tay! Yaaarghe!",2.663810544543796
the back,le dos,I'm coming back from hunting carrying a doe on my back (pr: doe),1.8970593211142983
rewarding,valorisante,Valorie's aunt always pays very well for doing chores - she is very rewarding,2.386785976084256
to swallow,avaler,ave a lait = swallow a milk,2.295958139877809
the school,l'école,,4.441094517248919
the racing car,la voiture de course,,3.5234677614989103
the puppy,le chiot,"picture a circus ring-master who is a puppy and likes to really enunciate - ""and now, on with the sheeeee-ow""",2.594742017361179
the piglet,le porcelet,"Imagine Pooh thinking about Piglet and shaking his head and saying ""Poor, silly piglet""",3.0814034145646834
the boiled egg,l'œuf à la coque,the egg from the cockerel,3.3801475372712133
the trolley,le chariot,picture Ben-Hur races around Asda,2.801745703190933
clean,propre,"Imagine Honky sending Kolone back with the saucepan, saying ""Do a proper job!""",2.415516164567735
the skipping rope,la corde à sauter,picture skipping really quick on a frying pan which is also sauteeing potatoes,1.8863494564101155
following/next,suivant,"I am in Berlin meeting a german secret-agent; he notices someone following us, and mutters ""So 'e vant to follow us, eh?""",2.286914971763396
the stool,le tabouret,"The barman says ""It's time to pay your tab""; I fall off my stool, and trying to put a brave face on it say ""Tab - hurray!""",2.510626962147144
the job,le boulot,"I get a job working for a matador - when the bull's sneaking up on him I shout out ""Bull-oh!""",2.499472071
the animal droppings,les crottes (f),presumably where 'crud' comes from,2.5033089087879903
the lettuce,la laitue,"I turn up at the barbecue with nothing but a lettuce. The host looks at me disapprovingly and says ""And you're late too""",2.2558121067924444
the guinea pig,le cochon d'Inde,,2.991733143353452
the tenant,le locataire,"the landlord had a cat with very short legs - when the new tenant moves in, he inherits it, and becomes the low-cat-heir",2.072468360265096
the goat,la chèvre,the goat climbs so high up the mountain he can shove-Ra (Ra being the sun),2.9056468981283685
the Christmas tree,l'arbre de Noël,,2.245207851126505
new year’s day,le jour de l’an,"Alan Partridge would like New Year's Day to be dedicated in his honour, and called Le Jour de Alan",3.243785778681437
the mouse,la souris,,1.862653753478068
the weighlifting,la musculation,,2.132966150722724
the sail,la voile,Picture Eliza Doolittle enunciating,2.3044937311523737
the glass,le verre,,2.335844119389852
the appartment building,le immeuble,a building is immobile,3.682551472275346
the tray,le plateau,"the waiter comes out with tray, containing a cake made in an exact replica of the tibetan plateau",2.688313655295365
the kite,le cerf-volant,a flying deer (!) - picture it catching the wind with its antlers,2.351404549747884
the marbles,les billes,when you lose at marble games you have to pay the bills…which are made up of marbles,2.113599934
the firework,le feu d'artifice,Picture throwing lots of pretentious artworks on the bonfire during Fireworks Night - it is a fire of artifice,2.14493406574882
the snack,le casse-croûte,the break-crust,2.7806681563638875
tedious,barbant,the bar-banter gets more tedious as the customers get more drunk,2.9829760468480635
the news,les actualités (f),,2.5
the tongue,la langue,,2.076260138
the cart,le panier,"While cycling around France I volunteer on a farm, and they make me carry hay-bales in my panier",3.393042043403343
the swan,le cygne,"the swan is looking for a place to land, but knows it doesn't like the salt water, so says ""Sea? Nay.""",1.8194592797523328
quite a few,pas mal de,,1.99786515
(shoe) size,la pointure,"Tina turned up to her graduation dressed like a clown, with huge shoes, so they said to her ""and the point you're trying to make, is…?""",1.8043933181198328
the grocer’s,la épicerie,the spicery,1.9168707948920083
the tap,le robinet,"To fight off the robber I turn on the tap and spray it at him, shouting ""Robber - Nay!""",3.0060464822966986
the tea towel,le torchon,picture whipping a tea-towl so accurately that you can turn a torch on (so it's actually dark when you are aiming - amazing!),2.301422354156698
the wedding ceremony,les noces (f),"at the wedding the family dog gets a celebratory bone, which he gnaws (les noz is the pronunciation)",2.709147630875289
steep/stiff,raide,,1.7585839695400665
heavy,lourd,The peasant is carrying the lord of the manor on his back; he is very heavy,1.9416109181008707
the hedge,la haie,"Picture all the woodland creatures jumping up from behind the hedge shouting ""Hey!""",3.63439480884205
to get by,se débrouiller,"I feel really depressed through the night, but then the sun comes up and I make a cup of tea, and as things now don't look so bad I say to myself ""Day - Brew - yay!""",2.568879665893074
the toolbox,la boîte à outils,,1.993035793304444
the lighter,le briquet,picture lighting a cigarette with a brick,3.445994284688436
idealistic,idéaliste ,,1.8366262812013752
the chess,les échecs (m),"The brilliant chess-player from Prague has a reputation for being amazing in spite of never practicing - he is known world-wide as ""The Lazy Czech""",2.402226200850612
to fill,remplir,"the waiter gives a normal size drink to the Rum-Player, who tells him ""Fill it up!""",2.691732892283687
all of a sudden,tout à coup,"the trumpet player gets as far as his first toot, when all of a sudden Mr Cadbury's Parrot jumps out and says a coo",1.8431734723758952
the sheepdog,le berger,picture a crowd of sheep being chased round by a Big Mac,1.8922387493981248
cool/great,chouette,if your shoe eat a mugger it would be pretty cool,3.009359448765656
the spring,le printemps,,2.0799022344320472
the barn,la grange,Grange Hill was like a barn full of animals,2.358842604082845
the Thursday,le jeudi,,1.7844449060934562
the lung,le poumon,"The scotsman gets out into the countryside, takes a deep breath into his lungs, and says ""I can smell poo, mon!""",1.7055809490699056
the whale,la baleine,a whale pirouetting on it's tale looks like a ballet-plane - a balane,2.274035518155642
the wire,le fil,,1.974000059
the cushion,le coussin,,1.791941275230102
the band,le groupe,,3.079011685126655
the playing card,la carte à jouer,,3.6240339897297047
next,prochain,,2.1180509200937907
the hammer,le marteau,I dropped the hammer on mah toe!,2.209571784
seaside/bathing,balnéaire,"I'm walking along the scottish seaside for miles & miles with the Queen, and eventually I start to ask if we're near Balmoral: ""Bal-?"" ""Near!""",2.176603182250773
the pigsty,la porcherie,"I'm a guest in a really messy house, which is an absolute pigsty. Worst of all, after dinner they offer me a very poor sherry.",1.8795961351384591
the emergency exit,la sortie de secours,the emergency exit is the exit for suckers - I just jump straight out the window,3.898340719717521
the eyelid,la paupière,"The French woman remembering her dead husband says ""Even when I close my eyelids I can still see my poor Pierre…""",2.4407913456088868
odd,bizarre,,1.8675987374105223
the couch,le canapé,"while I'm sitting on the couch, the host brings out the canapes",4.299853863539519
the digger,la pelleteuse,"The other team is awarded a penalty so the Brazilians start digging up the spot, surreptitiously at first, then Pele drives out of the grandstand in a JCB - see what Pele does!",2.801126780513794
unfashionable,démodé,the fashion designer is demoted because his work is unfashionable,2.216011844936768
lazy,paresseux,"The fencing instructor is getting exasperated: ""You are being lazy! Parry, sir, goddamit!""",2.1591126831087646
the children,les enfants,,1.7577030598037382
as well,aussi bien,,2.077999947
the head,la tête,,2.1437638568133544
ugly (formal),laid,The farmer in his dinner jacket is so ugly that it scares his chickens so much they won't lay,2.471801512794352
the pocket,la poche,"I consider going for the cheap trousers, but instead opt for the posh ones with a pocket",2.6013800027241345
the onion,l'oignon,,1.5180346386979844
the brush,la brosse,,2.1191255602759465
the wheelchair,le fauteuil roulant,picture Roland from Grange Hill in a wheel-chair that is actually an armchair on wheels,3.1955274821060784
next day/following day,le lendemain,"Lend a man some money, and the next day you won't see him",3.597542848116086
the chicken,le poulet,,1.979268551
thin,mince,,1.709614027754571
the fairground,le champ de foire,,2.1780091921488443
the nail,le clou,"Picture the game Clue, in which the murder is done with a nail",2.401732134266633
the deer,le cerf,picture a medieval manor where all the serfs are deer,2.459487105159384
the living conditions,le cadre de vie,,2.933784596713972
the journey/trip,le trajet,"The gypsies are forever on a trip, but their sense of fashion is very trashy",1.8216730556524248
the chick,le poussin,The chick is trying to get out of the shell so he is pushin',2.9013621365582503
the light,la lumière,,2.0063868046552327
New Year’s Eve,la Saint-Sylvestre,"Picture Sylvester Stallone, in a white robe with a halo, carrying an M60, saying ""Happy New Year everyone"", then firing the machine-gun into the air",2.157790050798272
usually,d’habitude,,2.1366782149171955
the submarine,le sous-marin,,1.6670924723296665
the starfish,l'étoile de mer,,2.223556694147
the changing room,le vestiaire,"Everyone in the changing rooms is keen to get in the pool so change really quickly, throwing their clothes off - all you can see is a vest in the air",1.8802702682008463
the global warming,Le réchauffement climatique,Imagine a mountain which can generate a sun-ray - it shows off by warming the whole earth - it is a ray-show-off-mount,2.248399998
the shop window,la vitrine,"We are trailing around the shops, trying to find a shop-window for the Simple Pilgrim company; at the 10th one I say ""I hope this one will fit Rina""",2.152799983
the lamb,l'agneau,"I say about the lamb ""Aw, it's adorable"". The lamb turns to me & says in an exasperated, sarcastic voice, ""I KNOW!""",1.8652801513671875
the bow-tie,l'arc-cravate,picture Noah steering the ark while wearing a bow-tie,2.434183485248921
to switch on,allumer,"Sophie switches on the light in her parents' holiday home, and I remark ""A loom, eh?""",2.4030596768414534
to win [formal],remporter,"The prize for winning the REM competition is the chance to carry their kit when they're next on tour, i.e. to be an REM porter",3.2001189832334167
the fork,la fourchette,"I'm trying to get my fork into quite a tough steak, so someone says ""Force it!""",1.8506335427062988
the crisps,les chips,,1.870987488884413
exhausted,épuisé,"The chimp has escaped from years in a Candian zoo and run all the way back to Africa, so he is exhausted. The others ask him how he got back so quick ""Ape whizz, eh?""",1.616548493
the corridor,le couloir,"I run up so slide along the corridor in my socks, but it's much slipperier than I imagine and slightly downhill, so I shout ""Cool - waaaaaah!""",2.348055310618894
the ankle,la cheville,If you are on slippery ice & someone shoves your ankle you will become ill (shove-ill),2.231185059073216
the swimsuit,le maillot de bain,"The swimsuit she's wearing is a knock-out, just like a mallet.",2.3275085345524498
the puddle,la flaque d'eau,I look in the puddle and see the Union Jack waving in a reflection,3.810594667836547
the stream,le ruisseau,rushing water….rush-eau,2.271147851
the mud,la boue,The crowd start booing and throw mud at the stage,2.391039807
the pill,la pilule,"The snake-oil salesman says ""This is the pill you'll always rely on!""",2.1272422603563776
to press,appuyer,everyone needs a BA to press buttons for them that are a bit stiff,2.0
the dew,la rosée,think Homer: rosy-fingered dawn,2.4211490083499485
intentionally/on purpose,exprès,"we know he did the spelling mistake on purpose, because he is ex-press, so should know how to write",2.017795523007711
the degree (university),le diplôme,to get a degree you have to write so much that you de-plume an entire bird,2.440678301039632
the tv channel,la chaîne,the tv channel is so addictive I feel like it's a chain that binds me to the tv,2.458801293594148
the light bulb,l'ampoule,,2.279146376951241
the pumpkin,la citrouille,"The eel thinks it is the scariest thing about halloween, but I show it a Jack O'Lantern and say ""See true, eel!""",1.7761888237750243
the step (i.e. a stage or section),la étape,"as he descends the giant curving stairway in the middle of the stage, on each step the dancer does a tap",2.508007950252957
the ticket inspector,l'inspecteur de billets,picture a ticket inspector getting on the bus & thinking better of asking BA for his ticket,2.0
the engine,le moteur,,2.4816639911760663
the stairs,les escaliers,,1.9808963469000245
the Wednesday,le mercredi,,1.6085048259425183
the homeless,les sans/abri (m/f),"the homeless are so poor they can't even afford a brie, and have to have plain cheddar on their biscuits",2.7427459071237608
the watch,la montre,"To meditate you need to focus on something….you can either use your mantra, or your montre",2.138249248392172
the cleaner,la femme de ménage,,5.281428466492844
the armchair,le fauteuil,"""That's not a toy"" Mum shouts as I'm trampolining on the armchair. So, it must be a faux-toy…",1.957830305184394
the tightrope,la corde raide,We carry out a daring raid on a bank using a tightrope to get over from the building across the street,2.038768869584256
the toothpaste,le dentifrice,"after brushing his teeth, the little boy goes to his den in the tree for a midnight feast",1.912666404860433
confused,confus,,2.0196914278607854
the star,l'étoile,,2.0658334019983315
the deforestation,le déboisement,,2.0626893838246665
the saddle,la selle,Why are you so sore after you decided you were going to turn down the pony-trekking? The pony-manager gave me the hard sell.,2.7158151674049207
the helmet,le casque,picture improvising a really strong helmet out of a beer cask for when I'm testing my home-made rocket ship,1.959999933
the flour,la farine,"if you want the marine to march far, you have to provision him with flour",1.8644190526964648
surprised,etonné,"Tony Blair turns up at my desk - I say ""Hey Tony!""",2.1504716079153785
thick,épais,"the french fencer turns up with an enormous broadsword. ""I thought you said your sword was an epée.."" ""No, I said it's thick""",2.1330503995262435
unemployment,le chômage,"The unemployed man's wife says ""Make sure you don't buy butter at the shops - buy something cheaper"" He says ""sure - marge""",2.4752291691495767
the tape measure,le ruban à mesurer,picture measuring one of Rubin's models,2.630918468376668
the spider,l'araignée,a cloud is a rainer; incy-wincy-spider is a rainee,2.039238958726774
the snowboarding,la planche à neige,,3.2789870368109804
the neck,le cou,"Imagine a pigeon clinging to the back of your neck, going ""Coo!"" in your ear all day",2.2368359900817194
early (as in punctual),de bonne heure,"from a lady's point of view, the perfect suitor is both debonair & punctual",1.942000006
the scissors,les ciseaux,,1.953161403226237
the (driving) licence,le permis (de conduire),When you become a permie at Lloyds you get your car allowance so now you can drive,3.93091024042041
the network,le réseau,"Think of an optic fibre network - the optic fibre is like a thread, and with a ray of light you sew lots of computers together",2.275686944
washing machine,la machine a laver,,2.298396983253744
the wife,l'épouse,"The bantering husband introduces his wife by saying ""This is the ape whose hand I took in marriage""",2.165332467978177
the fancy dress,la robe de fantaisie,,2.167457937333578
to lick,lècher,picture a dog seeing a laser on the wall and trying to lick it,1.833058886
the tattoo,le tatouage,,1.9308494759470625
the beehive,la ruche,"I'm interrogating James Bond (Sean Connery) to find the documents. He points to a box. I open it - bees fly out and sting me. Bond says ""A ruse!""",2.282814036761516
the ring,l'anneau,,2.455999966
the salt,le sel,the salter is the salt sel-er,1.615902025701294
the breakfast,le petit déjeuner,,2.8035988285853684
the duvet,la couette,"The pigeon, looking at my duvet stuffed with pigeon feathers, asks me what I did with the rest of his friends. Coo? Et.",2.2889664361011937
the bear,l'ours,"In Alaska you won't need an 'earse, because you will be buried in the bear. Because it eats you.",2.1090293671940104
to slow down,ralentir,relent,2.439685529539673
the duck,le canard,the duck that crashed into a window in Salisbury was as hard as a tin-can - she was can-'ard,2.6957884366907146
the breakdown lorry,le camion de dépannage,I've slid off the road into a giant frying pan! I need a lorry of de-pannage,2.358456638124254
"the laundry (act, not place)",la lessive,imagine trying to do the laundry in the sieve (in french maybe le sieve),2.0775180155824287
the plough,la charrue,the plough is useful because it can shear-roo(ts),1.921187241872152
the timetable,l’horaire (m),"I go inter-railing with a girl called Laura, who is useful because she has memorised all the timetables",2.0
the ring (jewellery),la bague,"""Secure the bag!"" says Andrew Yang, flashing everyone his handful of expensive rings to show he knows about getting money",2.61787132232434
gifted/talented,doué,Douai gifted several communities of monks to England,2.399239052773144
the ice cream,la glace,,2.7730395269964903
the tea,le thé,,1.8781090034717205
the clock,l'horloge,"It's getting really late; the inn-keeper says to me that I'm either going to have to leave, or lodge",1.848844795626384
the motorbike,la moto,,2.315942717065267
to upload/download,télécharger,uploading a video onto Youtube is like charging it up with telly,2.640845616658529
the seaweed,les algues,,1.9148569315720625
the coat,le manteau,"It's cold so I put a coat on, but because I'm a MAN I just put it on my TOE",2.068604744896403
the hen house,le poulailler,"A hen-house is where new chickens are laid, so it is the poule-layer",2.0662321185394696
the walking stick,la canne,,2.5887705087661743
comfortable with,à l'aise de,at ease of,2.5401501060921223
the abduction/kidnapping,l’enlèvement (m),"the rich man has been kidnapped by a gang of working-class communists, who are holding him in their machining factory, on Lathe Mount",1.9802371660868328
the straw,la paille,Picture Henry fixing the pail with straw,4.255203644434611
the pear,la poire,,2.334188302357992
the goldfish,le poisson rouge,,2.6211485862731934
the button hole,le trou de bouton,you throw the button into the hole,1.949087496918172
the lion cub,le lionceau,"since the lion cub is so young he can't go out hunting yet, but has to stay in with his mother and sew",2.5931694930990576
sturdy (of a person),costaud,"think of that sturdy Frenchman, Jacques Cousteau",2.1129760671723767
the chest (part of body),la poitrine,,1.927539306128418
the labourer,l’ouvrier (m),"the labourer exhibits his ditch in the Tate Modern, and says ""It is my ouvre""",3.074168740199218
I don’t mind,ça m’est égal,"A friend tells a girl about her old boyfriend, ""Sam met a girl""; she's over him so she replies ""I don't mind""",3.1425069791299323
the potatoes,les pommes de terre,,2.0171411954800416
the hiking,la randonnée,"to go hiking, just go out of the house and start walking randomly",2.170152516484863
the hang-gliding,le deltaplane,,2.0876553910453404
the dressing table,la coiffeuse,"a cat on the dressing table, throws up a hair-ball then indignantly points at it and says ""Cough! Whose?""",2.4397315622019446
the sink,l'evier,when you carry everything including the kitchen sink it is 'eavier,2.293168553
the bridge,le pont,,2.2273029467968413
the notebook,le cahier,"The police-man has written all my details down in his notebook. I grab it and shout ""Yippee-kay-yay Copper!"" as I floor it & speed off.",1.789955091498142
the meat,la viande,"the Alien lizard person is eating human meat. Someone asks ""who do you think you are to be eating people?"". He answers ""V. And?""",2.3509843452829995
to replace,remplacer,"I play Michael Stipe a few chords on the guitar; he gets really excited and says ""You're good enough to play in the REM place at the festival""",1.6513985866281058
in my opinion,à mon avis,,3.691751910957304
the bread,le pain,,2.3345453579585773
the shoelace,le lacet,"""How can I fasten my shoe?"" I ask. He replies ""Lace it!""",1.950295933970699
the drawing,le dessin,,2.299373298069377
to waste,gâcher,"the oil drillers are ready with lots of buckets to capture the oil, but as the drill breaks through, there's just a hissing - the boss says ""Gas, eh? What a waste!""",4.666666666666667
the knife,le couteau,"As a karate expert I am called on to break a concrete block. But it's just one so it's easy so I say ""cue-toe!""",2.2063461674584284
to tear (up/apart),déchirer,"The robot-maker is showing his new sheep-shearing robots. The farmer watches the massive robots grab the sheep and tear them up, and says ""They shear, eh?""",2.1809573350129305
in turn,à tour de rôle,"in a board game where we take turns, the dice does a tour of roll around the players",3.0816345244278143
the nest,le nid,"As I'm snoozing on the bench, a bird builds a nest on my knee and lays some eggs there. So I have to sit still until they hatch.",1.8156492744730632
actually / indeed,effectivement,"Picture a french person saying it in the same obnoxious way an English might say ""Ak-choo-ally""",3.003746668497721
the jar,le pot,,2.9052526774229825
the boots,les bottes,picture walking around in robot boots - my 'bots,1.655632471
the beak,le bec,,2.2898371273048914
the teaspoon,la cuillère à café,,2.647215254507853
first of all,d’abord,"if you want to be a big-game hunter, first of all you must hunt da boar",3.150393468362314
the washing powder,la poudre de lavage,,3.238082311582723
the polar bear,l'ours polaire,,2.5896700936738943
the sting,la piqûre,"I'm trying to ignore a wasp, which he takes exception to. He stings me, and says ""Did that pique your interest?""",4.892011415535401
of course/naturally,bien entendu,,2.261796277706584
the roller (painting),le rouleau,picture King Rollo painting his house,1.879846596040201
the race,la course,,1.868916387
to amaze,émerveiller,"in order to amaze the congregation, the priest creates a curtain of scentred smoke - a myrrh veil",1.828917188073772
the spaceship,le vaisseau spatial,At the children's hospital when they need to give stitches on a kid's face they use a special needle that looks like a rocket,2.5109125749766306
the swimming,la nage,,1.7425948751524298
the eyebrow,le sourcil,Raising the eyebrow can be saucy,2.528321569720703
the big wheel,la grande roue,,1.942133756
the brewery,la brasserie,Think of the giant brass vats of fermentation,2.5545802376553954
the dice,les dés,I play dice so long that now it is day,2.242126832320109
the blackboard,le tableau,Imagine the difference between giving a presentation in the 1950's using a blackboard & today using,2.267863273620605
the electric socket,la prise,"I ask the Chinese guy if he knows where I can plug-in my phone. He indicates his own socket, and says ""Preeze""",4.75862788396261
the soap,le savon,The soap is really dangerous on the floor because it's so slippery. So I put it up on the shelf - it's safe on the shelf,2.099611441294352
the puppet,la marionnette,,2.361454073304525
the ski pole,le bâton de ski,A marching band skiing down the hill with the majoretter twirling her ski-stick as a baton,2.0104480584462485
the seed,la graine,the Gran is the seed of the family tree,2.4930550571238066
I'm still here,je suis toujours ici,,2.250705039285604
the donkey,l'âne,Imagine the donkey talking like Arnie,1.8501615524291992
the air conditioning,la climatisation,,3.848265406766724
the information,les renseignements (m),"The Spanish peasants are so impressed by all the information that the English tourist knows that they give him the village donkey and say ""Ron Senor - mount!""",2.3240494048516167
the basket,le panier,,2.293171927728733
the wastepaper bin,la corbeille à papier,"I look in the wastepaper bin and it's full of Michael Bay DVD's - I say ""Cor, Bay!""",3.9783617491911794
the umbrella,le parapluie,A paratrooper does a succesful jump with just an umbrella. How did it catch as much wind as a parachute? The para blew 'e,2.172165874326701
the lemon,le citron,,3.074659024370238
the mouth,la bouche,The great power of Noel Fielding is his mighty bouche,2.0095953796350505
the nightdress,la nuisette,"think ""night-set"", but in french, so ""nuit-set""",2.5645965594908824
to spend (money),dépenser,Hugh le Dépenser = ancestor of Diana Spender,2.669170304932699
the trowel,la truelle,,1.9008955917559407
the roller blades,les lames de rouleau,picture lambs on rollers,1.99600004
the toy,le jouet,,2.364935542654216
